    {
    
    "作者":"荷城茶秀",
    
    "站名":"万达影视",
    
    "主页url":"https://www.w1988.cc/",
    
    "简介":"请勿相信影片中的广告，以免上当受骗。+<p&&</p>",
    
    "导演":"导演：&&</div>",
    
    "主演":"主演：&&</div>",
    
    "影片类型":"module-info-tag\">&&立即播放",
    
    "影片地区":"未知",
    
    "影片年代":"无年份",
    
    "二次截取":"<ul class=\"list\"&&</ul>",
    
    "数组":"<a&&</a>",
    
    "图片":"url(&&)",
    
    "标题":"text-one-line\">&&",
    
    "链接":"href=\"&&\"",
    
    "副标题":"play-icon\">&&</span>",
    
    "搜索模式":"1",
    
    "搜索url":"/index.php/vod/search/wd/{wd}.html",
    
    "搜索数组":"content\">&&</a>",
    
    "搜索标题":"text-one-line\">&&</div>",
    
    "搜索图片":"url(&&)",
    
    "线路数组":"data-dropdown-value=&&</div>",
    
    "线路标题":"🌸+<span>&&</small>",
    
    "分类url":"https://www.w1988.cc/index.php/vod/show/by/{by}/id/{cateId}/page/{catePg}.html;;ak",
    
    "分类":"独播新剧$64#电影$1#电视剧$2#综艺$3#动漫$4"}