{
  "classes": [
{"type_name": "抖音合集","type_id":"抖音合集"},
{"type_name": "快手美女合集","type_id":"快手美女合集"},
{"type_name": "4K小姐姐","type_id": "4K小姐姐"},
{"type_name": "小姐姐","type_id":"小姐姐超清"},
{"type_name": "黑丝","type_id":"黑丝"},
{"type_name": "超短裤","type_id":"超短裤"},
{"type_name": "超短裙","type_id":"超短裙"},
{"type_name": "牛仔裤","type_id":"牛仔裤"},
{"type_name": "选美","type_id":"选美"},
{"type_name": "模特","type_id":"模特"},
{"type_name": "泳装秀","type_id":"泳装秀"},
{"type_name": "内衣秀","type_id":"内衣秀"},
{"type_name": "练习室","type_id":"练习室"},
{"type_name": "美女舞蹈","type_id":"美女舞蹈"},
{"type_name": "舞蹈综合","type_id":"舞蹈综合"},
{"type_name": "舞蹈教程","type_id":"舞蹈教程"},
{"type_name": "古风舞蹈","type_id":"古风舞蹈"},
{"type_name": "印度歌舞","type_id":"印度歌舞"},
{"type_name": "明星舞蹈","type_id":"明星舞蹈"},
{"type_name": "韩舞","type_id":"韩舞"},
{"type_name": "古典舞","type_id":"古典舞"},
{"type_name": "翻跳","type_id":"翻跳"},
{"type_name": "中国舞","type_id":"中国舞"},
{"type_name": "古风舞","type_id":"古风舞"},
{"type_name": "现代舞","type_id":"现代舞"},
{"type_name": "爵士舞","type_id":"爵士舞"},
{"type_name": "芭蕾","type_id":"芭蕾"},
{"type_name": "宅舞","type_id": "宅舞"},
{"type_name": "街舞","type_id": "街舞"},
{"type_name": "编舞","type_id":"编舞"},
{"type_name": "POPPING","type_id":"POPPING"},
{"type_name": "桃源恋歌","type_id":"桃源恋歌"},
{"type_name": "新宝岛","type_id":"新宝岛"},
{"type_name": "拉丁舞","type_id":"拉丁舞"},
{"type_name": "蹦迪","type_id":"蹦迪"},
{"type_name": "民族舞","type_id":"民族舞"},
{"type_name": "抖肩舞","type_id":"抖肩舞"},
{"type_name": "齐舞","type_id":"齐舞"},
{"type_name": "机械舞","type_id":"机械舞"},
{"type_name": "广场舞","type_id":"广场舞"},
{"type_name": "极乐净土","type_id":"极乐净土"},
{"type_name": "BDF","type_id":"BDF"}
  ],
 "cookie": "SESSDATA=7624af93%2C1696008331%2C862c8%2A42; bili_jct=141a474ef3ce8cf2fedf384e68f6625d; DedeUserID=3493271303096985; DedeUserID__ckMd5=212a836c164605b7"  
}