    {
    
    "作者":"荷城茶秀",
    
    "站名":"子子影视",
    
    "主页url":"https://www.ziziys.com",
    
    "简介":"【荷城茶秀】提醒您请勿相信影片中的广告，以免上当受骗！欢迎加入QQ交流群：869277279，公众号：日后魔改，获取更多影视资源。+video-info-item video-info-content vod_content\"&&</span>",
    
    "导演":"导演：&&</div>",
    
    "主演":"主演：&&</div>",
    
    "影片类型":"tag-link\">&&立即播放",
    
    "影片状态":"集数：&&</div>",
    
    "数组":"module-item-cover\">&&module-item\">",
    
    "副标题":"module-item-text\">&&</div>",
    
    "链接":"href=\"&&\"",
    
    "标题":"title=\"&&\"",
    
    "图片":"data-src=\"&&\"",
    
    "搜索url":"/vsearch/{wd}--{pg}.html",
    
    "搜索模式":"1",
    
    "搜索数组":"<img class=\"lazy lazyload&&</h3>",
    
    "搜索图片":"data-src=\"&&\"",
    
    "搜索标题":"alt=\"&&\"",
    
    "搜索链接":"href=\"&&\"",
    
    "搜索副标题":"title=*>&&</a>",
    
    "搜索后缀":"/video/",
    
    "线路数组":"data-dropdown-value=&&</div>",
    
    "线路标题":"荷城茶秀接口-+<span>&&</small>[替换:</span><small>>>>🌸共]+集🌸",
    
    "播放数组":"<div class=\"sort-item\"&&</div>",
    
    "导演":"导演：&&</div>",
    
    "主演":"主演：&&</div>",
    
    "简介":"<div class=\"video-info-item video-info-content vod_content\">&&</div>",
    
    "影片类型":"icon-cate-ds\"&&立即播放",
    
    "影片状态":"集数：&&</div>",
    
    "播放列表":"<a&&</a>",
    
    "播放标题":"<span>&&</span>",
    
    "播放链接":"href=\"&&\"",
        
    "分类url":"https://www.ziziys.com/list/{cateId}-{catePg}.html;;akx",
    
    "分类":"电影$1#国产剧$13#动漫$3#美剧$14#日韩剧$15"}