    {
    
    "作者":"荷城茶秀",
    
    "站名":"干饭影视",
    
    "主页url":"https://gfysys.cc/",
    
    "简介":"【荷城茶秀】提醒您请勿相信影片中的广告，以免上当受骗！欢迎加入QQ交流群：869277279，公众号：日后魔改，获取更多影视资源。+<p class=\"col-pd\"&&干饭影视不参与",
    
    "影片类型":"类型：&&</span>",
    
    "数组":"ewave-vodlist__thumb lazyload\"&&</div>",
    
    "线路数组":"data-toggle=&&</li>",
    
    "线路标题":"🌸荷城茶秀接口🌸+>&&</a>[替换:（失效快）>>空#高清>>空#资源>>空#（>>共#）>>集]",
    
    "分类url":"https://gfysys.cc/vodshow/{cateId}-{area}--{class}-----{catePg}---{year}.html;;akm0",
    
    "分类":"电影$1#电视剧$2#综艺$3#动漫$4"}