    {
    
    "作者":"荷城茶秀",
    
    "站名":"干饭影视",
    
    "主页url":"https://gfysys.cc/",
    
    "简介":"【4K版影音天堂App】下载地址tvbox.vip公众号：影音天堂。。+<p class=\"col-pd\"&&干饭影视不参与",
    
    "影片类型":"类型：&&</span>",
    
    "数组":"ewave-vodlist__thumb lazyload\"&&</div>",
    
    "线路数组":"data-toggle=&&</li>",
    
    "线路标题":"🌸荷城茶秀接口🌸+>&&</a>[替换:（失效快）>>空#高清>>空#资源>>空#（>>共#）>>集]",
    
    "分类url":"https://gfysys.cc/vodshow/{cateId}-{area}--{class}-----{catePg}---{year}.html;;akm0",
    
    "分类":"电影$1#电视剧$2#综艺$3#动漫$4"}
