{
  "classes": [
    {
      "type_name": "内衣",
      "type_id": "内衣"
    },
    {
      "type_name": "男生搭配",
      "type_id": "男生搭配"
    },
    {
      "type_name": "女生搭配",
      "type_id": "女生搭配"
    },
    {
      "type_name": "裙子",
      "type_id": "裙子"
    },
    {
      "type_name": "紧身裤",
      "type_id": "紧身裤"
    },
   {
      "type_name": "吊带衫",
      "type_id": "吊带衫"
    },
    
    {
      "type_name": "娃娃衣",
      "type_id": "娃娃衣"
    },
 {
      "type_name": "牛仔裙",
      "type_id": "牛仔裙"
    },
     {
      "type_name": "丝袜",
      "type_id": "丝袜"
    },
    
    {
      "type_name": "雪纺",
      "type_id": "雪纺衣服"
    },
 {
      "type_name": "礼服",
      "type_id": "礼服"
    },

     {
      "type_name": "裤子",
      "type_id": "裤子"
    },
    
    {
      "type_name": "西装",
      "type_id": "西装"
    },
 {
      "type_name": "领带",
      "type_id": "领带"
    },
    {
      "type_name": "衬衫",
      "type_id": "衬衫"
    },
    
    {
      "type_name": "卫衣",
      "type_id": "卫衣"
    },
 {
      "type_name": "T恤",
      "type_id": "T恤"
    },

    {
      "type_name": "Polo衫",
      "type_id": "Polo衫"
    }
  ],
  "cookie": "SESSDATA=7624af93%2C1696008331%2C862c8%2A42; bili_jct=141a474ef3ce8cf2fedf384e68f6625d; DedeUserID=3493271303096985; DedeUserID__ckMd5=212a836c164605b7",  
  "filter": {
"男生搭配": [
{"key": "order","name": "排序","value": [
{"n": "综合排序","v": "0"},
{"n": "最多点击","v": "click"},
{"n": "最新发布","v": "pubdate"},
{"n": "最多弹幕","v": "dm"},
{"n": "最多收藏","v": "stow"}
]
},
   {
        "key": "tid",
        "name": "分类",
        "value": [
          {
            "n": "裤子",
            "v": "裤子"
          },
           {
            "n": "T恤",
            "v": "T恤"
          },
          {
            "n": "卫衣",
            "v": "卫衣"
            },

               {
            "n": "牛仔衣",
            "v": "牛仔衣"
          },
          {
            "n": "领带",
            "v": "领带"
          },
          {
            "n": "西装",
            "v": "西装"
          },
          {
            "n": "运动装备",
            "v": "运动装备"
          }
          
            ]
            },

{"key": "duration","name": "时长","value": [
{"n": "全部时长","v": "0"},
{"n": "60分钟以上","v": "4"},
{"n": "30~60分钟","v": "3"},
{"n": "10~30分钟","v": "2"},
{"n": "10分钟以下","v": "1"}

]
}
],



"女生搭配": [
{"key": "order","name": "排序","value": [
{"n": "综合排序","v": "0"},
{"n": "最多点击","v": "click"},
{"n": "最新发布","v": "pubdate"},
{"n": "最多弹幕","v": "dm"},
{"n": "最多收藏","v": "stow"}
]
},
   {
        "key": "tid",
        "name": "分类",
        "value": [
          {
            "n": "内衣",
            "v": "内衣"
          },
           {
            "n": "裙子",
            "v": "裙子"
          },
          {
            "n": "裤子",
            "v": "裤子"
            },

               {
            "n": "卫衣",
            "v": "卫衣"
          },
          {
            "n": "雪纺衣服",
            "v": "雪纺衣服"
          },
          {
            "n": "丝袜",
            "v": "丝袜"
          },
          {
            "n": "牛仔裙",
            "v": "牛仔裙"
          }
          
            ]
            },

{"key": "duration","name": "时长","value": [
{"n": "全部时长","v": "0"},
{"n": "60分钟以上","v": "4"},
{"n": "30~60分钟","v": "3"},
{"n": "10~30分钟","v": "2"},
{"n": "10分钟以下","v": "1"}

]
}
]
}
}