{"spider": "./custom_spider_20240725.tms;md5;c832dbeeadf8b178f682ab9a8ea3d5f6", "wallpaper": "", "warningText": "插兜免费整理维护：资源来自网络，无盈利，纯技术分享，如有冒犯请联系删除。[所有内容仅供学习使用，请勿用于违法及商业用途，请勿付费购买]", "lives": [{"name": "live", "type": 0, "url": "响应政府号召, 加强行业自律,时光机数据源从23年11月21日起不提供直播服务。", "playerType": 1, "ua": "okhttp/3.12.13", "epg": "", "logo": ""}], "logo": "https://www.lintech.work/static/img/Sunflower.gif", "ads": [], "sites": [{"key": "码上时光机", "name": "🚖本地版时光机💢v20240725-302", "type": 3, "api": "csp_Douban", "searchable": 0, "quickSearch": 0, "filterable": 1}, {"key": "📺 电视直播 | JAR", "name": "📺 电视直播 | JAR", "type": 3, "api": "csp_Live2Vod", "searchable": 0, "changeable": 0, "ext": "./sites/码上/remote_live.json"}, {"key": "📺 游戏直播 | JAR", "name": "📺 游戏直播 | JAR", "type": 3, "api": "csp_JustLive", "searchable": 0, "quickSearch": 0, "filterable": 0}, {"key": "😼 网飞猫 | JAR", "name": "😼 网飞猫 | JAR", "type": 3, "api": "csp_NCat", "searchable": 1, "filterable": 1}, {"key": "🍀 RARBT | JAR", "name": "🍀 RARBT | JAR", "type": 3, "api": "csp_Rarbt", "searchable": 1, "quickSearch": 1, "filterable": 1, "ext": {"siteUrl": "https://www.rarbt.fun", "jxToken": "tm://tm/jxToken.txt", "enableJX": true}}, {"key": "🧲 电影港 | JAR", "name": "🧲 电影港 | JAR", "type": 3, "api": "csp_DyGang", "searchable": 1, "quickSearch": 1, "filterable": 1}, {"key": "🧲 迅雷吧 | JAR", "name": "🧲 迅雷吧 | JAR", "type": 3, "api": "csp_Xunlei8", "searchable": 0, "quickSearch": 0, "filterable": 1}, {"key": "🧲 6V | JAR", "name": "🧲 6V | JAR", "type": 3, "api": "csp_SixV", "searchable": 1, "quickSearch": 1, "filterable": 1, "ext": "https://www.66ss.org/"}, {"key": "⚽ 看球 | JAR", "name": "⚽ 看球 | JAR", "type": 3, "api": "csp_Kanqiu", "style": {"type": "list"}, "searchable": 0, "quickSearch": 0, "changeable": 0}, {"key": "⚽ 88看球 | JS", "name": "⚽ 88看球 | JS", "type": 3, "api": "./sites/码上/merge.min.js", "ext": "./sites/码上/88.js", "style": {"type": "list"}, "searchable": 0, "quickSearch": 0, "changeable": 0}, {"key": "⚽ 球迷 | JS", "name": "⚽ 球迷 | JS", "type": 3, "api": "./sites/码上/merge.min.js", "ext": "./sites/码上/jrk.js", "style": {"type": "list"}, "searchable": 0, "quickSearch": 0, "changeable": 0}, {"key": "⚽ 310看球 | JS", "name": "⚽ 310看球 | JS", "type": 3, "api": "./sites/码上/merge.min.js", "ext": "./sites/码上/310.js", "style": {"type": "list"}, "searchable": 0, "quickSearch": 0, "changeable": 0}, {"key": "🚀PPT | JAR", "name": "🚀PPT | JAR", "type": 3, "api": "csp_PPT", "searchable": 1, "quickSearch": 1, "changeable": 1, "ext": {"c": "19", "year": "2024"}}, {"key": "🚀夸克 | 分享", "name": "🚀夸克 | 分享", "type": 3, "api": "csp_QuarkShare", "searchable": 0, "quickSearch": 0, "filterable": 1, "style": {"type": "list", "ratio": 1.1}, "ext": "tm://tm/quark.txt"}, {"key": "🚀 夸克 | 短剧搜", "name": "🚀 夸克 | 短剧搜", "type": 3, "api": "csp_Duanjuso", "searchable": 0, "quickSearch": 0, "filterable": 1, "ext": "tm://tm/quark.txt"}, {"key": "🚀 短剧吧 | JAR", "name": "🚀 短剧吧 | JAR", "type": 3, "api": "csp_XBPQ", "playerType": "2", "searchable": 1, "quickSearch": 1, "filterable": 1, "ext": "./sites/码上/duan8.json"}, {"key": "🚀 短剧驿站 | JAR", "name": "🚀 短剧驿站 | JAR", "type": 3, "api": "csp_XBPQ", "playerType": "2", "searchable": 1, "quickSearch": 1, "filterable": 1, "ext": "./sites/码上/duan1.json"}, {"key": "🚀 火狐 | T4", "name": "🚀 火狐 | T4", "type": 1, "style": {"type": "rect", "ratio": 0.8}, "api": "https://hhzyapi.com/api.php/provide/vod/?ac=list", "searchable": 0, "quickSearch": 0, "filterable": 1, "categories": ["动作片", "喜剧片", "爱情片", "科幻片", "恐怖片", "剧情片", "战争片", "悬疑片", "犯罪片", "奇幻片", "记录片", "动画片", "内地剧", "香港剧", "台湾剧", "日剧", "韩剧", "欧美剧", "马泰剧", "大陆综艺", "港台综艺", "日韩综艺", "欧美综艺", "中国动漫", "日本动漫", "欧美动漫"]}, {"key": "🚀 虎虎 | JAR", "name": "🚀 虎虎 | JAR", "type": 3, "api": "csp_XBPQ", "playerType": "2", "searchable": 1, "quickSearch": 1, "filterable": 1, "ext": "./sites/码上/hh.json"}, {"key": "🚀 美柏 | JAR", "name": "🚀 美柏 | JAR", "type": 3, "api": "csp_XBPQ", "playerType": "2", "searchable": 1, "quickSearch": 1, "filterable": 1, "ext": "./sites/码上/mb.json"}, {"key": "🚀 Vid | JAR", "name": "🚀 Vid | JAR", "type": 3, "api": "csp_XBPQ", "playerType": "2", "searchable": 1, "quickSearch": 1, "filterable": 1, "ext": "./sites/码上/vid.json"}, {"key": "🚀 卫总 | JAR", "name": "🚀 卫总 | JAR", "type": 3, "api": "csp_XBPQ", "playerType": "2", "searchable": 1, "quickSearch": 1, "filterable": 1, "ext": "./sites/码上/wz.json"}, {"key": "🚀 皮皮 | JAR", "name": "🚀 皮皮 | JAR", "type": 3, "api": "csp_XBPQ", "playerType": "2", "searchable": 1, "quickSearch": 1, "filterable": 1, "ext": "./sites/码上/pp.json"}, {"key": "🚀 可可 | JAR", "name": "🚀 可可 | JAR", "type": 3, "api": "csp_XBPQ", "playerType": "2", "searchable": 1, "quickSearch": 1, "filterable": 1, "ext": "./sites/码上/kk.json"}, {"key": "🚀 9527 | JAR", "name": "🚀 9527 | JAR", "type": 3, "api": "csp_XBPQ", "playerType": "2", "searchable": 1, "quickSearch": 1, "filterable": 1, "ext": "./sites/码上/9527.json"}, {"key": "🚀 七猫 | JAR", "name": "🚀 七猫 | JAR", "type": 3, "api": "csp_XBPQ", "playerType": "2", "searchable": 1, "quickSearch": 1, "filterable": 1, "ext": "./sites/码上/7m.json"}, {"key": "🚀 FREEOK | JAR", "name": "🚀 FREEOK | JAR", "type": 3, "api": "csp_XBPQ", "playerType": "2", "searchable": 1, "quickSearch": 1, "filterable": 1, "ext": "./sites/码上/freeok.json"}, {"key": "🚀 低端 | JAR", "name": "🚀 低端 | JAR", "type": 3, "api": "csp_XBPQ", "playerType": "2", "searchable": 1, "quickSearch": 1, "filterable": 1, "ext": "./sites/码上/ddys.json"}, {"key": "🚀 农民 | JAR", "name": "🚀 农民 | JAR", "type": 3, "api": "csp_XBPQ", "playerType": "2", "searchable": 1, "quickSearch": 1, "filterable": 1, "ext": "./sites/码上/nmys.json"}, {"key": "🚀 白白 | JAR", "name": "🚀 白白 | JAR", "type": 3, "api": "csp_XBPQ", "playerType": "2", "searchable": 1, "quickSearch": 1, "filterable": 1, "ext": "./sites/码上/sbb.json"}, {"key": "🚀 白嫖 | JAR", "name": "🚀 白嫖 | JAR", "type": 3, "api": "csp_XBPQ", "playerType": "2", "searchable": 1, "quickSearch": 1, "filterable": 1, "ext": "./sites/码上/baipiao.json"}, {"key": "🚀 CT | JAR", "name": "🚀 CT | JAR", "type": 3, "api": "csp_XBPQ", "playerType": "2", "searchable": 1, "quickSearch": 1, "filterable": 1, "ext": "./sites/码上/ct.json"}, {"key": "🚀 大中国 | JAR", "name": "🚀 大中国 | JAR", "type": 3, "api": "csp_XBPQ", "playerType": "2", "searchable": 1, "quickSearch": 1, "filterable": 1, "ext": "./sites/码上/dzg.json"}, {"key": "🚀 雪儿 | JAR", "name": "🚀 雪儿 | JAR", "type": 3, "api": "csp_XBPQ", "playerType": "2", "searchable": 1, "quickSearch": 1, "filterable": 1, "ext": "./sites/码上/xr.json"}, {"key": "🚀 七味 | JAR", "name": "🚀 七味 | JAR", "type": 3, "api": "csp_XBPQ", "playerType": "2", "searchable": 1, "quickSearch": 1, "filterable": 1, "ext": "./sites/码上/7w.json"}, {"key": "🚀 星辰 | JAR", "name": "🚀 星辰 | JAR", "type": 3, "api": "csp_XBPQ", "playerType": "2", "searchable": 1, "quickSearch": 1, "filterable": 1, "ext": "./sites/码上/7w.json"}, {"key": "🚀 文才 | JAR", "name": "🚀 文才 | JAR", "type": 3, "api": "csp_XBPQ", "playerType": "2", "searchable": 1, "quickSearch": 1, "filterable": 1, "ext": "./sites/码上/wc.json"}, {"key": "🚀 文才 | JAR", "name": "🚀 文才 | JAR", "type": 3, "api": "csp_XBPQ", "playerType": "2", "searchable": 1, "quickSearch": 1, "filterable": 1, "ext": "./sites/码上/wc.json"}, {"key": "🚀 立波 | JAR", "name": "🚀 立波 | JAR", "type": 3, "api": "csp_XBPQ", "playerType": "2", "searchable": 1, "quickSearch": 1, "filterable": 1, "ext": "./sites/码上/lb.json"}, {"key": "🚀 立波 | JAR", "name": "🚀 立波 | JAR", "type": 3, "api": "csp_XBPQ", "playerType": "2", "searchable": 1, "quickSearch": 1, "filterable": 1, "ext": "./sites/码上/lb.json"}, {"key": "🚀 视觉 | JAR", "name": "🚀 视觉 | JAR", "type": 3, "api": "csp_XBPQ", "playerType": "2", "searchable": 1, "quickSearch": 1, "filterable": 1, "ext": "./sites/码上/sj.json"}, {"key": "🚀 威士 | JAR", "name": "🚀 威士 | JAR", "type": 3, "api": "csp_XBPQ", "playerType": "2", "searchable": 1, "quickSearch": 1, "filterable": 1, "ext": "./sites/码上/ws.json"}, {"key": "🚀 机器 | JAR", "name": "🚀 机器 | JAR", "type": 3, "api": "csp_XBPQ", "playerType": "2", "searchable": 1, "quickSearch": 1, "filterable": 1, "ext": "./sites/码上/jq.json"}, {"key": "🚀 老王 | JAR", "name": "🚀 老王 | JAR", "type": 3, "api": "csp_XBPQ", "playerType": "2", "searchable": 1, "quickSearch": 1, "filterable": 1, "ext": "./sites/码上/lw.json"}, {"key": "🚀 酒吧 | JAR", "name": "🚀 酒吧 | JAR", "type": 3, "api": "csp_XBPQ", "playerType": "2", "searchable": 1, "quickSearch": 1, "filterable": 1, "ext": "./sites/码上/98.json"}, {"key": "🚀 TVB | JAR", "name": "🚀 TVB | JAR", "type": 3, "api": "csp_XBPQ", "playerType": "2", "searchable": 1, "quickSearch": 1, "filterable": 1, "ext": "./sites/码上/tvb.json"}, {"key": "🚀 疯狗 | JAR", "name": "🚀 疯狗 | JAR", "type": 3, "api": "csp_XBPQ", "playerType": "2", "searchable": 1, "quickSearch": 1, "filterable": 1, "ext": "./sites/码上/fg.json"}, {"key": "🚀 BP | JAR", "name": "🚀 BP | JAR", "type": 3, "api": "csp_XBPQ", "playerType": "2", "searchable": 1, "quickSearch": 1, "filterable": 1, "ext": "./sites/码上/bp.json"}, {"key": "🚀 影映 | JAR", "name": "🚀 影映 | JAR", "type": 3, "api": "csp_XBPQ", "playerType": "2", "searchable": 1, "quickSearch": 1, "filterable": 1, "ext": "./sites/码上/yy.json"}, {"key": "🚀 8号 | JAR", "name": "🚀 8号 | JAR", "type": 3, "api": "csp_XBPQ", "playerType": "2", "searchable": 1, "quickSearch": 1, "filterable": 1, "ext": "./sites/码上/no8.json"}, {"key": "🧸 巴士 | JAR", "name": "🧸 巴士 | JAR", "type": 3, "api": "csp_Dm84", "searchable": 1, "quickSearch": 1, "filterable": 1}, {"key": "🚀 荐片 | JAR", "name": "🚀 荐片 | JAR", "type": 3, "api": "csp_Jianpian", "searchable": 1, "quickSearch": 1, "filterable": 1}, {"key": "🧸 异界 | JAR", "name": "🧸 异界 | JAR", "type": 3, "api": "csp_Ysj", "searchable": 1, "quickSearch": 1, "changeable": 1}, {"key": "🧸 樱花 | JAR", "name": "🧸 樱花 | JAR", "type": 3, "api": "csp_Ying", "searchable": 1, "quickSearch": 1, "filterable": 1}, {"key": "🚀 荐片 | JS", "name": "🚀 荐片 | JS", "type": 3, "api": "./sites/码上/merge.min.js", "searchable": 1, "playerType": 1, "quickSearch": 1, "filterable": 1, "ext": "./sites/码上/jianpian.js"}, {"key": "🚀 影探 | JS", "name": "🚀 影探 | JS", "type": 3, "api": "./sites/码上/merge.min.js", "searchable": 1, "playerType": 1, "quickSearch": 1, "filterable": 1, "ext": "./sites/码上/yingtan.js"}, {"key": "🚀 低端 | JS", "name": "🚀 低端 | JS", "type": 3, "api": "./sites/码上/merge.min.js", "searchable": 1, "playerType": 2, "quickSearch": 1, "filterable": 1, "ext": "./sites/码上/ddys.js"}, {"key": "🚀 369 | JS", "name": "🚀 369 | JS", "type": 3, "api": "./sites/码上/merge.min.js", "searchable": 1, "playerType": 2, "quickSearch": 1, "filterable": 1, "ext": "./sites/码上/369ys.js"}, {"key": "🚀 尘落 | JS", "name": "🚀 尘落 | JS", "type": 3, "api": "./sites/码上/merge.min.js", "searchable": 1, "playerType": 2, "quickSearch": 1, "filterable": 1, "ext": "./sites/码上/clys.js"}, {"key": "🚀 NY | JS", "name": "🚀 NY | JS", "type": 3, "api": "./sites/码上/merge.min.js", "searchable": 1, "playerType": 2, "quickSearch": 1, "filterable": 1, "ext": "./sites/码上/nyyy.js"}, {"key": "🚀 中国人 | JS", "name": "🚀 中国人 | JS", "type": 3, "api": "./sites/码上/merge.min.js", "searchable": 1, "playerType": 2, "quickSearch": 1, "filterable": 1, "ext": "./sites/码上/zgr.js"}, {"key": "🚀 18哈 | JS", "name": "🚀 18哈 | JS", "type": 3, "api": "./sites/码上/merge.min.js", "searchable": 1, "playerType": 2, "quickSearch": 1, "filterable": 1, "ext": "./sites/码上/18ha.js"}, {"key": "🚀 乐鱼 | JS", "name": "🚀 乐鱼 | JS", "type": 3, "api": "./sites/码上/merge.min.js", "searchable": 1, "playerType": 2, "quickSearch": 1, "filterable": 1, "ext": "./sites/码上/leyu.js"}, {"key": "🚀 大师兄 | JS", "name": "🚀 大师兄 | JS", "type": 3, "api": "./sites/码上/merge.min.js", "searchable": 1, "playerType": 2, "quickSearch": 1, "filterable": 1, "ext": "./sites/码上/dsx.js"}, {"key": "🧸 动漫 | JS", "name": "🧸 动漫 | JS", "type": 3, "api": "./sites/码上/merge.min.js", "searchable": 0, "quickSearch": 0, "filterable": 1, "ext": "./sites/码上/blys.js"}, {"key": "🚀 NYA | JS", "name": "🚀 NYA | JS", "type": 3, "api": "./sites/码上/merge.min.js", "searchable": 1, "quickSearch": 1, "filterable": 1, "ext": "./sites/码上/NyaFun.js"}, {"key": "🚀 白白 | JS", "name": "🚀 白白 | JS", "type": 3, "api": "./sites/码上/merge.min.js", "searchable": 1, "quickSearch": 1, "filterable": 1, "ext": "./sites/码上/sbb.js"}, {"key": "🚀 农民 | JS", "name": "🚀 农民 | JS", "type": 3, "api": "./sites/码上/merge.min.js", "searchable": 1, "quickSearch": 1, "filterable": 1, "ext": "./sites/码上/nmys.js"}, {"key": "🚀 网飞 | JS", "name": "🚀 网飞 | JS", "type": 3, "api": "./sites/码上/merge.min.js", "searchable": 1, "quickSearch": 1, "filterable": 1, "ext": "./sites/码上/wftv.js"}, {"key": "🧸 Auete | JS", "name": "🧸 Auete | JS", "type": 3, "api": "./sites/码上/merge.min.js", "searchable": 1, "quickSearch": 1, "filterable": 1, "ext": "./sites/码上/Auete.js"}, {"key": "🚑 急救 | JAR", "name": "🚑 急救 | JAR", "type": 3, "api": "csp_FirstAid", "searchable": 0, "quickSearch": 0, "changeable": 0, "style": {"type": "rect", "ratio": 3.8}}, {"key": "公众号: 插兜的干货仓库", "name": "公众号: 插兜的干货仓库", "type": 3, "api": "csp_XPath", "searchable": 0, "quickSearch": 0}, {"key": "玩偶", "name": "饭->👽玩偶哥哥┃4K弹幕", "type": 3, "api": "csp_WoGG", "searchable": 1, "quickSearch": 1, "changeable": 0, "ext": {"Cloud-drive": "tvfan/Cloud-drive.txt", "from": "4k|auto", "siteUrl": "https://www.wogg.net/", "danMu": "弹"}, "jar": "./sites/饭/fan.txt"}, {"key": "YGP", "name": "饭->🚀叨观荐影┃新片", "type": 3, "api": "csp_YGP", "searchable": 0, "quickSearch": 0, "changeable": 0, "jar": "./sites/饭/fan.txt"}, {"key": "短剧", "name": "饭->🌈上头┃短剧", "type": 3, "api": "csp_Djtt", "searchable": 1, "quickSearch": 1, "changeable": 1, "jar": "./sites/饭/fan.txt"}, {"key": "酷看", "name": "饭->💡酷看┃秒播", "type": 3, "api": "csp_Kkys", "timeout": 15, "searchable": 1, "quickSearch": 1, "changeable": 1, "jar": "./sites/饭/fan.txt"}, {"key": "Lib", "name": "饭->🌟立播┃秒播", "type": 3, "api": "csp_Libvio", "searchable": 1, "quickSearch": 1, "changeable": 1, "ext": {"Cloud-drive": "tvfan/Cloud-drive.txt", "from": "4k|auto"}, "jar": "./sites/饭/fan.txt"}, {"key": "专线", "name": "饭->🚝专线┃秒播", "type": 3, "api": "csp_Zx4k", "timeout": 15, "playerType": 2, "searchable": 1, "quickSearch": 1, "changeable": 1, "jar": "./sites/饭/fan.txt"}, {"key": "小点", "name": "饭->💥小点┃多线", "type": 3, "api": "csp_Appxdys", "searchable": 1, "quickSearch": 1, "filterable": 1, "changeable": 0, "jar": "./sites/饭/fan.txt"}, {"key": "原创", "name": "饭->☀原创┃不卡", "type": 3, "api": "csp_YCyz", "timeout": 15, "playerType": 1, "searchable": 1, "quickSearch": 1, "changeable": 1, "jar": "./sites/饭/fan.txt"}, {"key": "苹果", "name": "饭->🍎苹果┃不卡", "type": 3, "api": "csp_LiteApple", "searchable": 1, "quickSearch": 1, "changeable": 1, "jar": "./sites/饭/fan.txt"}, {"key": "厂长", "name": "饭->📔厂长┃不卡", "type": 3, "api": "csp_NewCz", "timeout": 15, "playerType": 2, "searchable": 1, "quickSearch": 1, "changeable": 1, "ext": "https://www.czys.pro/", "jar": "./sites/饭/fan.txt"}, {"key": "文采", "name": "饭->💮文采┃秒播", "type": 3, "api": "csp_Jpys", "playerType": 2, "searchable": 1, "quickSearch": 1, "changeable": 1, "jar": "./sites/饭/fan.txt"}, {"key": "蛋蛋", "name": "饭->🍓蛋蛋┃多线", "type": 3, "api": "csp_Cddys", "timeout": 15, "playerType": 2, "searchable": 1, "quickSearch": 1, "changeable": 1, "jar": "./sites/饭/fan.txt"}, {"key": "zxzj", "name": "饭->🍊在线┃外剧", "type": 3, "api": "csp_Zxzj", "timeout": 15, "searchable": 1, "quickSearch": 1, "changeable": 1, "ext": "https://www.zxzjhd.com/", "jar": "./sites/饭/fan.txt"}, {"key": "低端", "name": "饭->⏮️低端┃外剧", "type": 3, "api": "csp_Ddrk", "playerType": "2", "searchable": 1, "quickSearch": 1, "changeable": 1, "jar": "./sites/饭/fan.txt"}, {"key": "贱贱", "name": "饭->🐭贱贱┃P2P", "type": 3, "searchable": 1, "quickSearch": 1, "changeable": 1, "playerType": "1", "api": "./sites/饭/drpy2.min.js", "ext": "./sites/饭/jp.js"}, {"key": "可可", "name": "饭->👻可可┃多线", "type": 3, "api": "csp_Kekys", "timeout": 15, "playerType": 2, "searchable": 1, "quickSearch": 1, "changeable": 1, "jar": "./sites/饭/fan.txt"}, {"key": "热播", "name": "饭->📺热播┃多线", "type": 3, "api": "csp_AppTT", "timeout": 15, "playerType": 2, "searchable": 1, "quickSearch": 1, "changeable": 1, "ext": "AO7TcBkd8I/B5wQc4Qma+pU=", "jar": "./sites/饭/fan.txt"}, {"key": "萌米", "name": "饭->👀萌米┃多线", "type": 3, "api": "csp_AppTT", "timeout": 15, "playerType": 1, "ext": "AO7TcBkd8Iifux0Y8Qze6tVlMg==", "jar": "./sites/饭/fan.txt"}, {"key": "南瓜", "name": "饭->🎃南瓜┃多线", "type": 3, "api": "csp_NanGua", "timeout": 15, "playerType": 2, "searchable": 1, "quickSearch": 1, "changeable": 1, "jar": "./sites/饭/fan.txt"}, {"key": "Auete", "name": "饭->🏝奥特┃无广", "type": 3, "api": "csp_Auete", "timeout": 15, "searchable": 1, "quickSearch": 1, "changeable": 1, "ext": "https://auete.pro/", "jar": "./sites/饭/fan.txt"}, {"key": "新6V", "name": "饭->🧲新6V┃磁力", "type": 3, "api": "csp_SixV", "searchable": 1, "quickSearch": 1, "changeable": 0, "ext": "https://www.xb6v.com/", "jar": "./sites/饭/fan.txt"}, {"key": "Dm84", "name": "饭->🚌巴士┃动漫", "type": 3, "api": "csp_Dm84", "searchable": 1, "quickSearch": 1, "changeable": 1, "jar": "./sites/饭/fan.txt"}, {"key": "Ysj", "name": "饭->🎀异界┃动漫", "type": 3, "api": "csp_Ysj", "searchable": 1, "quickSearch": 1, "changeable": 1, "jar": "./sites/饭/fan.txt"}, {"key": "Anime1", "name": "饭->🐾日本┃动漫", "type": 3, "api": "csp_Anime1", "searchable": 1, "quickSearch": 1, "changeable": 1, "jar": "./sites/饭/fan.txt"}, {"key": "88js", "name": "饭->⚽ 88┃看球", "type": 3, "api": "./sites/饭/drpy2.min.js", "ext": "./sites/饭/88看球.js", "style": {"type": "list"}, "searchable": 0, "quickSearch": 0, "changeable": 0}, {"key": "Jrsjs", "name": "饭->⚽ Jrs┃球迷", "type": 3, "api": "./sites/饭/drpy2.min.js", "ext": "./sites/饭/jrk.js", "style": {"type": "list"}, "searchable": 0, "quickSearch": 0, "changeable": 0}, {"key": "企鹅xp", "name": "饭->🐧鹅鹅┃体育", "type": 3, "api": "csp_XPath", "style": {"type": "list"}, "searchable": 0, "quickSearch": 0, "changeable": 0, "ext": "./sites/饭/企鹅直播.json", "jar": "./sites/饭/fan.txt"}, {"key": "酷奇", "name": "饭->🎤酷奇┃MV", "type": 3, "api": "./sites/饭/drpy2.min.js", "ext": "./sites/饭/酷奇MV.js", "style": {"type": "rect", "ratio": 1.597}, "searchable": 0, "quickSearch": 0, "changeable": 0}, {"key": "MTV", "name": "饭->🎧明星┃MV", "type": 3, "api": "csp_Bili", "style": {"type": "rect", "ratio": 1.597}, "searchable": 0, "quickSearch": 0, "changeable": 0, "ext": "./sites/饭/MTV.json", "jar": "./sites/饭/fan.txt"}, {"key": "csp_Yj1211", "name": "饭->📽️网红┃直播", "type": 3, "api": "csp_Yj1211", "playerType": "1", "searchable": 0, "quickSearch": 1, "changeable": 0, "jar": "./sites/饭/fan.txt"}, {"key": "虎牙直播js", "name": "饭->🐯虎牙┃直播", "type": 3, "api": "./sites/饭/drpy2.min.js", "ext": "./sites/饭/huya2.js", "style": {"type": "rect", "ratio": 1.755}, "playerType": "1", "searchable": 0, "quickSearch": 0, "changeable": 0}, {"key": "斗鱼js", "name": "饭->🐟斗鱼┃直播", "type": 3, "api": "./sites/饭/drpy2.min.js", "ext": "./sites/饭/斗鱼直播.js", "style": {"type": "rect", "ratio": 1.755}, "playerType": "1", "searchable": 0, "quickSearch": 0, "changeable": 0}, {"key": "聚短视频js", "name": "饭->📽️聚短┃视频", "type": 3, "api": "./sites/饭/drpy2.min.js", "ext": "./sites/饭/短视频.js", "searchable": 0, "quickSearch": 0, "changeable": 0}, {"key": "有声小说js", "name": "饭->🎧有声┃小说", "type": 3, "api": "./sites/饭/drpy2.min.js", "ext": "./sites/饭/有声小说吧.js", "style": {"type": "rect", "ratio": 1}, "searchable": 0, "quickSearch": 0, "changeable": 0}, {"key": "Aid", "name": "饭->🚑急救┃教学", "type": 3, "api": "csp_FirstAid", "searchable": 0, "quickSearch": 0, "changeable": 0, "style": {"type": "rect", "ratio": 3.8}, "jar": "./sites/饭/fan.txt"}, {"key": "米搜", "name": "饭->🦋米搜┃搜索", "type": 3, "api": "csp_MIPanSo", "searchable": 1, "quickSearch": 1, "changeable": 0, "ext": {"Cloud-drive": "tvfan/Cloud-drive.txt", "from": "4k|auto"}, "jar": "./sites/饭/fan.txt"}, {"key": "夸搜", "name": "饭->🐌夸搜┃搜索", "type": 3, "api": "csp_PanSearch", "searchable": 1, "quickSearch": 1, "changeable": 0, "ext": {"pan": "quark", "Cloud-drive": "tvfan/Cloud-drive.txt", "from": "4k|auto"}, "jar": "./sites/饭/fan.txt"}, {"key": "YiSo", "name": "饭->😹易搜┃搜索", "type": 3, "api": "csp_YiSo", "searchable": 1, "quickSearch": 1, "changeable": 0, "ext": {"Cloud-drive": "tvfan/Cloud-drive.txt", "from": "4k|auto"}, "jar": "./sites/饭/fan.txt"}, {"key": "PanSou", "name": "饭->🦊盘搜┃搜索", "type": 3, "api": "csp_PanSou", "searchable": 1, "quickSearch": 1, "changeable": 0, "ext": {"Cloud-drive": "tvfan/Cloud-drive.txt", "from": "4k|auto"}, "jar": "./sites/饭/fan.txt"}, {"key": "UpYun", "name": "饭->😻Up搜┃搜索", "type": 3, "api": "csp_UpYun", "searchable": 1, "quickSearch": 1, "changeable": 0, "ext": {"Cloud-drive": "tvfan/Cloud-drive.txt", "from": "4k|auto"}, "jar": "./sites/饭/fan.txt"}, {"key": "PanSearch", "name": "饭->🙀盘Se┃搜索", "type": 3, "api": "csp_PanSearch", "searchable": 1, "quickSearch": 1, "changeable": 0, "ext": {"Cloud-drive": "tvfan/Cloud-drive.txt", "from": "4k|auto"}, "jar": "./sites/饭/fan.txt"}, {"key": "Bili", "name": "饭->🅱哔哔┃合集", "type": 3, "api": "csp_Bili", "style": {"type": "rect", "ratio": 1.597}, "searchable": 0, "quickSearch": 0, "changeable": 0, "ext": "./sites/饭/bilibili.json", "jar": "./sites/饭/fan.txt"}, {"key": "Biliych", "name": "饭->🅱明星┃演唱会", "type": 3, "api": "csp_Bili", "style": {"type": "rect", "ratio": 1.597}, "searchable": 0, "quickSearch": 0, "changeable": 0, "ext": "./sites/饭/biliych.json", "jar": "./sites/饭/fan.txt"}, {"key": "dr_兔小贝", "name": "饭->📚儿童┃启蒙", "type": 3, "api": "./sites/饭/drpy2.min.js", "ext": "./sites/饭/%E5%85%94%E5%B0%8F%E8%B4%9D.js", "style": {"type": "rect", "ratio": 1.597}, "searchable": 0, "quickSearch": 0, "changeable": 0}, {"key": "少儿教育", "name": "饭->📚少儿┃教育", "type": 3, "api": "csp_Bili", "style": {"type": "rect", "ratio": 1.597}, "searchable": 0, "quickSearch": 0, "changeable": 0, "ext": "./sites/饭/少儿教育.json", "jar": "./sites/饭/fan.txt"}, {"key": "小学课堂", "name": "饭->📚小学┃课堂", "type": 3, "api": "csp_Bili", "style": {"type": "rect", "ratio": 1.597}, "searchable": 0, "quickSearch": 0, "changeable": 0, "ext": "./sites/饭/小学课堂.json", "jar": "./sites/饭/fan.txt"}, {"key": "初中课堂", "name": "饭->📚初中┃课堂", "type": 3, "api": "csp_Bili", "style": {"type": "rect", "ratio": 1.597}, "searchable": 0, "quickSearch": 0, "changeable": 0, "ext": "./sites/饭/初中课堂.json", "jar": "./sites/饭/fan.txt"}, {"key": "高中教育", "name": "饭->📚高中┃课堂", "type": 3, "api": "csp_Bili", "style": {"type": "rect", "ratio": 1.597}, "searchable": 0, "quickSearch": 0, "changeable": 0, "ext": "./sites/饭/高中课堂.json", "jar": "./sites/饭/fan.txt"}, {"key": "config", "name": "肥猫->🐼┃配置┃中心", "type": 3, "api": "csp_Config", "playerType": 2, "jar": "./sites/肥猫/PandaQ240724.jar"}, {"key": "csp_Duopan", "name": "肥猫->🖍︎┃蜡笔┃影视", "type": 3, "api": "csp_Duopan", "playerType": 2, "filterable": 1, "ext": "https://duopan.fun/", "jar": "./sites/肥猫/PandaQ240724.jar"}, {"key": "nangua", "name": "肥猫->🎃┃南瓜┃影视", "type": 3, "playerType": "2", "api": "./sites/肥猫/ng_open.js"}, {"key": "csp_KmeiJu", "name": "肥猫->🌎┃美剧┃影视", "type": 3, "api": "csp_KmeiJu", "playerType": 2, "jar": "./sites/肥猫/PandaQ240724.jar"}, {"key": "新视觉", "name": "肥猫->🐦┃视觉┃影视", "type": 3, "api": "csp_Xinsj", "searchable": 1, "quickSearch": 1, "filterable": 1, "ext": "https://www.3ayy.com", "jar": "./sites/肥猫/PandaQ240724.jar"}, {"key": "csp_SuBaiBai", "name": "肥猫->🏳️┃素白┃影视", "type": 3, "api": "csp_SuBaiBai", "jar": "./sites/肥猫/PandaQ240724.jar"}, {"key": "csp_Nongm", "name": "肥猫->🌾️┃农民┃影视", "type": 3, "api": "csp_Nongm", "jar": "./sites/肥猫/PandaQ240724.jar"}, {"key": "csp_Quanwk", "name": "肥猫->🗺️️┃全网┃影视", "type": 3, "api": "csp_Quanwk", "jar": "./sites/肥猫/PandaQ240724.jar"}, {"key": "csp_Zx1080", "name": "肥猫-> 👰┃最新┃影视", "type": 3, "api": "csp_Zx1080", "playerType": 2, "jar": "./sites/肥猫/PandaQ240724.jar"}, {"key": "csp_Ikan", "name": "肥猫->💕┃爱看┃影视", "type": 3, "api": "csp_Ikan", "playerType": 2, "jar": "./sites/肥猫/PandaQ240724.jar"}, {"key": "csp_PTT", "name": "肥猫->🦨┃屁颠┃影视", "type": 3, "api": "csp_PTT", "jar": "./sites/肥猫/PandaQ240724.jar"}, {"key": "csp_Taozi", "name": "肥猫->🍑┃桃子┃影视", "type": 3, "api": "csp_Taozi", "jar": "./sites/肥猫/PandaQ240724.jar"}, {"key": "哔嘀", "name": "肥猫->😹┃哔嘀┃影视", "type": 3, "api": "csp_Bdys", "searchable": 1, "quickSearch": 1, "filterable": 1, "jar": "./sites/肥猫/PandaQ240724.jar"}, {"key": "csp_FengGo", "name": "肥猫->🐕┃疯狗┃影视", "type": 3, "api": "csp_FengGo", "playerType": 2, "jar": "./sites/肥猫/PandaQ240724.jar"}, {"key": "csp_Nkdy", "name": "肥猫->🏔┃耐看┃影视", "type": 3, "playerType": "2", "api": "csp_Nkdy", "jar": "./sites/肥猫/PandaQ240724.jar"}, {"key": "csp_Juqq", "name": "肥猫->⭕┃剧圈┃影视", "type": 3, "playerType": "2", "api": "csp_Juqq", "jar": "./sites/肥猫/PandaQ240724.jar"}, {"key": "csp_LiteApple", "name": "肥猫->🍎┃苹果┃影视", "type": 3, "playerType": "2", "api": "csp_LiteApple", "searchable": 1, "quickSearch": 1, "filterable": 1, "jar": "./sites/肥猫/PandaQ240724.jar"}, {"key": "csp_Netfixtv", "name": "肥猫->💌┃至臻┃影视", "type": 3, "api": "csp_Netfixtv", "playerType": 2, "filterable": 1, "ext": "", "jar": "./sites/肥猫/PandaQ240724.jar"}, {"key": "csp_Panda_玩偶哥哥", "name": "肥猫->👲┃玩偶┃影视", "api": "csp_Wogg", "type": 3, "searchable": 1, "playerType": 2, "timeout": 30, "changeable": 0, "ext": "http://127.0.0.1:9978/file/tm/token.txt", "jar": "./sites/肥猫/PandaQ240724.jar"}, {"key": "比特", "name": "肥猫->✌️️┃比特┃影视", "type": 3, "api": "csp_Bttwo", "jar": "./sites/肥猫/PandaQ240724.jar"}, {"key": "荐片", "name": "肥猫->🎬┃荐片┃影视", "api": "csp_Jianpian", "type": 3, "playerType": "2", "ext": "http://api2.rinhome.com", "jar": "./sites/肥猫/PandaQ240724.jar"}, {"key": "csp_Vidhub2", "name": "肥猫->🎼┃Vid┃影视", "type": 3, "api": "csp_Vidhub2", "searchable": 1, "quickSearch": 1, "filterable": 1, "jar": "./sites/肥猫/PandaQ240724.jar"}, {"key": "厂长", "name": "肥猫->🏭┃厂长┃影视", "type": 3, "playerType": "2", "api": "csp_Czsapp", "searchable": 1, "quickSearch": 1, "filterable": 1, "ext": "https://czzy.top/", "jar": "https://like.xn--z7x900a.com/jar/PandaQ240724.jar;md5;ea583cfd8a62f4b92b22505c181794bb"}, {"key": "csp_AppRZ", "name": "肥猫-> 🕵┃忍者┃影视", "type": 3, "playerType": "2", "api": "csp_AppRZ", "ext": "http://rzys.xyz/", "jar": "./sites/肥猫/PandaQ240724.jar"}, {"key": "FreeOK", "name": "肥猫->️️👌┃Fre┃影视", "type": 3, "api": "csp_FreeOK", "searchable": 1, "quickSearch": 1, "filterable": 1, "jar": "./sites/肥猫/PandaQ240724.jar"}, {"key": "毛驴", "name": "肥猫->🦙┃毛驴┃影视", "type": 3, "api": "csp_MaoLv", "searchable": 1, "quickSearch": 1, "filterable": 1, "jar": "./sites/肥猫/PandaQ240724.jar"}, {"key": "兄弟", "name": "肥猫->👯┃兄弟┃影视", "type": 3, "api": "csp_Xdys", "searchable": 1, "quickSearch": 1, "filterable": 1, "jar": "./sites/肥猫/PandaQ240724.jar"}, {"key": "达达龟", "name": "肥猫->🐢┃达达龟┃影视", "type": 3, "api": "csp_Dadag", "searchable": 1, "quickSearch": 1, "filterable": 1, "jar": "./sites/肥猫/PandaQ240724.jar"}, {"key": "可可", "name": "肥猫-> 😝┃可可┃影视", "type": 3, "playerType": "2", "api": "csp_Keke", "searchable": 1, "quickSearch": 1, "filterable": 1, "jar": "https://like.xn--z7x900a.com/jar/PandaQ240724.jar;md5;ea583cfd8a62f4b92b22505c181794bb"}, {"key": "云播影视", "name": "肥猫->☁️┃云播┃影视", "type": 3, "playerType": "2", "api": "./sites/肥猫/drpy2.min.js", "ext": "./sites/肥猫/TVB云播.js"}, {"key": "csp_Xb6v", "name": "肥猫->🐤┃6V磁力┃影视", "type": 3, "api": "csp_Xb6v", "playerType": "2", "jar": "./sites/肥猫/PandaQ240724.jar"}, {"key": "低端", "name": "肥猫->🛣┃低端┃影视", "type": 3, "playerType": "2", "api": "http://js.xn--z7x900a.com/js/lib/drpy2.min.js", "ext": "http://js.xn--z7x900a.com/js/ddys.js"}, {"key": "虎虎", "name": "肥猫->🐯┃虎虎┃影视", "type": 3, "api": "csp_XBPQ", "ext": "./sites/肥猫/虎虎.json", "jar": "./sites/肥猫/PandaQ240724.jar"}, {"key": "黑狐", "name": "肥猫->🦊┃黑狐┃影视", "type": 3, "searchable": 1, "quickSearch": 1, "changeable": 1, "playerType": "2", "api": "csp_XBPQ", "ext": {"站名": "黑狐影院", "主页url": "http://fagmn.com", "数组": "class=\"stui-vodlist__box\"&&</a", "图片": "data-original=\"&&\"", "标题": "title=\"&&\"", "链接": "href=\"&&\"", "嗅探词": ".m3u8?#v3.huoshanvod.com#.m3u8#v3-dy-o.zjcdn#sf16-sg.larksuitecdn.com#v.kd1.qq.com#.mp4", "过滤词": "/hls/#php", "副标题": "<span class=\"pic-text text-right\">&&</span>", "搜索url": "http://fagmn.com/search.php;post;searchword={wd}", "搜索模式": "1", "搜索数组": "<a class=\"v-thumb stui-vodlist__thumb&&</a>", "搜索图片": "data-original=\"&&\"", "搜索标题": "title=\"&&\"", "搜索链接": "href=\"&&\"", "搜索副标题": "<span class=\"pic-text text-right\">&&</span>", "搜索后缀": "/view/", "线路数组": "href=\"#down&&/a>[替换:奇异视频>>黑狐一线#优酷视频>>黑狐二线#搜狐视频>>黑狐三线#咪咕视频>>黑狐四线]", "线路标题": ">&&<", "播放数组": "class=\"stui-content__playlist clearfix&&</ul>", "状态": "地区：&&</p>", "导演": "导演：&&</p>", "主演": "主演：&&</p>", "简介": "简介：&&</div>", "播放列表": "<a&&/a>", "播放标题": ">&&<", "播放链接": "href=\"&&\"", "免嗅": "0", "分类": "电影$1#电视剧$2#动漫$3#综艺$4", "分类url": "http://fagmn.com/list/{cateId}_{catePg}.html?order=time"}, "jar": "./sites/肥猫/PandaQ240724.jar"}, {"key": "csp_SC1080", "name": "肥猫->🏰┃圣城┃影视", "type": 3, "api": "csp_SC1080", "searchable": 1, "quickSearch": 1, "filterable": 1, "jar": "./sites/肥猫/PandaQ240724.jar"}, {"key": "csp_SP360", "name": "肥猫->📺┃360┃官源", "type": 3, "api": "csp_SP360", "jar": "./sites/肥猫/PandaQ240724.jar"}, {"key": "alist", "name": "肥猫->🍰┃小鸭┃网盘", "type": 3, "api": "csp_AList", "searchable": 1, "quickSearch": 1, "filterable": 1, "ext": "./sites/肥猫/alist.json", "jar": "./sites/肥猫/PandaQ240724.jar"}, {"key": "csp_BookTing", "name": "肥猫->📚┃听书┃音频", "type": 3, "playerType": "2", "api": "csp_BookTing", "searchable": 0, "ext": "https://m.ting275.com", "style": {"type": "rect", "ratio": 1.333}, "jar": "./sites/肥猫/PandaQ240724.jar"}, {"key": "csp_YouShengBook", "name": "肥猫->📚┃有声┃小说", "type": 3, "playerType": "2", "api": "csp_YouShengBook", "searchable": 0, "style": {"type": "rect", "ratio": 1.333}, "jar": "./sites/肥猫/PandaQ240724.jar"}, {"key": "csp_Dm84", "name": "肥猫->🤣┃动漫┃巴士", "type": 3, "playerType": "2", "api": "csp_Dm84", "jar": "./sites/肥猫/PandaQ240724.jar"}, {"key": "csp_Anime1", "name": "肥猫->🐶┃日本┃动漫", "type": 3, "playerType": "2", "api": "csp_Anime1", "jar": "./sites/肥猫/PandaQ240724.jar"}, {"key": "csp_Ysj", "name": "肥猫->📺┃異界┃动漫", "type": 3, "playerType": "2", "api": "csp_Ysj", "jar": "./sites/肥猫/PandaQ240724.jar"}, {"key": "csp_xifan", "name": "肥猫->🍚┃稀饭┃动漫", "type": 3, "api": "csp_Xifan", "searchable": 1, "quickSearch": 1, "filterable": 1, "jar": "./sites/肥猫/PandaQ240724.jar"}, {"key": "csp_FirstAid", "name": "肥猫->🚑┃急救┃教学", "type": 3, "api": "csp_FirstAid", "searchable": 0, "quickSearch": 0, "style": {"type": "rect", "ratio": 3.8}, "gridview": "0-0-4.1", "jar": "./sites/肥猫/PandaQ240724.jar"}, {"key": "酷奇", "name": "肥猫->🎤┃酷奇┃MV", "type": 3, "api": "https://gitlab.com/fantaiying/ext/-/raw/main/drpy2.min.js", "searchable": 0, "quickSearch": 0, "ext": "https://gitlab.com/fantaiying/ext/-/raw/main/酷奇MV.js"}, {"key": "MTV", "name": "肥猫->🎧┃明星┃MV", "type": 3, "api": "csp_Bili", "searchable": 0, "quickSearch": 0, "ext": "https://gitlab.com/fantaiying/ext/-/raw/main/MTV.json", "jar": "https://like.xn--z7x900a.com/jar/PandaQ240724.jar;md5;ea583cfd8a62f4b92b22505c181794bb"}, {"key": " 在线┃直播1", "name": "肥猫->📺┃竞技┃直播", "type": 3, "api": "csp_JustLive", "gridview": "0-0-H", "style": {"type": "rect", "ratio": 1.68}, "jar": "./sites/肥猫/PandaQ240724.jar"}, {"key": "虎牙直播js", "name": "肥猫->🐯┃虎牙┃直播", "type": 3, "api": "https://gitlab.com/fantaiying/ext/-/raw/main/drpy2.min.js", "searchable": 0, "quickSearch": 0, "playerType": 1, "ext": "https://gitlab.com/fantaiying/ext/-/raw/main/huya2.js"}, {"key": "斗鱼js", "name": "肥猫->🐟┃斗鱼┃直播", "type": 3, "api": "https://gitlab.com/fantaiying/ext/-/raw/main/drpy2.min.js", "searchable": 0, "quickSearch": 0, "playerType": 1, "ext": "https://gitlab.com/fantaiying/ext/-/raw/main/斗鱼直播.js"}, {"key": "聚短视频js", "name": "肥猫->📽┃️聚短┃视频", "type": 3, "api": "https://gitlab.com/fantaiying/ext/-/raw/main/drpy2.min.js", "searchable": 0, "quickSearch": 0, "ext": "https://gitlab.com/fantaiying/ext/-/raw/main/短视频.js"}, {"key": "看球", "name": "肥猫->⚾┃看球┃直播", "type": 3, "api": "csp_Kanqiu", "searchable": 1, "quickSearch": 1, "changeable": 0, "gridview": 3, "style": {"type": "list"}, "jar": "./sites/肥猫/PandaQ240724.jar"}, {"key": "drpy_js_310直播", "name": "肥猫->🏀┃体育┃直播", "type": 3, "api": "./sites/肥猫/drpy2.min.js", "changeable": 0, "gridview": 3, "style": {"type": "list"}, "ext": "./sites/肥猫/310直播.js"}, {"key": "米搜", "name": "肥猫->🌖┃米搜┃网盘", "type": 3, "api": "csp_MiSou", "ext": "http://127.0.0.1:9978/file/fatcat/kk.txt", "jar": "https://like.xn--z7x900a.com/jar/PandaQ240724.jar;md5;ea583cfd8a62f4b92b22505c181794bb"}, {"key": "csp_Pansou", "name": "肥猫->🚢┃盘搜┃网盘", "type": 3, "api": "csp_Pansou", "ext": "http://127.0.0.1:9978/file/tm/token.txt", "jar": "./sites/肥猫/PandaQ240724.jar"}, {"key": "csp_PanSearch", "name": "肥猫->🚃┃盘搜┃网盘", "type": 3, "api": "csp_PanSearch", "ext": "http://127.0.0.1:9978/file/tm/token.txt", "jar": "./sites/肥猫/PandaQ240724.jar"}, {"key": "drpy_哔哩", "name": "肥猫->🅱┃哔哩┃合集", "type": 3, "api": "csp_Bili", "playerType": 1, "ext": "./sites/肥猫/bilibili.json", "jar": "./sites/肥猫/PandaQ240724.jar", "searchable": 0}, {"key": "儿童", "name": "肥猫->📚┃儿童┃启蒙", "type": 3, "api": "./sites/肥猫/drpy2.min.js", "searchable": 0, "quickSearch": 0, "changeable": 0, "style": {"type": "rect", "ratio": 1.597}, "ext": "./sites/肥猫/%E5%85%94%E5%B0%8F%E8%B4%9D.js"}, {"key": "少儿", "name": "肥猫->📚┃少儿┃教育", "type": 3, "api": "csp_Bili", "searchable": 0, "quickSearch": 0, "changeable": 0, "style": {"type": "rect", "ratio": 1.597}, "ext": "./sites/肥猫/少儿教育.json", "jar": "./sites/肥猫/PandaQ240724.jar"}, {"key": "小学", "name": "肥猫->📚┃小学┃课堂", "type": 3, "api": "csp_Bili", "searchable": 0, "quickSearch": 0, "changeable": 0, "style": {"type": "rect", "ratio": 1.597}, "ext": "./sites/肥猫/小学课堂.json", "jar": "./sites/肥猫/PandaQ240724.jar"}, {"key": "初中", "name": "肥猫->📚┃初中┃课堂", "type": 3, "api": "csp_Bili", "searchable": 0, "quickSearch": 0, "changeable": 0, "style": {"type": "rect", "ratio": 1.597}, "ext": "./sites/肥猫/初中课堂.json", "jar": "./sites/肥猫/PandaQ240724.jar"}, {"key": "高中", "name": "肥猫->📚┃高中┃课堂", "type": 3, "api": "csp_Bili", "searchable": 0, "quickSearch": 0, "changeable": 0, "style": {"type": "rect", "ratio": 1.597}, "ext": "./sites/肥猫/高中课堂.json", "jar": "./sites/肥猫/PandaQ240724.jar"}, {"key": "update", "name": "摸鱼->🎬️摸鱼┃电影┃预告", "type": 3, "api": "csp_update", "searchable": 0, "quickSearch": 0, "changeable": 0, "jar": "http://我不是.摸鱼儿.top/by/jar/moyu.php"}, {"key": "登录", "name": "摸鱼->☁️云盘┃登录┃设置", "type": 3, "api": "csp_AliYunPan", "jar": "http://我不是.摸鱼儿.top/by/jar/xpbq.php", "searchable": 0, "quickSearch": 0, "filterable": 0, "ext": "http://127.0.0.1:9978/file/tm/token.txt"}, {"key": "弹幕配置", "name": "摸鱼->⚙️弹幕┃高级┃设置", "type": 3, "api": "csp_Config", "jar": "http://我不是.摸鱼儿.top/by/jar/danmu.php", "searchable": 0, "changeable": 0, "indexs": 0, "style": {"type": "rect", "ratio": 1.43}}, {"key": "直播转点播", "name": "摸鱼->📺️IPV6┃电视┃直播", "type": 3, "api": "./sites/摸鱼/moyulive.js", "searchable": 0, "quickSearch": 1, "filterable": 0, "ext": "http://我不是.摸鱼儿.top/api/moyu.php?file=lives"}, {"key": "doudouxie", "name": "摸鱼->👽️玩偶哥哥┃4K弹幕", "type": 3, "api": "csp_Wogg", "jar": "http://我不是.摸鱼儿.top/by/jar/danmu.php", "searchable": 1, "filterable": 1, "changeable": 1, "ext": {"token": "http://127.0.0.1:9978/file/TVBox/token.txt", "wogg": true, "danmu": true}, "timeout": 30}, {"key": "土豆弹幕", "name": "摸鱼->🥔玩偶土豆┃4K弹幕", "type": 3, "api": "csp_Wobg", "jar": "http://我不是.摸鱼儿.top/by/jar/danmu.php", "quickSearch": 1, "changeable": 1, "filterable": 1, "ext": {"token": "http://127.0.0.1:9978/file/TVBox/token.txt", "cookie": "http://127.0.0.1:9978/file/TVBox/quark.txt", "site": "https://tudou.lvdoui.top", "danmu": true}, "timeout": 25}, {"key": "蜡笔弹幕", "name": "摸鱼->🖍︎蜡笔资源┃4K弹幕", "type": 3, "api": "csp_Wobg", "jar": "http://我不是.摸鱼儿.top/by/jar/danmu.php", "quickSearch": 1, "changeable": 1, "filterable": 1, "ext": {"token": "http://127.0.0.1:9978/file/TVBox/token.txt", "cookie": "http://127.0.0.1:9978/file/TVBox/quark.txt", "site": "https://duopan.fun", "danmu": true}}, {"key": "六趣弹幕", "name": "摸鱼->🍱六趣阿里┃4K弹幕", "type": 3, "api": "csp_Wogg", "jar": "http://我不是.摸鱼儿.top/by/jar/danmu.php", "quickSearch": 1, "changeable": 1, "filterable": 1, "ext": {"token": "http://127.0.0.1:9978/file/TVBox/token.txt", "cookie": "http://127.0.0.1:9978/file/TVBox/quark.txt", "site": "https://cms.715d.com", "danmu": true}}, {"key": "玩偶表哥", "name": "摸鱼->🧃玩偶表哥┃4K弹幕", "type": 3, "api": "csp_Wobg", "jar": "http://我不是.摸鱼儿.top/by/jar/danmu.php", "quickSearch": 1, "changeable": 1, "filterable": 1, "ext": {"token": "http://127.0.0.1:9978/file/TVBox/token.txt", "cookie": "http://127.0.0.1:9978/file/TVBox/quark.txt", "site": "https://wobge.run.goorm.io/", "danmu": true}, "timeout": 25}, {"key": "多多弹幕", "name": "摸鱼->🍥多多弹幕┃4K弹幕", "type": 3, "api": "csp_Wobg", "jar": "http://我不是.摸鱼儿.top/by/jar/danmu.php", "quickSearch": 1, "changeable": 1, "filterable": 1, "ext": {"token": "http://127.0.0.1:9978/file/TVBox/token.txt", "cookie": "http://127.0.0.1:9978/file/TVBox/quark.txt", "site": "https://tv.yydsys.top/", "danmu": true}, "timeout": 25}, {"key": "团长弹幕", "name": "摸鱼->🏳️夸克团长┃4K弹幕", "type": 3, "api": "csp_Tzfile", "jar": "http://我不是.摸鱼儿.top/by/jar/danmu.php", "searchable": 1, "filterable": 1, "changeable": 1, "ext": {"token": "http://127.0.0.1:9978/file/TVBox/token.txt", "cookie": "http://127.0.0.1:9978/file/TVBox/quark.txt", "danmu": true}, "timeout": 25}, {"key": "夸克至臻弹幕", "name": "摸鱼->🏆️夸克至臻┃4K弹幕", "type": 3, "api": "csp_Wobg", "jar": "http://我不是.摸鱼儿.top/by/jar/danmu.php", "quickSearch": 1, "changeable": 1, "filterable": 1, "ext": {"token": "http://127.0.0.1:9978/file/TVBox/token.txt", "cookie": "http://127.0.0.1:9978/file/TVBox/quark.txt", "uc_cookie": "http://127.0.0.1:9978/file/TVBox/uc.txt", "site": "https://mihdr.top", "danmu": true}}, {"key": "多多玩偶", "name": "摸鱼->🧸玩偶多多┃4K纯净", "type": 3, "api": "csp_XYQHikerAL", "jar": "http://我不是.摸鱼儿.top/by/jar/xpbq.php", "searchable": 1, "quickSearch": 1, "filterable": 1, "ext": "http://我不是.摸鱼儿.top/api/moyu.php?file=玩偶多多"}, {"key": "天天开心", "name": "摸鱼->😆天天开心┃4K纯净", "type": 3, "api": "csp_XYQHikerAL", "jar": "http://我不是.摸鱼儿.top/by/jar/xpbq.php", "searchable": 1, "quickSearch": 1, "filterable": 1, "ext": "http://我不是.摸鱼儿.top/api/moyu.php?file=天天开心"}, {"key": "新6V", "name": "摸鱼->🧲六维电影┃4K磁力", "type": 3, "api": "csp_Xb6v", "jar": "http://我不是.摸鱼儿.top/by/jar/danmu.php", "searchable": 1, "changeable": 0, "timeout": 20}, {"key": "厂长弹幕版", "name": "摸鱼->🏭️厂长┃蓝光┃弹幕", "type": 3, "api": "csp_Czzy", "jar": "http://我不是.摸鱼儿.top/by/jar/danmu.php", "searchable": 1, "quickSearch": 1, "filterable": 1, "ext": {"danmu": true}, "timeout": 25}, {"key": "厂长", "name": "摸鱼->🏭️厂长┃蓝光┃纯净", "type": 3, "api": "csp_NewCz", "timeout": 15, "playerType": 2, "searchable": 1, "quickSearch": 1, "changeable": 1, "ext": "https://czzy.top/", "jar": "http://我不是.摸鱼儿.top/by/jar/moyu.php;md5;be6121b5c37471b191114027123912d2"}, {"key": "天天弹幕版", "name": "摸鱼->⛅️天天┃蓝光┃弹幕", "type": 3, "api": "csp_TianTian", "jar": "http://我不是.摸鱼儿.top/by/jar/danmu.php", "searchable": 1, "quickSearch": 1, "filterable": 1, "ext": {"danmu": true}, "timeout": 10}, {"key": "南瓜弹幕版", "name": "摸鱼->🎃南瓜┃蓝光┃弹幕", "type": 3, "api": "csp_Nangua", "jar": "http://我不是.摸鱼儿.top/by/jar/danmu.php", "searchable": 1, "quickSearch": 1, "filterable": 1, "ext": {"danmu": true}, "timeout": 10}, {"key": "南瓜", "name": "摸鱼->🎃南瓜┃蓝光┃纯净", "type": 3, "api": "csp_NanGua", "timeout": 15, "playerType": 2, "searchable": 1, "quickSearch": 1, "changeable": 1, "jar": "http://我不是.摸鱼儿.top/by/jar/moyu.php;md5;be6121b5c37471b191114027123912d2"}, {"key": "剧兔", "name": "摸鱼->🐇剧兔┃蓝光┃纯净", "type": 3, "api": "csp_AppYsV2", "jar": "http://我不是.摸鱼儿.top/by/jar/danmu.php", "ext": "https://www.zjtu.one/api.php/app/"}, {"key": "河狸", "name": "摸鱼->🦛河狸┃蓝光┃纯净", "type": 3, "api": "csp_AppYsV2", "jar": "http://我不是.摸鱼儿.top/by/jar/danmu.php", "ext": "https://www.heli888.cc/api.php/app/"}, {"key": "小马", "name": "摸鱼->🐎小马┃蓝光┃纯净", "type": 3, "api": "csp_AppYsV2", "jar": "http://我不是.摸鱼儿.top/by/jar/danmu.php", "ext": "https://mas.szyyds.cn/api.php/app/"}, {"key": "影馆", "name": "摸鱼->🐔影馆┃蓝光┃纯净", "type": 3, "api": "csp_AppYsV2", "jar": "http://我不是.摸鱼儿.top/by/jar/danmu.php", "ext": "https://4kdyg.top/api.php/v1.vod"}, {"key": "银河", "name": "摸鱼->🌌小马┃蓝光┃纯净", "type": 3, "api": "csp_AppYsV2", "jar": "http://我不是.摸鱼儿.top/by/jar/danmu.php", "ext": "http://134.175.219.46/mogai_api.php/v1.vod"}, {"key": "思古", "name": "摸鱼->🥮思古┃蓝光┃纯净", "type": 3, "api": "csp_AppYsV2", "jar": "http://我不是.摸鱼儿.top/by/jar/danmu.php", "ext": "http://mf.songshu.cyou/api.php/app/"}, {"key": "胖虎影视", "name": "摸鱼->🐯胖虎┃蓝光┃在线", "type": 3, "api": "csp_XBPQ", "jar": "http://我不是.摸鱼儿.top/by/jar/xpbq.php", "playerType": "2", "ext": "http://我不是.摸鱼儿.top/api/moyu.php?file=胖虎"}, {"key": "剧圈圈", "name": "摸鱼->⭕剧圈┃蓝光┃在线", "type": 3, "api": "csp_XBPQ", "jar": "http://我不是.摸鱼儿.top/by/jar/xpbq.php", "searchable": 1, "quickSearch": 1, "filterable": 1, "ext": "http://我不是.摸鱼儿.top/api/moyu.php?file=剧圈"}, {"key": "河马", "name": "摸鱼->🦓河马┃蓝光┃在线", "type": 3, "api": "csp_Oka", "jar": "http://我不是.摸鱼儿.top/by/jar/danmu.php", "searchable": 1, "quickSearch": 1, "filterable": 1, "timeout": 10, "ext": "{\"cateUrl\":\"https://www.hemahd.com/tags/{cateId}--------{page}---.html\", \"cate\":\"电影$1#电视剧$2#动漫$3#综艺$4\", \"search\":\"/sou/{search}-------------.html\"}"}, {"key": "桃子", "name": "摸鱼->🍑桃子┃蓝光┃在线", "type": 3, "api": "csp_Oka", "jar": "http://我不是.摸鱼儿.top/by/jar/danmu.php", "searchable": 1, "quickSearch": 1, "filterable": 1, "timeout": 10, "ext": "{\"cateUrl\":\"https://www.taozi007.com/show/{cateId}--------{page}---.html\", \"cate\":\"电影$1#剧集$2#动漫$3#综艺$4#短剧$5\",\"playFrom\":\".module-tab-items .module-tab-item span\",\"playUrl\":\".module-list .module-play-list\", \"search\":\"/search/{search}-------------.html\", \"webview\":1}"}, {"key": "荐片纯净", "name": "摸鱼->👍️荐片┃蓝光┃纯净", "api": "./sites/摸鱼/drpy2.min.js", "type": 3, "searchable": 1, "quickSearch": 1, "changeable": 1, "playerType": "1", "ext": "./sites/摸鱼/jp.js"}, {"key": "荐片弹幕版", "name": "摸鱼->👍️荐片┃蓝光┃弹幕", "type": 3, "api": "csp_Jianpian", "jar": "http://我不是.摸鱼儿.top/by/jar/danmu.php", "searchable": 1, "quickSearch": 1, "filterable": 1, "ext": {"danmu": true}, "timeout": 20}, {"key": "韩圈", "name": "摸鱼->🦄韩圈┃蓝光┃无广", "type": 3, "api": "csp_HanXiaoQuan", "jar": "http://我不是.摸鱼儿.top/by/jar/danmu.php", "playerType": 2, "searchable": 1, "quickSearch": 1, "filterable": 1, "timeout": 10}, {"key": "酷看弹幕版", "name": "摸鱼->😎酷看┃蓝光┃弹幕", "type": 3, "api": "csp_Kkys", "jar": "http://我不是.摸鱼儿.top/by/jar/danmu.php", "searchable": 1, "quickSearch": 1, "filterable": 1, "ext": {"danmu": true}, "timeout": 20}, {"key": "酷看", "name": "摸鱼->😎酷看┃蓝光┃纯净", "type": 3, "api": "csp_Kkys", "timeout": 15, "searchable": 1, "quickSearch": 1, "changeable": 1, "jar": "http://我不是.摸鱼儿.top/by/jar/moyu.php;md5;be6121b5c37471b191114027123912d2"}, {"key": "大师兄", "name": "摸鱼->🧑百姓┃蓝光┃纯净", "type": 3, "api": "csp_XBPQ", "jar": "http://我不是.摸鱼儿.top/by/jar/xpbq.php", "searchable": 1, "quickSearch": 1, "filterable": 1, "ext": "http://我不是.摸鱼儿.top/api/moyu.php?file=农民"}, {"key": "dan酷影视", "name": "摸鱼->😎酷影┃蓝光┃纯净", "type": 3, "api": "csp_AppYsV2", "jar": "http://我不是.摸鱼儿.top/by/jar/xpbq.php", "searchable": 1, "quickSearch": 1, "filterable": 1, "ext": "https://www.tvkuys.xyz/api.php/app/"}, {"key": "JOJO", "name": "摸鱼->🍭JOJO┃蓝光┃弹幕", "type": 3, "api": "csp_Jiohub", "jar": "http://我不是.摸鱼儿.top/by/jar/danmu.php", "searchable": 1, "quickSearch": 1, "filterable": 1, "timeout": 10}, {"key": "Lib", "name": "摸鱼->🌟立播┃蓝光┃不卡", "type": 3, "api": "csp_Libvio", "timeout": 15, "searchable": 1, "quickSearch": 1, "changeable": 1, "ext": "https://www.libvio.pw/", "jar": "http://我不是.摸鱼儿.top/by/jar/moyu.php;md5;be6121b5c37471b191114027123912d2"}, {"key": "csp_xBPQ_wencai", "name": "摸鱼->😭呜呜┃蓝光┃无广", "type": 3, "api": "csp_XBPQ", "jar": "http://我不是.摸鱼儿.top/by/jar/xpbq.php", "searchable": 1, "quickSearch": 1, "filterable": 0, "ext": "http://我不是.摸鱼儿.top/api/moyu.php?file=55"}, {"key": "小苹果", "name": "摸鱼->🍎苹果┃蓝光┃弹幕", "type": 3, "api": "csp_Xpg", "jar": "http://我不是.摸鱼儿.top/by/jar/danmu.php", "searchable": 1, "quickSearch": 1, "filterable": 1, "timeout": 15}, {"key": "苹果", "name": "摸鱼->🍎苹果┃蓝光┃纯净", "type": 3, "api": "csp_LiteApple", "searchable": 1, "quickSearch": 1, "changeable": 1, "jar": "http://我不是.摸鱼儿.top/by/jar/moyu.php;md5;be6121b5c37471b191114027123912d2"}, {"key": "春秋蝉", "name": "摸鱼->🍁春秋┃蓝光┃纯净", "type": 3, "api": "csp_chunqiu", "timeout": 15, "searchable": 1, "quickSearch": 1, "changeable": 1, "jar": "http://我不是.摸鱼儿.top/by/jar/moyu.php"}, {"key": "大师兄", "name": "摸鱼->🐥师兄┃蓝光┃纯净", "type": 3, "api": "csp_XBPQ", "jar": "http://我不是.摸鱼儿.top/by/jar/xpbq.php", "searchable": 1, "quickSearch": 1, "filterable": 1, "ext": "http://我不是.摸鱼儿.top/api/moyu.php?file=大师兄"}, {"key": "素白白", "name": "摸鱼->🙄素白┃秒播┃纯净", "type": 3, "api": "csp_Subaibai", "jar": "http://我不是.摸鱼儿.top/by/jar/xpbq.php", "searchable": 1, "changeable": 1}, {"key": "七味影视", "name": "摸鱼->🌿七味┃蓝光┃秒播", "type": 3, "api": "csp_XBPQ", "jar": "http://我不是.摸鱼儿.top/by/jar/xpbq.php", "searchable": 1, "quickSearch": 1, "filterable": 1, "ext": "http://我不是.摸鱼儿.top/api/moyu.php?file=七味"}, {"key": " 星辰影", "name": "摸鱼->🌟星辰┃蓝光┃纯净", "type": 3, "jar": "http://我不是.摸鱼儿.top/by/jar/xpbq.php", "api": "csp_XBPQ", "searchable": 1, "quickSearch": 1, "filterable": 1, "ext": "http://我不是.摸鱼儿.top/api/moyu.php?file=星辰"}, {"key": "素眉", "name": "摸鱼->🍡素眉┃蓝光┃纯净", "type": 3, "api": "csp_XBPQ", "jar": "http://我不是.摸鱼儿.top/by/jar/xpbq.php", "searchable": 1, "quickSearch": 1, "filterable": 1, "ext": "http://我不是.摸鱼儿.top/api/moyu.php?file=素眉"}, {"key": "立波", "name": "摸鱼->🫡利播┃蓝光┃在线", "type": 3, "jar": "http://我不是.摸鱼儿.top/by/jar/xpbq.php", "api": "csp_XBPQ", "playerType": 1, "searchable": 1, "changeable": 0, "ext": "http://我不是.摸鱼儿.top/api/moyu.php?file=利播"}, {"key": "Lib", "name": "摸鱼->🌟立播┃蓝光┃直连", "type": 3, "api": "csp_Libvio", "timeout": 15, "searchable": 1, "quickSearch": 1, "changeable": 1, "ext": "https://www.libvio.pw/", "jar": "http://我不是.摸鱼儿.top/by/jar/moyu.php;md5;be6121b5c37471b191114027123912d2"}, {"key": "zxzj", "name": "摸鱼->🔗在线┃蓝光┃外剧", "type": 3, "api": "csp_Zxzj", "timeout": 15, "searchable": 1, "quickSearch": 1, "changeable": 1, "ext": "https://www.zxzja.com/", "jar": "http://我不是.摸鱼儿.top/by/jar/moyu.php;md5;be6121b5c37471b191114027123912d2"}, {"key": "低端影视", "name": "摸鱼->🔋低端┃蓝光┃无广", "type": 3, "api": "csp_Ddys", "jar": "http://我不是.摸鱼儿.top/by/jar/xpbq.php", "searchable": 1, "quickSearch": 1, "filterable": 1}, {"key": "DiDuan", "name": "摸鱼->🔋低端┃蓝光┃外剧", "type": 3, "api": "csp_Ddrk", "playerType": "2", "searchable": 1, "quickSearch": 1, "changeable": 1, "jar": "http://我不是.摸鱼儿.top/by/jar/moyu.php"}, {"key": "Xinsj", "name": "摸鱼->👁️视觉┃蓝光┃直连", "type": 3, "api": "csp_Xinsj", "timeout": 15, "searchable": 1, "quickSearch": 1, "changeable": 1, "ext": "https://www.80yy3.com/", "jar": "http://我不是.摸鱼儿.top/by/jar/moyu.php"}, {"key": "新视觉", "name": "摸鱼->👁️视觉┃蓝光┃在线", "type": 3, "api": "csp_XBPQ", "jar": "http://我不是.摸鱼儿.top/by/jar/xpbq.php", "searchable": 1, "quickSearch": 1, "filterable": 1, "ext": "http://我不是.摸鱼儿.top/api/moyu.php?file=新视觉"}, {"key": "Auete", "name": "摸鱼->▶️奥特┃蓝光┃直连", "type": 3, "api": "csp_Auete", "timeout": 15, "searchable": 1, "quickSearch": 1, "changeable": 1, "ext": "https://auete.pro/", "jar": "http://我不是.摸鱼儿.top/by/jar/moyu.php;md5;be6121b5c37471b191114027123912d2"}, {"key": "小点", "name": "摸鱼->💥小点┃蓝光┃多线", "type": 3, "api": "csp_Xdys", "searchable": 1, "quickSearch": 1, "filterable": 1, "changeable": 0, "jar": "http://我不是.摸鱼儿.top/by/jar/moyu.php;md5;be6121b5c37471b191114027123912d2"}, {"key": "热播", "name": "摸鱼->📺热播┃蓝光┃多线", "type": 3, "api": "csp_AppTT", "timeout": 15, "playerType": 2, "searchable": 1, "quickSearch": 1, "changeable": 1, "ext": "AO7TcBkd8I/B5wQc4Qma+pU=", "jar": "http://我不是.摸鱼儿.top/by/jar/moyu.php;md5;be6121b5c37471b191114027123912d2"}, {"key": "萌米", "name": "摸鱼->👀萌米┃蓝光┃多线", "type": 3, "api": "csp_AppTT", "timeout": 15, "playerType": 1, "ext": "AO7TcBkd8Iifux0Y8Qze6tVlMg==", "jar": "http://我不是.摸鱼儿.top/by/jar/moyu.php;md5;be6121b5c37471b191114027123912d2"}, {"key": "机器人bot", "name": "摸鱼->🤖机器┃蓝光┃无广", "type": 3, "api": "csp_Ikanbot", "jar": "http://我不是.摸鱼儿.top/by/jar/danmu.php", "searchable": 1, "quickSearch": 1, "changeable": 1}, {"key": "csp_Bttoo", "name": "摸鱼->🔛比特┃蓝光┃秒播", "type": 3, "api": "csp_Bttwoo", "searchable": 1, "quickSearch": 1, "changeable": 1, "jar": "http://我不是.摸鱼儿.top/by/jar/moyu.php"}, {"key": "央视经典", "name": "摸鱼->🇨🇳央视┃经典┃合集", "type": 3, "api": "csp_Bili", "searchable": 0, "quickSearch": 1, "filterable": 0, "ext": "http://我不是.摸鱼儿.top/api/moyu.php?file=央视经典", "jar": "http://我不是.摸鱼儿.top/by/jar/moyu.php"}, {"key": "csp_Kuaikan", "name": "摸鱼->🫣快看┃蓝光┃纯净", "type": 3, "api": "csp_Kuaikan", "jar": "http://我不是.摸鱼儿.top/by/jar/xpbq.php", "searchable": 1, "quickSearch": 1, "filterable": 1}, {"key": "sp360", "name": "摸鱼->🐛360┃蓝光┃解析", "type": 3, "api": "csp_Sp360", "jar": "http://我不是.摸鱼儿.top/by/jar/danmu.php", "searchable": 1, "filterable": 1, "changeable": 1, "timeout": 25}, {"key": "余年", "name": "摸鱼->🍗余年┃有广┃勿信", "type": 3, "api": "csp_XBPQ", "jar": "http://我不是.摸鱼儿.top/by/jar/xpbq.php", "searchable": 1, "quickSearch": 1, "filterable": 1, "ext": "http://我不是.摸鱼儿.top/api/moyu.php?file=余年"}, {"key": "七猫", "name": "摸鱼->😽七猫┃有广┃勿信", "type": 3, "api": "csp_XBPQ", "jar": "http://我不是.摸鱼儿.top/by/jar/xpbq.php", "searchable": 1, "quickSearch": 1, "filterable": 1, "ext": "http://我不是.摸鱼儿.top/api/moyu.php?file=七猫"}, {"key": "csp_lwdy", "name": "摸鱼->🤫老王┃有广┃勿信", "type": 3, "api": "csp_XBPQ", "jar": "http://我不是.摸鱼儿.top/by/jar/xpbq.php", "searchable": 1, "quickSearch": 1, "filterable": 1, "ext": "http://我不是.摸鱼儿.top/api/moyu.php?file=老王电影"}, {"key": "电影牛", "name": "摸鱼->🐂影牛┃有广┃勿信", "type": 3, "api": "csp_XYQHiker", "jar": "http://我不是.摸鱼儿.top/by/jar/xpbq.php", "searchable": 1, "quickSearch": 1, "filterable": 1, "ext": "http://我不是.摸鱼儿.top/api/moyu.php?file=电影牛"}, {"key": "csp_TVB", "name": "摸鱼->🍡TVB┃蓝光┃在线", "type": 3, "api": "csp_XBPQ", "jar": "http://我不是.摸鱼儿.top/by/jar/xpbq.php", "searchable": 1, "quickSearch": 1, "filterable": 1, "ext": "http://我不是.摸鱼儿.top/api/moyu.php?file=tvb云播"}, {"key": "子子影视", "name": "摸鱼->👶子子┃蓝光┃在线", "type": 3, "api": "csp_XYQHiker", "jar": "http://我不是.摸鱼儿.top/by/jar/xpbq.php", "searchable": 1, "quickSearch": 1, "filterable": 1, "ext": "http://我不是.摸鱼儿.top/api/moyu.php?file=子子影视"}, {"key": "csp_疯狗", "name": "摸鱼->🐶疯狗┃蓝光┃在线", "type": 3, "api": "csp_XBPQ", "jar": "http://我不是.摸鱼儿.top/by/jar/xpbq.php", "searchable": 1, "quickSearch": 1, "filterable": 1, "ext": "http://我不是.摸鱼儿.top/api/moyu.php?file=疯狗"}, {"key": "网飞影视", "name": "摸鱼->🛸网飞┃蓝光┃在线", "type": 3, "api": "./sites/摸鱼/drpy.min.js", "ext": "./sites/摸鱼/网飞TV.js"}, {"key": "碟调影视", "name": "摸鱼->🏰碟调┃蓝光┃在线", "type": 3, "api": "./sites/摸鱼/drpy.min.js", "ext": "./sites/摸鱼/碟调影视.js"}, {"key": "csp_Dm84", "name": "摸鱼->🚌动漫┃巴士┃蓝光", "type": 3, "api": "csp_Dm84", "searchable": 1, "quickSearch": 1, "changeable": 1, "jar": "http://我不是.摸鱼儿.top/by/jar/moyu.php;md5;be6121b5c37471b191114027123912d2"}, {"key": "yhdm", "name": "摸鱼->🌸樱花┃动漫┃蓝光", "type": 3, "api": "csp_Ying", "jar": "http://我不是.摸鱼儿.top/by/jar/danmu.php", "searchable": 1, "quickSearch": 1, "filterable": 1, "timeout": 15}, {"key": "动漫巴士", "name": "摸鱼->🚌巴士┃动漫┃蓝光", "type": 3, "api": "csp_Dm84", "jar": "http://我不是.摸鱼儿.top/by/jar/danmu.php", "searchable": 1, "quickSearch": 1, "filterable": 1, "timeout": 10}, {"key": "csp_Ysj", "name": "摸鱼->💫异界┃动漫┃蓝光", "type": 3, "api": "csp_Ysj", "searchable": 1, "quickSearch": 1, "changeable": 1, "jar": "http://我不是.摸鱼儿.top/by/jar/moyu.php;md5;be6121b5c37471b191114027123912d2"}, {"key": "csp_Anime1", "name": "摸鱼->📖日漫┃动漫┃蓝光", "type": 3, "api": "csp_Anime1", "searchable": 1, "quickSearch": 1, "changeable": 1, "jar": "http://我不是.摸鱼儿.top/by/jar/moyu.php;md5;be6121b5c37471b191114027123912d2"}, {"key": "58动漫", "name": "摸鱼->🛹68┃动漫┃蓝光", "type": 3, "api": "./sites/摸鱼/drpy.min.js", "ext": "./sites/摸鱼/58动漫.js"}, {"key": "去看吧", "name": "摸鱼->🫣看吧┃动漫┃蓝光", "type": 3, "api": "./sites/摸鱼/drpy.min.js", "ext": "./sites/摸鱼/去看吧.js"}, {"key": "喵次元", "name": "摸鱼->😹喵喵┃动漫┃蓝光", "type": 3, "api": "./sites/摸鱼/drpy.min.js", "ext": "./sites/摸鱼/喵次元.js"}, {"key": "无忧短剧", "name": "摸鱼->🌈无忧┃短剧┃热推", "type": 3, "api": "csp_Duanj", "jar": "http://我不是.摸鱼儿.top/by/jar/danmu.php", "searchable": 1, "changeable": 0, "style": {"type": "rect", "ratio": 1.433}, "timeout": 10}, {"key": "在线短剧", "name": "摸鱼->🛌在线┃短剧┃热推", "type": 3, "api": "csp_Duanju", "jar": "http://我不是.摸鱼儿.top/by/jar/danmu.php", "searchable": 1, "changeable": 0, "style": {"type": "rect", "ratio": 1.433}, "timeout": 10}, {"key": "csp_XPath_鹅直播", "name": "摸鱼->🐧企鹅┃直播┃蓝光", "type": 3, "api": "csp_XPath", "jar": "http://我不是.摸鱼儿.top/by/jar/xpbq.php", "searchable": 0, "quickSearch": 0, "filterable": 0, "ext": "http://我不是.摸鱼儿.top/api/moyu.php?file=企鹅直播"}, {"key": "虎牙直播js", "name": "摸鱼->🐯虎牙┃直播┃蓝光", "type": 3, "api": "https://gitlab.com/fantaiying/ext/-/raw/main/drpy2.min.js", "ext": "https://gitlab.com/fantaiying/ext/-/raw/main/huya2.js", "style": {"type": "rect", "ratio": 1.755}, "playerType": "1", "searchable": 0, "quickSearch": 0, "changeable": 0}, {"key": "斗鱼js", "name": "摸鱼->🐟斗鱼┃直播┃蓝光", "type": 3, "api": "https://gitlab.com/fantaiying/ext/-/raw/main/drpy2.min.js", "ext": "https://gitlab.com/fantaiying/ext/-/raw/main/斗鱼直播.js", "style": {"type": "rect", "ratio": 1.755}, "playerType": "1", "searchable": 0, "quickSearch": 0, "changeable": 0}, {"key": "快手直播", "name": "摸鱼->✌️快手┃直播┃蓝光", "type": 3, "api": "csp_KsLive", "jar": "http://我不是.摸鱼儿.top/by/jar/danmu.php", "searchable": 0, "quickSearch": 0, "filterable": 1, "style": {"type": "rect", "ratio": 1.433}, "timeout": 10}, {"key": "JustLive", "name": "摸鱼->👣聚合┃直播┃蓝光", "type": 3, "api": "csp_JustLive", "jar": "http://我不是.摸鱼儿.top/by/jar/danmu.php", "searchable": 1, "changeable": 0, "style": {"type": "rect", "ratio": 1.433}, "timeout": 10}, {"key": "Bili", "name": "摸鱼->🆙哔哩┃合集┃蓝光", "type": 3, "api": "csp_Bili", "style": {"type": "rect", "ratio": 1.597}, "searchable": 0, "quickSearch": 0, "changeable": 0, "ext": "http://我不是.摸鱼儿.top/api/moyu.php?file=哔哩合集", "jar": "http://我不是.摸鱼儿.top/by/jar/moyu.php;md5;be6121b5c37471b191114027123912d2"}, {"key": "Biliych", "name": "摸鱼->🆙哔哩┃歌曲┃蓝光", "type": 3, "api": "csp_Bili", "style": {"type": "rect", "ratio": 1.597}, "searchable": 0, "quickSearch": 0, "changeable": 0, "ext": "http://我不是.摸鱼儿.top/api/moyu.php?file=哔哩歌曲", "jar": "http://我不是.摸鱼儿.top/by/jar/moyu.php;md5;be6121b5c37471b191114027123912d2"}, {"key": "看球", "name": "摸鱼->⚽看球┃在线┃蓝光", "type": 3, "api": "csp_Kanqiu", "jar": "http://我不是.摸鱼儿.top/by/jar/danmu.php", "searchable": 1, "changeable": 0, "style": {"type": "list"}, "timeout": 10}, {"key": "drpy_js_310直播", "name": "摸鱼->⚽310┃直播┃蓝光", "type": 3, "api": "https://gitlab.com/fantaiying/ext/-/raw/main/drpy2.min.js", "ext": "https://gitlab.com/fantaiying/ext/-/raw/main/310直播.js", "searchable": 1, "quickSearch": 1, "filterable": 0}, {"key": "88js", "name": "摸鱼->⚽88┃看球┃蓝光", "type": 3, "api": "csp_Kanqiu", "style": {"type": "list"}, "searchable": 0, "quickSearch": 0, "changeable": 0, "jar": "http://我不是.摸鱼儿.top/by/jar/moyu.php;md5;be6121b5c37471b191114027123912d2"}, {"key": "drpy_js_JRKAN直播", "name": "摸鱼->⚽JRK┃直播┃蓝光", "type": 3, "api": "./sites/摸鱼/drpy2.min.js", "ext": "./sites/摸鱼/jrk.js", "searchable": 1, "quickSearch": 1, "filterable": 0}, {"key": "少儿教育", "name": "摸鱼->📚少儿┃学识┃教育", "type": 3, "api": "csp_Bili", "style": {"type": "rect", "ratio": 1.597}, "searchable": 0, "quickSearch": 0, "changeable": 0, "ext": "http://我不是.摸鱼儿.top/api/moyu.php?file=少儿教育", "jar": "http://我不是.摸鱼儿.top/by/jar/moyu.php;md5;be6121b5c37471b191114027123912d2"}, {"key": "小学课堂", "name": "摸鱼->📚小学┃课堂┃教育", "type": 3, "api": "csp_Bili", "style": {"type": "rect", "ratio": 1.597}, "searchable": 0, "quickSearch": 0, "changeable": 0, "ext": "http://我不是.摸鱼儿.top/api/moyu.php?file=小学教育", "jar": "http://我不是.摸鱼儿.top/by/jar/moyu.php;md5;be6121b5c37471b191114027123912d2"}, {"key": "初中课堂", "name": "摸鱼->📚初中┃课堂┃教育", "type": 3, "api": "csp_Bili", "style": {"type": "rect", "ratio": 1.597}, "searchable": 0, "quickSearch": 0, "changeable": 0, "ext": "http://我不是.摸鱼儿.top/api/moyu.php?file=初中课堂", "jar": "http://我不是.摸鱼儿.top/by/jar/moyu.php;md5;be6121b5c37471b191114027123912d2"}, {"key": "高中教育", "name": "摸鱼->📚高中┃课堂┃教育", "type": 3, "api": "csp_Bili", "style": {"type": "rect", "ratio": 1.597}, "searchable": 0, "quickSearch": 0, "changeable": 0, "ext": "http://我不是.摸鱼儿.top/api/moyu.php?file=高中课堂", "jar": "http://我不是.摸鱼儿.top/by/jar/moyu.php;md5;be6121b5c37471b191114027123912d2"}, {"key": "csp_AList", "name": "摸鱼->😋小雅┃网盘┃分享", "type": 3, "api": "csp_AList", "jar": "http://我不是.摸鱼儿.top/by/jar/danmu.php", "searchable": 1, "quickSearch": 0, "filterable": 1, "changeable": 0, "ext": "http://我不是.摸鱼儿.top/api/moyu.php?file=小雅"}, {"key": "Aid", "name": "摸鱼->🚑️急救┃常识┃教育", "type": 3, "api": "csp_FirstAid", "searchable": 0, "quickSearch": 0, "changeable": 0, "style": {"type": "rect", "ratio": 3.8}, "jar": "http://我不是.摸鱼儿.top/by/jar/moyu.php;md5;be6121b5c37471b191114027123912d2"}, {"key": "我的阿里", "name": "摸鱼->🐱我的┃阿里┃资源", "type": 3, "api": "csp_MyAli", "jar": "http://我不是.摸鱼儿.top/by/jar/danmu.php", "searchable": 0, "quickSearch": 0, "filterable": 0, "indexs": 0, "ext": {"token": "file://TV/ali_token.txt"}, "style": {"type": "list"}, "timeout": 30}, {"key": "我的夸克", "name": "摸鱼->🗽我的┃夸克┃资源", "type": 3, "api": "csp_MyQuark", "jar": "http://我不是.摸鱼儿.top/by/jar/danmu.php", "searchable": 0, "quickSearch": 0, "filterable": 0, "indexs": 0, "ext": {"cookie": "file://TV/quark_cookie.txt"}, "style": {"type": "list"}, "timeout": 30}, {"key": "易搜", "name": "摸鱼->😹易搜┃弹幕┃搜索", "type": 3, "api": "csp_YiSo", "jar": "http://我不是.摸鱼儿.top/by/jar/danmu.php", "searchable": 1, "filterable": 0, "changeable": 0, "ext": {"token": "file://TV/ali_token.txt", "danmu": true}, "timeout": 15}, {"key": "YiSo", "name": "摸鱼->😹易搜┃搜索┃纯净", "type": 3, "api": "csp_YiSo", "searchable": 1, "quickSearch": 1, "changeable": 0, "ext": "http://127.0.0.1:9978/file/TVBox/token.txt+4k|auto|fhd", "jar": "http://我不是.摸鱼儿.top/by/jar/moyu.php;md5;be6121b5c37471b191114027123912d2"}, {"key": "盘搜", "name": "摸鱼->🦊盘搜┃弹幕┃搜索", "type": 3, "api": "csp_PanSou", "jar": "http://我不是.摸鱼儿.top/by/jar/danmu.php", "searchable": 1, "filterable": 0, "changeable": 0, "ext": {"token": "file://TV/ali_token.txt", "danmu": true}, "timeout": 15}, {"key": "PanSou", "name": "摸鱼->🦊盘搜┃搜索┃纯净", "type": 3, "api": "csp_PanSou", "searchable": 1, "quickSearch": 1, "changeable": 0, "ext": "http://127.0.0.1:9978/file/TVBox/token.txt+4k|auto|fhd", "jar": "http://我不是.摸鱼儿.top/by/jar/moyu.php;md5;be6121b5c37471b191114027123912d2"}, {"key": "Up云搜", "name": "摸鱼->😻Up搜┃弹幕┃搜索", "type": 3, "api": "csp_Upys", "jar": "http://我不是.摸鱼儿.top/by/jar/danmu.php", "searchable": 1, "filterable": 0, "changeable": 0, "ext": {"token": "file://TV/ali_token.txt", "danmu": true}, "timeout": 15}, {"key": "UpYun", "name": "摸鱼->😻Up搜┃搜索┃纯净", "type": 3, "api": "csp_UpYun", "searchable": 1, "quickSearch": 1, "changeable": 0, "ext": "http://127.0.0.1:9978/file/TVBox/token.txt+4k|auto|fhd", "jar": "http://我不是.摸鱼儿.top/by/jar/moyu.php;md5;be6121b5c37471b191114027123912d2"}, {"key": "盘Se", "name": "摸鱼->🙀盘Se┃弹幕┃搜索", "type": 3, "api": "csp_PanSearch", "jar": "http://我不是.摸鱼儿.top/by/jar/danmu.php", "searchable": 1, "filterable": 0, "changeable": 0, "ext": {"token": "file://TV/ali_token.txt", "danmu": true}, "timeout": 15}, {"key": "PanSearch", "name": "摸鱼->🙀盘Se┃搜索┃纯净", "type": 3, "api": "csp_PanSearch", "searchable": 1, "quickSearch": 1, "changeable": 0, "ext": "http://127.0.0.1:9978/file/TVBox/token.txt+4k|auto|fhd", "jar": "http://我不是.摸鱼儿.top/by/jar/moyu.php;md5;be6121b5c37471b191114027123912d2"}, {"key": "影搜弹幕", "name": "摸鱼->🕵️影搜┃弹幕┃搜索", "type": 3, "api": "csp_Yingso", "jar": "http://我不是.摸鱼儿.top/by/jar/danmu.php", "searchable": 1, "filterable": 0, "changeable": 0, "ext": {"token": "file://TV/ali_token.txt", "cookie": "file://TV/quark_cookie.txt", "danmu": true}, "timeout": 15}, {"key": "影搜", "name": "摸鱼->🕵️影搜┃搜索┃纯净", "type": 3, "api": "csp_XYQHiker", "jar": "http://我不是.摸鱼儿.top/by/jar/xpbq.php", "searchable": 1, "quickSearch": 1, "filterable": 1, "ext": "http://我不是.摸鱼儿.top/api/moyu.php?file=影搜"}, {"key": "米搜", "name": "摸鱼->🦋米搜┃搜索┃纯净", "type": 3, "api": "csp_MIPanSo", "searchable": 1, "quickSearch": 1, "changeable": 0, "ext": {"pan": "quark", "quarkCookie": "TV/quark_cookie.txt", "from": "4k|auto|fhd"}, "jar": "http://我不是.摸鱼儿.top/by/jar/moyu.php;md5;be6121b5c37471b191114027123912d2"}, {"key": "夸搜", "name": "摸鱼->🐌夸搜┃搜索┃纯净", "type": 3, "api": "csp_PanSearch", "searchable": 1, "quickSearch": 1, "changeable": 0, "ext": {"pan": "quark", "quarkCookie": "TV/quark_cookie.txt", "from": "4k|auto|fhd"}, "jar": "http://我不是.摸鱼儿.top/by/jar/moyu.php;md5;be6121b5c37471b191114027123912d2"}, {"key": "豆豆飞搜索", "name": "摸鱼->🫘豆豆┃搜索┃纯净", "type": 3, "api": "csp_XYQHikerAL", "jar": "http://我不是.摸鱼儿.top/by/jar/xpbq.php", "searchable": 1, "quickSearch": 1, "filterable": 1, "ext": "http://我不是.摸鱼儿.top/api/moyu.php?file=豆豆搜.php"}, {"key": "找資源", "name": "摸鱼->🐺找zy┃搜索┃弹幕", "type": 3, "api": "csp_Zhaozy", "jar": "http://我不是.摸鱼儿.top/by/jar/danmu.php", "searchable": 1, "filterable": 0, "changeable": 0, "ext": {"token": "file://TV/ali_token.txt", "danmu": true}, "timeout": 15}, {"key": "七夜", "name": "摸鱼->😾七夜┃搜索┃弹幕", "type": 3, "api": "csp_Dovx", "jar": "http://我不是.摸鱼儿.top/by/jar/danmu.php", "searchable": 1, "filterable": 0, "changeable": 0, "ext": {"token": "file://TV/ali_token.txt", "danmu": true}, "timeout": 15}, {"key": "csp_QuPanSou", "name": "摸鱼->🤓趣盘┃搜索┃弹幕", "type": 3, "api": "csp_QuPanSou", "jar": "http://我不是.摸鱼儿.top/by/jar/danmu.php", "searchable": 1, "filterable": 1, "changeable": 0, "ext": {"cookie": "file://TV/quark_cookie.txt", "danmu": true}, "timeout": 15}, {"key": "csp_Qkpanso", "name": "摸鱼->🐚夸克┃搜索┃弹幕", "type": 3, "api": "csp_Qkpanso", "jar": "http://我不是.摸鱼儿.top/by/jar/danmu.php", "searchable": 1, "filterable": 1, "changeable": 0, "ext": {"cookie": "file://TV/quark_cookie.txt", "danmu": true}, "timeout": 15}, {"key": "csp_AiPanSou", "name": "摸鱼->🥰爱盘┃搜索┃弹幕", "type": 3, "api": "csp_AiPanSou", "jar": "http://我不是.摸鱼儿.top/by/jar/danmu.php", "searchable": 1, "filterable": 1, "changeable": 0, "ext": {"cookie": "file://TV/quark_cookie.txt", "danmu": true}, "timeout": 15}, {"key": "云盘4K", "name": "摸鱼->🤖云盘┃搜索┃弹幕", "type": 3, "api": "csp_Yunpan4k", "jar": "http://我不是.摸鱼儿.top/by/jar/danmu.php", "searchable": 1, "filterable": 0, "changeable": 0, "ext": {"token": "file://TV/ali_token.txt", "cookie": "file://TV/quark_cookie.txt", "danmu": true}, "timeout": 15}], "parses": [{"name": "哔哩", "url": "http://localhost:5705/parse/api/哔哩.js?url=", "type": 1, "ext": {"flag": ["bilibili"]}, "header": {"User-Agent": "Mozilla/5.0"}}, {"name": "轮询", "type": 2, "url": "Sequence", "header": {"User-Agent": "Mozilla/5.0"}}, {"name": "并发", "type": 2, "url": "Parallel", "header": {"User-Agent": "Mozilla/5.0"}}, {"name": "很牛逼", "url": "http://rxjx.kuanjv.com/allm3u8.php?url=", "type": 1, "ext": {"flag": ["qiyi", "imgo", "爱奇艺", "奇艺", "qq", "qq 预告及花絮", "腾讯", "youku", "优酷", "pptv", "PPTV", "letv", "乐视", "leshi", "mgtv", "芒果", "sohu", "xigua", "fun", "风行"]}, "header": {"User-Agent": "Mozilla/5.0"}}, {"name": "虾米", "url": "https://dm.xmflv.com:4433/?url=", "type": 0, "ext": {"flag": ["qiyi", "imgo", "爱奇艺", "奇艺", "qq", "qq 预告及花絮", "腾讯", "youku", "优酷", "pptv", "PPTV", "letv", "乐视", "leshi", "mgtv", "芒果", "sohu", "xigua", "fun", "风行"]}, "header": {"User-Agent": "Mozilla/5.0"}}, {"name": "左岸", "url": "https://jx.bozrc.com:4433/player/analysis.php?v=", "type": 0, "ext": {"flag": ["qiyi", "imgo", "爱奇艺", "奇艺", "qq", "qq 预告及花絮", "腾讯", "youku", "优酷", "pptv", "PPTV", "letv", "乐视", "leshi", "mgtv", "芒果", "sohu", "xigua", "fun", "风行"]}, "header": {"User-Agent": "Mozilla/5.0"}}, {"name": "全网通", "url": "http://jx.nikucms.com/pc/index6.php?url=", "type": 0, "ext": {"flag": ["qiyi", "imgo", "爱奇艺", "奇艺", "qq", "qq 预告及花絮", "腾讯", "youku", "优酷", "pptv", "PPTV", "letv", "乐视", "leshi", "mgtv", "芒果", "sohu", "xigua", "fun", "风行"]}, "header": {"User-Agent": "Mozilla/5.0"}}, {"name": "91", "url": "http://91fanli.top/m3u8/?url=", "type": 0, "ext": {"flag": ["qiyi", "imgo", "爱奇艺", "奇艺", "qq", "qq 预告及花絮", "腾讯", "youku", "优酷", "pptv", "PPTV", "letv", "乐视", "leshi", "mgtv", "芒果", "sohu", "xigua", "fun", "风行"]}, "header": {"User-Agent": "Mozilla/5.0"}}, {"name": "BT5V", "url": "https://rx.bt5v.com/json/jsonindex.php/?url=", "type": 1, "ext": {"flag": ["qiyi", "imgo", "爱奇艺", "奇艺", "qq", "qq 预告及花絮", "腾讯", "youku", "优酷", "pptv", "PPTV", "letv", "乐视", "leshi", "mgtv", "芒果", "sohu", "xigua", "fun", "风行"]}, "header": {"User-Agent": "Mozilla/5.0"}}, {"name": "GGTV搜集", "url": "https://play.fuqizhishi.com/juhe/API.php?appkey=caijijuhe220902&url=", "type": 1, "ext": {"flag": ["qiyi", "imgo", "爱奇艺", "奇艺", "qq", "qq 预告及花絮", "腾讯", "youku", "优酷", "pptv", "PPTV", "letv", "乐视", "leshi", "mgtv", "芒果", "sohu", "xigua", "fun", "风行"]}, "header": {"User-Agent": "Mozilla/5.0"}}, {"name": "CY", "url": "https://vip.cyu0.cn/home/api?type=ys&uid=1353484&key=efopqwABCLOTVYZ278&url=", "type": 1, "ext": {"flag": ["qiyi", "imgo", "爱奇艺", "奇艺", "qq", "qq 预告及花絮", "腾讯", "youku", "优酷", "pptv", "PPTV", "letv", "乐视", "leshi", "mgtv", "芒果", "sohu", "xigua", "fun", "风行"]}, "header": {"User-Agent": "Mozilla/5.0"}}, {"name": "ok解析", "url": "https://okjx.cc/?url=", "type": 0, "ext": {"flag": ["qiyi", "imgo", "爱奇艺", "奇艺", "qq", "qq 预告及花絮", "腾讯", "youku", "优酷", "pptv", "PPTV", "letv", "乐视", "leshi", "mgtv", "芒果", "sohu", "xigua", "fun", "风行"]}, "header": {"User-Agent": "Mozilla/5.0"}}, {"name": "全民1", "url": "http://api.wpsseo.cn/?v=", "type": 0, "ext": {"flag": ["qiyi", "imgo", "爱奇艺", "奇艺", "qq", "qq 预告及花絮", "腾讯", "youku", "优酷", "pptv", "PPTV", "letv", "乐视", "leshi", "mgtv", "芒果", "sohu", "xigua", "fun", "风行"]}, "header": {"User-Agent": "Mozilla/5.0"}}, {"name": "m3u8tv", "url": "https://jx.m3u8.tv/jiexi/?url=", "type": 0, "ext": {"flag": ["qiyi", "imgo", "爱奇艺", "奇艺", "qq", "qq 预告及花絮", "腾讯", "youku", "优酷", "pptv", "PPTV", "letv", "乐视", "leshi", "mgtv", "芒果", "sohu", "xigua", "fun", "风行"]}, "header": {"User-Agent": "Mozilla/5.0"}}, {"name": "Fosi", "url": "https://play.fositv.com/?url=", "type": 0, "ext": {"flag": ["qiyi", "imgo", "爱奇艺", "奇艺", "qq", "qq 预告及花絮", "腾讯", "youku", "优酷", "pptv", "PPTV", "letv", "乐视", "leshi", "mgtv", "芒果", "sohu", "xigua", "fun", "风行"]}, "header": {"User-Agent": "Mozilla/5.0"}}, {"name": "诺讯", "url": "https://www.nxflv.com/?url=", "type": 0, "ext": {"flag": ["qiyi", "imgo", "爱奇艺", "奇艺", "qq", "qq 预告及花絮", "腾讯", "youku", "优酷", "pptv", "PPTV", "letv", "乐视", "leshi", "mgtv", "芒果", "sohu", "xigua", "fun", "风行"]}, "header": {"User-Agent": "Mozilla/5.0"}}, {"name": "傻逼聊", "url": "https://svip.spchat.top/api/?key=O9HGeIVUqU3REsnmQP&url=", "type": 1, "ext": {"flag": ["qiyi", "imgo", "爱奇艺", "奇艺", "qq", "qq 预告及花絮", "腾讯", "youku", "优酷", "pptv", "PPTV", "letv", "乐视", "leshi", "mgtv", "芒果", "sohu", "xigua", "fun", "风行"]}, "header": {"User-Agent": "Mozilla/5.0"}}, {"name": "208", "url": "https://v.2080kk.com/home/api?type=ys&uid=1308653&key=behnpstwxBCHJMQ029&url=", "type": 1, "ext": {"flag": ["qiyi", "imgo", "爱奇艺", "奇艺", "qq", "qq 预告及花絮", "腾讯", "youku", "优酷", "pptv", "PPTV", "letv", "乐视", "leshi", "mgtv", "芒果", "sohu", "xigua", "fun", "风行"]}, "header": {"User-Agent": "Mozilla/5.0"}}, {"name": "8090", "url": "https://www.8090.la/8090/?url=", "type": 0, "ext": {"flag": ["qiyi", "imgo", "爱奇艺", "奇艺", "qq", "qq 预告及花絮", "腾讯", "youku", "优酷", "pptv", "PPTV", "letv", "乐视", "leshi", "mgtv", "芒果", "sohu", "xigua", "fun", "风行"]}, "header": {"User-Agent": "Mozilla/5.0"}}, {"name": "365", "url": "https://chaxun.Truechat365.com/?url=", "type": 0, "ext": {"flag": ["qiyi", "imgo", "爱奇艺", "奇艺", "qq", "qq 预告及花絮", "腾讯", "youku", "优酷", "pptv", "PPTV", "letv", "乐视", "leshi", "mgtv", "芒果", "sohu", "xigua", "fun", "风行"]}, "header": {"User-Agent": "Mozilla/5.0"}}, {"name": "无名2", "url": "https://h5.freejson.xyz/player/?url=", "type": 0, "ext": {"flag": ["qiyi", "imgo", "爱奇艺", "奇艺", "qq", "qq 预告及花絮", "腾讯", "youku", "优酷", "pptv", "PPTV", "letv", "乐视", "leshi", "mgtv", "芒果", "sohu", "xigua", "fun", "风行"]}, "header": {"User-Agent": "Mozilla/5.0"}}, {"name": "无名3", "url": "https://freejx.rx88.top:1234/?url=", "type": 0, "ext": {"flag": ["qiyi", "imgo", "爱奇艺", "奇艺", "qq", "qq 预告及花絮", "腾讯", "youku", "优酷", "pptv", "PPTV", "letv", "乐视", "leshi", "mgtv", "芒果", "sohu", "xigua", "fun", "风行"]}, "header": {"User-Agent": "Mozilla/5.0"}}, {"name": "猪蹄", "url": "https://jx.iztyy.com/svip/?url=", "type": 0, "ext": {"flag": ["qiyi", "imgo", "爱奇艺", "奇艺", "qq", "qq 预告及花絮", "腾讯", "youku", "优酷", "pptv", "PPTV", "letv", "乐视", "leshi", "mgtv", "芒果", "sohu", "xigua", "fun", "风行"]}, "header": {"User-Agent": "Mozilla/5.0"}}, {"name": "m2090", "url": "https://m2090.com/?url=", "type": 0, "ext": {"flag": ["qiyi", "imgo", "爱奇艺", "奇艺", "qq", "qq 预告及花絮", "腾讯", "youku", "优酷", "pptv", "PPTV", "letv", "乐视", "leshi", "mgtv", "芒果", "sohu", "xigua", "fun", "风行"]}, "header": {"User-Agent": "Mozilla/5.0"}}, {"name": "解析14", "url": "https://go.yh0523.cn/y.cy?url=", "type": 0, "ext": {"flag": ["qiyi", "imgo", "爱奇艺", "奇艺", "qq", "qq 预告及花絮", "腾讯", "youku", "优酷", "pptv", "PPTV", "letv", "乐视", "leshi", "mgtv", "芒果", "sohu", "xigua", "fun", "风行"]}, "header": {"User-Agent": "Mozilla/5.0"}}, {"name": "B站1", "url": "https://jx.bozrc.com:4433/player/?url=", "type": 0, "ext": {"flag": ["qiyi", "imgo", "爱奇艺", "奇艺", "qq", "qq 预告及花絮", "腾讯", "youku", "优酷", "pptv", "PPTV", "letv", "乐视", "leshi", "mgtv", "芒果", "sohu", "xigua", "fun", "风行"]}, "header": {"User-Agent": "Mozilla/5.0"}}, {"name": "爱豆", "url": "https://jx.aidouer.net/?url=", "type": 0, "ext": {"flag": ["qiyi", "imgo", "爱奇艺", "奇艺", "qq", "qq 预告及花絮", "腾讯", "youku", "优酷", "pptv", "PPTV", "letv", "乐视", "leshi", "mgtv", "芒果", "sohu", "xigua", "fun", "风行"]}, "header": {"User-Agent": "Mozilla/5.0"}}, {"name": "H8", "url": "https://www.h8jx.com/jiexi.php?url=", "type": 0, "ext": {"flag": ["qiyi", "imgo", "爱奇艺", "奇艺", "qq", "qq 预告及花絮", "腾讯", "youku", "优酷", "pptv", "PPTV", "letv", "乐视", "leshi", "mgtv", "芒果", "sohu", "xigua", "fun", "风行"]}, "header": {"User-Agent": "Mozilla/5.0"}}, {"name": "解析", "url": "https://ckmov.ccyjjd.com/ckmov/?url=", "type": 0, "ext": {"flag": ["qiyi", "imgo", "爱奇艺", "奇艺", "qq", "qq 预告及花絮", "腾讯", "youku", "优酷", "pptv", "PPTV", "letv", "乐视", "leshi", "mgtv", "芒果", "sohu", "xigua", "fun", "风行"]}, "header": {"User-Agent": "Mozilla/5.0"}}, {"name": "思古3", "url": "https://jsap.attakids.com/?url=", "type": 0, "ext": {"flag": ["qiyi", "imgo", "爱奇艺", "奇艺", "qq", "qq 预告及花絮", "腾讯", "youku", "优酷", "pptv", "PPTV", "letv", "乐视", "leshi", "mgtv", "芒果", "sohu", "xigua", "fun", "风行"]}, "header": {"User-Agent": "Mozilla/5.0"}}, {"name": "云端1", "url": "https://js.52jx.top:2525/?url=", "type": 0, "ext": {"flag": ["qiyi", "imgo", "爱奇艺", "奇艺", "qq", "qq 预告及花絮", "腾讯", "youku", "优酷", "pptv", "PPTV", "letv", "乐视", "leshi", "mgtv", "芒果", "sohu", "xigua", "fun", "风行"]}, "header": {"User-Agent": "Mozilla/5.0"}}, {"name": "云端2", "url": "https://sb.5gseo.net/?url=", "type": 0, "ext": {"flag": ["qiyi", "imgo", "爱奇艺", "奇艺", "qq", "qq 预告及花絮", "腾讯", "youku", "优酷", "pptv", "PPTV", "letv", "乐视", "leshi", "mgtv", "芒果", "sohu", "xigua", "fun", "风行"]}, "header": {"User-Agent": "Mozilla/5.0"}}, {"name": "搬运", "url": "https://jx.bynote.top/API.php?url=", "type": 1, "ext": {"flag": ["qiyi", "imgo", "爱奇艺", "奇艺", "qq", "qq 预告及花絮", "腾讯", "youku", "优酷", "pptv", "PPTV", "letv", "乐视", "leshi", "mgtv", "芒果", "sohu", "xigua", "fun", "风行"]}, "header": {"User-Agent": "Mozilla/5.0"}}, {"name": "解析第一", "url": "http://27.124.4.42:4567/jhjson/ceshi.php?url=", "type": 0, "ext": {"flag": ["qiyi", "imgo", "爱奇艺", "奇艺", "qq", "qq 预告及花絮", "腾讯", "youku", "优酷", "pptv", "PPTV", "letv", "乐视", "leshi", "mgtv", "芒果", "sohu", "xigua", "fun", "风行"]}, "header": {"User-Agent": "Mozilla/5.0"}}, {"name": "纯净1", "url": "https://z1.m1907.cn/?jx=", "type": 0, "ext": {"flag": ["qiyi", "imgo", "爱奇艺", "奇艺", "qq", "qq 预告及花絮", "腾讯", "youku", "优酷", "pptv", "PPTV", "letv", "乐视", "leshi", "mgtv", "芒果", "sohu", "xigua", "fun", "风行"]}, "header": {"User-Agent": "Mozilla/5.0"}}, {"name": "BL", "url": "https://vip.bljiex.com/?v=", "type": 0, "ext": {"flag": ["qiyi", "imgo", "爱奇艺", "奇艺", "qq", "qq 预告及花絮", "腾讯", "youku", "优酷", "pptv", "PPTV", "letv", "乐视", "leshi", "mgtv", "芒果", "sohu", "xigua", "fun", "风行"]}, "header": {"User-Agent": "Mozilla/5.0"}}, {"name": "CK", "url": "https://www.ckplayer.vip/jiexi/?url=", "type": 0, "ext": {"flag": ["qiyi", "imgo", "爱奇艺", "奇艺", "qq", "qq 预告及花絮", "腾讯", "youku", "优酷", "pptv", "PPTV", "letv", "乐视", "leshi", "mgtv", "芒果", "sohu", "xigua", "fun", "风行"]}, "header": {"User-Agent": "Mozilla/5.0"}}, {"name": "解析la", "url": "https://api.jiexi.la/?url=", "type": 0, "ext": {"flag": ["qiyi", "imgo", "爱奇艺", "奇艺", "qq", "qq 预告及花絮", "腾讯", "youku", "优酷", "pptv", "PPTV", "letv", "乐视", "leshi", "mgtv", "芒果", "sohu", "xigua", "fun", "风行"]}, "header": {"User-Agent": "Mozilla/5.0"}}, {"name": "老板", "url": "https://vip.laobandq.com/jiexi.php?url=", "type": 0, "ext": {"flag": ["qiyi", "imgo", "爱奇艺", "奇艺", "qq", "qq 预告及花絮", "腾讯", "youku", "优酷", "pptv", "PPTV", "letv", "乐视", "leshi", "mgtv", "芒果", "sohu", "xigua", "fun", "风行"]}, "header": {"User-Agent": "Mozilla/5.0"}}, {"name": "PM", "url": "https://www.playm3u8.cn/jiexi.php?url=", "type": 0, "ext": {"flag": ["qiyi", "imgo", "爱奇艺", "奇艺", "qq", "qq 预告及花絮", "腾讯", "youku", "优酷", "pptv", "PPTV", "letv", "乐视", "leshi", "mgtv", "芒果", "sohu", "xigua", "fun", "风行"]}, "header": {"User-Agent": "Mozilla/5.0"}}, {"name": "盘古", "url": "https://www.pangujiexi.cc/jiexi.php?url=", "type": 0, "ext": {"flag": ["qiyi", "imgo", "爱奇艺", "奇艺", "qq", "qq 预告及花絮", "腾讯", "youku", "优酷", "pptv", "PPTV", "letv", "乐视", "leshi", "mgtv", "芒果", "sohu", "xigua", "fun", "风行"]}, "header": {"User-Agent": "Mozilla/5.0"}}, {"name": "全民", "url": "https://jx.blbo.cc:4433/?url=", "type": 0, "ext": {"flag": ["qiyi", "imgo", "爱奇艺", "奇艺", "qq", "qq 预告及花絮", "腾讯", "youku", "优酷", "pptv", "PPTV", "letv", "乐视", "leshi", "mgtv", "芒果", "sohu", "xigua", "fun", "风行"]}, "header": {"User-Agent": "Mozilla/5.0"}}, {"name": "七哥", "url": "https://jx.mmkv.cn/tv.php?url=", "type": 0, "ext": {"flag": ["qiyi", "imgo", "爱奇艺", "奇艺", "qq", "qq 预告及花絮", "腾讯", "youku", "优酷", "pptv", "PPTV", "letv", "乐视", "leshi", "mgtv", "芒果", "sohu", "xigua", "fun", "风行"]}, "header": {"User-Agent": "Mozilla/5.0"}}, {"name": "RDHK", "url": "https://jx.rdhk.net/?v=", "type": 0, "ext": {"flag": ["qiyi", "imgo", "爱奇艺", "奇艺", "qq", "qq 预告及花絮", "腾讯", "youku", "优酷", "pptv", "PPTV", "letv", "乐视", "leshi", "mgtv", "芒果", "sohu", "xigua", "fun", "风行"]}, "header": {"User-Agent": "Mozilla/5.0"}}, {"name": "云析", "url": "https://jx.yparse.com/index.php?url=", "type": 0, "ext": {"flag": ["qiyi", "imgo", "爱奇艺", "奇艺", "qq", "qq 预告及花絮", "腾讯", "youku", "优酷", "pptv", "PPTV", "letv", "乐视", "leshi", "mgtv", "芒果", "sohu", "xigua", "fun", "风行"]}, "header": {"User-Agent": "Mozilla/5.0"}}, {"name": "180", "url": "https://jx.000180.top/jx/?url=", "type": 0, "ext": {"flag": ["qiyi", "imgo", "爱奇艺", "奇艺", "qq", "qq 预告及花絮", "腾讯", "youku", "优酷", "pptv", "PPTV", "letv", "乐视", "leshi", "mgtv", "芒果", "sohu", "xigua", "fun", "风行"]}, "header": {"User-Agent": "Mozilla/5.0"}}, {"name": "七彩", "url": "https://www.xymav.com/?url=", "type": 0, "ext": {"flag": ["qiyi", "imgo", "爱奇艺", "奇艺", "qq", "qq 预告及花絮", "腾讯", "youku", "优酷", "pptv", "PPTV", "letv", "乐视", "leshi", "mgtv", "芒果", "sohu", "xigua", "fun", "风行"]}, "header": {"User-Agent": "Mozilla/5.0"}}, {"name": "夜幕", "url": "https://www.yemu.xyz/?url=", "type": 0, "ext": {"flag": ["qiyi", "imgo", "爱奇艺", "奇艺", "qq", "qq 预告及花絮", "腾讯", "youku", "优酷", "pptv", "PPTV", "letv", "乐视", "leshi", "mgtv", "芒果", "sohu", "xigua", "fun", "风行"]}, "header": {"User-Agent": "Mozilla/5.0"}}, {"name": "1717云", "url": "https://www.1717yun.com/jx/ty.php?url=", "type": 0, "ext": {"flag": ["qiyi", "imgo", "爱奇艺", "奇艺", "qq", "qq 预告及花絮", "腾讯", "youku", "优酷", "pptv", "PPTV", "letv", "乐视", "leshi", "mgtv", "芒果", "sohu", "xigua", "fun", "风行"]}, "header": {"User-Agent": "Mozilla/5.0"}}, {"name": "8090", "url": "https://www.8090g.cn/?url=", "type": 0, "ext": {"flag": ["qiyi", "imgo", "爱奇艺", "奇艺", "qq", "qq 预告及花絮", "腾讯", "youku", "优酷", "pptv", "PPTV", "letv", "乐视", "leshi", "mgtv", "芒果", "sohu", "xigua", "fun", "风行"]}, "header": {"User-Agent": "Mozilla/5.0"}}, {"name": "keyu", "type": 1, "url": "http://newjiexi.gotka.top/keyu3.php?url=", "ext": {"flag": ["qq", "腾讯", "qiyi", "爱奇艺", "奇艺", "youku", "优酷", "mgtv", "芒果", "letv", "乐视", "pptv", "PPTV", "sohu", "bilibili", "哔哩哔哩", "哔哩"], "header": {"User-Agent": "okhttp/4.1.0"}}, "header": {"User-Agent": "Mozilla/5.0"}}, {"name": "码上解析1", "type": 1, "url": "https://jx.xmflv.com/?url="}, {"name": "码上解析2", "type": 1, "url": "https://jx.googe.cc/api/bfq/?key=pDUrtM5UHLtQJGDTYl&url="}, {"name": "码上解析3", "type": 1, "url": "https://jx.xmflv.cc/?url="}, {"name": "码上解析4", "type": 1, "url": "https://jx.playerjy.com/?url="}, {"name": "码上解析5", "type": 1, "url": "https://jx.m3u8.tv/jiexi/?url="}, {"name": "码上解析6", "type": 1, "url": "https://www.8090g.cn/jiexi/?url="}, {"name": "码上解析7", "type": 1, "url": "https://www.8090.la/8090/?url="}, {"name": "码上解析8", "type": 1, "url": "http://www.jzmhtt.com/zdy/vip/?url="}, {"name": "码上解析9", "type": 1, "url": "https://www.playm3u8.cn/jiexi.php?url="}, {"name": "码上解析10", "type": 1, "url": "https://www.ckplayer.vip/jiexi/?url="}, {"name": "Json聚合", "type": 3, "url": "Demo"}, {"name": "Web聚合", "type": 3, "url": "Web"}, {"name": "肥猫最可爱", "type": 1, "url": "http://xn--ihqu10cn4c.xn--z7x900a.live/jx.php?id=2&url=", "ext": {"flag": ["qq", "腾讯", "qiyi", "爱奇艺", "奇艺", "youku", "优酷", "tucheng", "sohu", "搜狐", "letv", "乐视", "mgtv", "芒果", "tnmb", "seven", "yzm", "aliyun", "RJuMao", "bilibili", "1905", "xinvip", "XAL", "qiqi", "XALS", "YuMi-vip"]}}, {"name": "聚合1", "type": 3, "url": "Demo"}, {"name": "聚合0", "type": 3, "url": "Web"}, {"name": "摸鱼解析A", "type": 1, "url": "https://api.qljson.xyz/api/?key=11781ab2890bcb53fdb4b2ad27503d7c&url=", "ext": {"flag": ["qq", "腾讯", "qiyi", "爱奇艺", "奇艺", "youku", "优酷", "sohu", "搜狐", "letv", "乐视", "mgtv", "芒果", "rx", "ltnb", "bilibili", "1905", "xigua"]}}, {"name": "摸鱼解析B", "type": 1, "url": "https://api.qljson.xyz/api/?key=11781ab2890bcb53fdb4b2ad27503d7c&url=", "ext": {"flag": ["qq", "腾讯", "qiyi", "爱奇艺", "奇艺", "youku", "优酷", "sohu", "搜狐", "letv", "乐视", "mgtv", "芒果", "rx", "ltnb", "bilibili", "1905", "xigua"]}}, {"name": "摸鱼解析C", "type": 1, "url": "https://mg.zrjx.xyz/?url=", "ext": {"flag": ["qq", "腾讯", "qiyi", "爱奇艺", "奇艺", "youku", "优酷", "sohu", "搜狐", "letv", "乐视", "mgtv", "芒果", "rx", "ltnb", "bilibili", "1905", "xigua"]}}, {"name": "请保持 解析聚合 为红色方能正常播放", "type": 0, "url": "https://jx.777jiexi.com/player/?url="}, {"name": "", "type": 1, "url": "http://app.lyyyt/?url=", "header": {"User-Agent": "okhttp/4.1.0"}}, {"name": "", "type": 1, "url": "http://xn--wnup5g.xn--z7x900a.love:63/Art1/analysis.php?v=", "ext": {"flag": ["qq", "腾讯", "企鹅", "IQiYi", "qiyi", "爱奇艺", "奇艺", "youku", "YouKu", "优酷", "sohu", "SoHu", "搜狐", "letv", "LeShi", "乐视", "imgo", "mgtv", "MangGuo", "芒果", "SLYS4k", "BYGA", "luanzi", "AliS", "dxzy", "bilibili", "QEYSS", "xigua", "西瓜视频", "腾讯视频", "奇艺视频", "优酷视频", "芒果视频", "乐视视频"]}}, {"name": "", "type": 0, "url": "https://jx.bozrc.com:4433/player/?url=", "ext": {"flag": ["qq", "腾讯", "qiyi", "爱奇艺", "奇艺", "youku", "优酷", "mgtv", "芒果", "letv", "乐视", "pptv", "PPTV", "sohu", "bilibili", "哔哩哔哩", "哔哩"], "header": {"User-Agent": "okhttp/4.1.0"}}}, {"name": "", "type": 0, "url": "http://www.miaoys.cc/vip/?url="}, {"name": "", "type": 1, "url": "https://cy.jonwer.cn/home/api?type=ys&uid=13139054&key=cdouvyDGNOPTV01369&url="}, {"name": "", "type": 1, "url": "http://47.108.39.237:55/api/jsonindex.php/?key=dp2xOsl8Nws8uFdY0E&url="}, {"name": "", "type": 1, "url": "http://jx.fuqizhishi.com:63/API.php?appkey=feimao&url=", "ext": {"flag": ["qq", "腾讯", "企鹅", "IQiYi", "qiyi", "爱奇艺", "奇艺", "youku", "YouKu", "优酷", "sohu", "SoHu", "搜狐", "letv", "LeShi", "乐视", "imgo", "mgtv", "MangGuo", "芒果", "SLYS4k", "BYGA", "luanzi", "AliS", "dxzy", "bilibili", "QEYSS", "xigua", "西瓜视频", "腾讯视频", "奇艺视频", "优酷视频", "芒果视频", "乐视视频"]}}], "rules": [{"name": "kk", "hosts": ["kuaikan"], "regex": ["5", "20.123", "20.167", "#EXT-X-DISCONTINUITY\\r*\\n*((?!#EXT-X-DISCONTINUITY)[\\s\\S])*?#EXT-X-KEY:METHOD((?!#EXT-X-DISCONTINUITY)[\\s\\S])*?#EXT-X-DISCONTINUITY"]}, {"name": "yQK", "hosts": ["ydd"], "regex": ["18.4", "15.1666", "16.5333"]}, {"name": "yqk", "hosts": ["yqk"], "regex": ["18.4", "15.1666", "#EXT-X-DISCONTINUITY\\r*\\n*((?!#EXT-X-DISCONTINUITY)[\\s\\S])*?#EXT-X-CUE-OUT((?!#EXT-X-DISCONTINUITY)[\\s\\S])*?#EXT-X-CUE-IN"]}, {"name": "sn", "hosts": ["suonizy"], "regex": ["#EXTINF.*?\\s+.*?original.*?\\.ts\\s+", "15.1666", "15.2666", "16.3333", "15.266667"]}, {"name": "bf", "hosts": ["bfzy"], "regex": ["#EXT-X-DISCONTINUITY\\r*\\n*#EXTINF:3,[\\s\\S]*?#EXT-X-DISCONTINUITY"]}, {"name": "xx", "hosts": ["aws.ulivetv.net"], "regex": ["#EXT-X-DISCONTINUITY\\r*\\n*#EXTINF:8,[\\s\\S]*?#EXT-X-DISCONTINUITY"]}, {"name": "lz", "hosts": ["vip.lz", "hd.lz", "v.cdnlz", "yzzy1.play"], "regex": ["18.5333", "19.52", "18.6666"]}, {"name": "ff", "hosts": ["vip.ffzy", "hd.ffzy", "ffzy"], "regex": ["25.0666", "25.08", "20.52", "25.1", "25.1999"]}, {"name": "hs", "hosts": ["huoshan.com"], "regex": ["item_id="]}, {"name": "dy", "hosts": ["douyin.com"], "regex": ["is_play_url="]}, {"name": "nm", "hosts": ["toutiaovod.com"], "regex": ["video/tos/cn"]}, {"name": "cl", "hosts": ["magnet"], "regex": ["最 新", "直 播", "更 新"]}], "flags": [], "doh": [{"name": "Google", "url": "https://dns.google/dns-query", "ips": ["8.8.4.4", "8.8.8.8"]}, {"name": "Cloudflare", "url": "https://cloudflare-dns.com/dns-query", "ips": ["1.1.1.1", "1.0.0.1", "2606:4700:4700::1111", "2606:4700:4700::1001"]}, {"name": "AdGuard", "url": "https://dns.adguard.com/dns-query", "ips": ["94.140.14.140", "94.140.14.141"]}, {"name": "DNSWatch", "url": "https://resolver2.dns.watch/dns-query", "ips": ["84.200.69.80", "84.200.70.40"]}, {"name": "Quad9", "url": "https://dns.quad9.net/dns-quer", "ips": ["9.9.9.9", "149.112.112.112"]}], "ijk": [{"group": "软解码", "options": [{"category": 4, "name": "opensles", "value": "0"}, {"category": 4, "name": "overlay-format", "value": "842225234"}, {"category": 4, "name": "framedrop", "value": "1"}, {"category": 4, "name": "soundtouch", "value": "1"}, {"category": 4, "name": "start-on-prepared", "value": "1"}, {"category": 1, "name": "http-detect-range-support", "value": "0"}, {"category": 1, "name": "fflags", "value": "fastseek"}, {"category": 2, "name": "skip_loop_filter", "value": "48"}, {"category": 4, "name": "reconnect", "value": "1"}, {"category": 4, "name": "enable-accurate-seek", "value": "0"}, {"category": 4, "name": "mediacodec", "value": "0"}, {"category": 4, "name": "mediacodec-auto-rotate", "value": "0"}, {"category": 4, "name": "mediacodec-handle-resolution-change", "value": "0"}, {"category": 4, "name": "mediacodec-hevc", "value": "0"}, {"category": 1, "name": "dns_cache_timeout", "value": "600000000"}]}, {"group": "硬解码", "options": [{"category": 4, "name": "opensles", "value": "0"}, {"category": 4, "name": "overlay-format", "value": "842225234"}, {"category": 4, "name": "framedrop", "value": "1"}, {"category": 4, "name": "soundtouch", "value": "1"}, {"category": 4, "name": "start-on-prepared", "value": "1"}, {"category": 1, "name": "http-detect-range-support", "value": "0"}, {"category": 1, "name": "fflags", "value": "fastseek"}, {"category": 2, "name": "skip_loop_filter", "value": "48"}, {"category": 4, "name": "reconnect", "value": "1"}, {"category": 4, "name": "enable-accurate-seek", "value": "0"}, {"category": 4, "name": "mediacodec", "value": "1"}, {"category": 4, "name": "mediacodec-auto-rotate", "value": "1"}, {"category": 4, "name": "mediacodec-handle-resolution-change", "value": "1"}, {"category": 4, "name": "mediacodec-hevc", "value": "1"}, {"category": 1, "name": "dns_cache_timeout", "value": "600000000"}]}]}