    {
    
    "作者":"荷城茶秀",
    
    "站名":"777影视",
    
    "主页url":"https://www.777ys1.com/",
    
    "简介":"【荷城茶秀】提醒您请勿相信影片中的广告，以免上当受骗！欢迎加入QQ交流群：869277279，公众号：日后魔改，获取更多影视资源。+<p&&</p>",
    
    "影片状态":"备注：&&</div>",
    
    "影片类型":"module-info-tag\">&&立即播放",
    
    "搜索url":"/search/wd/{wd}",
    
    "线路数组":"data-dropdown-value=&&</div>",
    
    "线路标题":"荷城茶秀接口-+<span>&&</small>[替换:</span><small>>>🌸共]+集🌸",
    
    "分类url":"https://www.777ys1.com/show/{cateId}/area/{area}/by/{by}/class/{class}/page/{catePg}/year/{year}/;;akm0",
    
    "分类":"电影$dianying#电视剧$dianshiju#综艺$zongyi#动漫$dongman#少儿$shaoer"}