    {
    
    "作者":"荷城茶秀",
    
    "站名":"蜗牛影视",
    
    "主页url":"https://www.yizhiwo.cc/",
    
    "简介":"【荷城茶秀】提醒您请勿相信影片中的广告，以免上当受骗！欢迎加入QQ交流群：869277279，公众号：日后魔改，获取更多影视资源。+<p&&</p>",
    
    "影片状态":"集数：&&</div>",
    
    "影片类型":"module-info-tag\">&&立即播放",
    
    "线路数组":"data-dropdown-value=&&</div>[不包含:超清]",
    
    "线路标题":"🌸荷城茶秀接口🌸+<span>&&</small>[替换:高清播放器>>蜗牛专线#</span><small>>>共]+集",
    
    "分类url":"https://www.yizhiwo.cc/vodshow/{cateId}-{area}-{by}-{class}-{lang}----{catePg}---{year}.html;;akx",
    
    "分类":"电影$1#电视剧$2#动漫$3#纪录片$4"}