    {
    
    "作者":"荷城茶秀",
    
    "站名":"老蟹影视",
    
    "主页url":"http://m.wkking.top/",
    
    "简介":"【荷城茶秀】提醒您请勿相信影片中的广告，以免上当受骗！欢迎加入QQ交流群：869277279，公众号：日后魔改，获取更多影视资源。+summary detailsTxt\"&&div class=\"bj ectogg\"",
    
    "导演":"日后魔改/大件运输",
    
    "影片状态":"状态：&&</p>",
    
    "影片类型":"scroll-content\">&&</div>",
    
    "标题":"movie-title txtHide\" title=*>&&</div>",
    
    "搜索url":"/index.php/vod/search.html?wd={wd}",
    
    "线路数组":"titleName cr3 swiper-slide&&/a>[不包含:优选]",
    
    "线路标题":"荷城茶秀接口-+>&&<[替换:(>>🌸共#)>>集🌸]",
    
    "分类url":"http://m.wkking.top/index.php/vod/show/area/{area}/by/{by}/class/{class}/id/{cateId}/page/{catePg}year/{year}html;;ak",
    
    "分类":"电影$1#电视剧$2#综艺$4#动漫$3#纪录片$43"}