{"spider": "./custom_spider.jar;md5;F20B74480C058B1FF6236601F92D65A8", "wallpaper": "http://www.kf666888.cn/api/tvbox/img", "warningText": "码上放生公众号免费整理维护：资源来自网络，无盈利，纯技术分享，如有冒犯请联系删除。[所有内容仅供学习使用，请勿用于违法及商业用途，请勿付费购买]", "lives": [{"name": "live", "type": 0, "url": "./live.txt", "playerType": 1, "ua": "okhttp/3.12.13", "epg": "http://epg.112114.xyz/?ch={name}&date={date}", "logo": "https://epg.112114.xyz/logo/{name}.png"}], "sites": [{"key": "时光机本地豆瓣", "name": "🚖本地版时光机-码上放生公众号免费提供,请勿付费购买💢v20230910-公测版-227", "type": 3, "api": "./sites/码上/drpy.min.js", "searchable": 0, "quickSearch": 0, "filterable": 1, "ext": "./sites/码上/码上看_豆瓣.min.js"}, {"key": "dr_码上看_哔哩影视", "name": "🔥码上看动漫", "type": 3, "api": "./sites/码上/drpy.min.js", "searchable": 1, "quickSearch": 0, "filterable": 1, "ext": "./sites/码上/码上看_哔哩影视.min.js"}, {"key": "dr_码上看_素白白", "name": "🔥码上看白白", "type": 3, "api": "./sites/码上/drpy.min.js", "searchable": 1, "quickSearch": 0, "filterable": 1, "ext": "./sites/码上/码上看_素白白.min.js"}, {"key": "csp_WoGG", "name": "码上👓饭-👽玩偶哥哥┃4K", "type": 3, "api": "csp_WoGG", "searchable": 1, "quickSearch": 1, "changeable": 0, "ext": "http://127.0.0.1:9978/file/tm/token.txt+4k|auto|fhd$$$https://www.wogg.xyz/"}, {"key": "Bili", "name": "码上👓饭-🅱哔哔┃合集", "type": 3, "api": "csp_Bili", "style": {"type": "rect", "ratio": 1.597}, "searchable": 1, "quickSearch": 0, "changeable": 0, "ext": "./sites/码上👓饭/bilibili.json"}, {"key": "Biliych", "name": "码上👓饭-🅱哔哔┃演唱会", "type": 3, "api": "csp_Bili", "style": {"type": "rect", "ratio": 1.597}, "searchable": 1, "quickSearch": 0, "changeable": 0, "ext": "./sites/码上👓饭/biliych.json"}, {"key": "YGP", "name": "码上👓饭-🚀叨观荐影┃速递", "type": 3, "api": "csp_YGP", "searchable": 0, "quickSearch": 0, "changeable": 0}, {"key": "4KHDR", "name": "码上👓饭-🧲世界磁力┃慎用", "type": 3, "searchable": 1, "quickSearch": 1, "changeable": 0, "api": "./sites/码上👓饭/drpy1.min.js", "ext": "./sites/码上👓饭/4khdr.js"}, {"key": "新6V", "name": "码上👓饭-🧲新6V磁力┃慎用", "type": 3, "api": "csp_SixV", "searchable": 1, "quickSearch": 1, "changeable": 0, "ext": "http://www.xb6v.com/"}, {"key": "迪迪", "name": "码上👓饭-😎迪迪┃App", "api": "csp_AppYsV2", "type": 3, "searchable": 1, "quickSearch": 1, "changeable": 1, "ext": "https://api123.adys.app/xgapp.php/v3/"}, {"key": "Czsapp", "name": "码上👓饭-📔厂长┃直连", "type": 3, "api": "csp_Czsapp", "playerType": 2, "searchable": 1, "quickSearch": 1, "changeable": 1}, {"key": "率率", "name": "码上👓饭-💡率率┃App", "type": 3, "api": "csp_AppYsV2", "playerType": 1, "searchable": 1, "quickSearch": 1, "changeable": 1, "ext": "http://caiji.ghlyys.com/yumi/api.php/app/"}, {"key": "Auete", "name": "码上👓饭-🏝奥特┃直连", "type": 3, "api": "csp_Auete", "searchable": 1, "quickSearch": 1, "changeable": 1}, {"key": "zxzj", "name": "码上👓饭-📗在线┃直连", "type": 3, "api": "csp_Zxzj", "searchable": 1, "quickSearch": 1, "changeable": 1, "ext": "https://www.zxzj.pro/"}, {"key": "贱贱", "name": "码上👓饭-🐭贱贱┃p2p", "type": 3, "searchable": 1, "quickSearch": 1, "changeable": 1, "playerType": "1", "api": "./sites/码上👓饭/drpy1.min.js", "ext": "./sites/码上👓饭/jp.js"}, {"key": "探探", "name": "码上👓饭-🏵影探┃App", "type": 3, "playerType": "1", "api": "csp_YTVIP", "searchable": 1, "quickSearch": 1, "changeable": 1, "ext": "vip.lyyytv.cn"}, {"key": "哈喽", "name": "码上👓饭-✌哈喽┃App", "type": 3, "api": "csp_AppYsV2", "searchable": 1, "quickSearch": 1, "changeable": 1, "ext": "http://www.miniku.cc/xgapp.php/v1/"}, {"key": "陌陌", "name": "码上👓饭-🍄陌陌┃App", "type": 3, "api": "csp_AppYsV2", "searchable": 1, "quickSearch": 1, "changeable": 1, "ext": "https://www.kuin.one/api.php/app/"}, {"key": "奇奇", "name": "码上👓饭-🍓奇奇┃App", "type": 3, "api": "csp_AppYsV2", "searchable": 1, "quickSearch": 1, "changeable": 1, "ext": "http://mp4.ghlyys.com/api.php/app/"}, {"key": "DiDuan", "name": "码上👓饭-⏮️低端┃直连", "type": 3, "api": "csp_Ddrk", "searchable": 1, "quickSearch": 1, "changeable": 1}, {"key": "77", "name": "码上👓饭-👒七七┃App", "type": 3, "api": "csp_Kunyu77", "searchable": 1, "quickSearch": 1, "changeable": 1}, {"key": "Vofl", "name": "码上👓饭-🎈VOF┃直连", "type": 3, "api": "csp_Voflix", "searchable": 1, "quickSearch": 1, "changeable": 1}, {"key": "Lib", "name": "码上👓饭-🌟利播┃直连", "type": 3, "api": "csp_Libvio", "searchable": 1, "quickSearch": 1, "changeable": 1, "ext": "https://www.libvio.pro/"}, {"key": "Xinsj", "name": "码上👓饭-👓视觉┃直连", "type": 3, "api": "csp_Xinsj", "searchable": 1, "quickSearch": 1, "changeable": 1, "ext": "https://www.6080yy3.com/"}, {"key": "kuaikan", "name": "码上👓饭-👀快看┃App", "type": 3, "api": "csp_Kuaikan", "searchable": 1, "quickSearch": 1, "changeable": 1}, {"key": "AppMr", "name": "码上👓饭-👻明明┃App", "type": 3, "api": "csp_AppMr", "searchable": 1, "quickSearch": 1, "changeable": 1}, {"key": "YQKAPP", "name": "码上👓饭-🎉一起┃App", "type": 3, "api": "csp_YQKAPP", "playerType": 2, "searchable": 1, "quickSearch": 1, "changeable": 1, "ext": "https://api-aws.11ty.top"}, {"key": "Cokemv", "name": "码上👓饭-📕可乐┃直连", "type": 3, "api": "csp_Cokemv", "playerType": 2, "searchable": 1, "quickSearch": 1, "changeable": 1}, {"key": "csp_Nmys", "name": "码上👓饭-🌾农民┃直连", "type": 3, "api": "csp_Nmys", "searchable": 1, "quickSearch": 1, "changeable": 1, "ext": "./sites/码上👓饭/nmys.json"}, {"key": "csp_Ysgc", "name": "码上👓饭-🏭工场┃直连", "type": 3, "api": "csp_Ysgc", "searchable": 1, "quickSearch": 1, "changeable": 1, "ext": "https://www.ysgc1.cc/"}, {"key": "csp_SP33", "name": "码上👓饭-📺三三┃解析", "type": 3, "api": "csp_SP33", "searchable": 1, "quickSearch": 1, "filterable": 1, "changeable": 0}, {"key": "Qtv", "name": "码上👓饭-🐧腾腾┃解析", "type": 3, "api": "csp_Qtv", "searchable": 1, "quickSearch": 1, "filterable": 1, "changeable": 0}, {"key": "Itv", "name": "码上👓饭-🥝爱爱┃解析", "type": 3, "api": "csp_Itv", "quickSearch": 1, "searchable": 1, "filterable": 1, "changeable": 0}, {"key": "Mtv", "name": "码上👓饭-🍋芒芒┃解析", "type": 3, "api": "csp_Mtv", "searchable": 1, "quickSearch": 1, "filterable": 1, "changeable": 0}, {"key": "csp_Dm84", "name": "码上👓饭-🚌动漫┃巴士", "type": 3, "api": "csp_Dm84", "searchable": 1, "quickSearch": 1, "changeable": 1}, {"key": "csp_Ying", "name": "码上👓饭-💮樱花┃动漫", "type": 3, "api": "csp_Ying", "searchable": 1, "quickSearch": 1, "changeable": 1}, {"key": "csp_Ysj", "name": "码上👓饭-🎀异界┃动漫", "type": 3, "api": "csp_Ysj", "searchable": 1, "quickSearch": 1, "changeable": 1}, {"key": "csp_Anime1", "name": "码上👓饭-🐾日本┃动漫", "type": 3, "api": "csp_Anime1", "searchable": 1, "quickSearch": 1, "changeable": 1}, {"key": "csp_Yj1211", "name": "码上👓饭-📽️网红┃直播", "type": 3, "api": "csp_Yj1211", "searchable": 1, "quickSearch": 1, "changeable": 1}, {"key": "88js", "name": "码上👓饭-⚽ 88┃看球", "type": 3, "api": "./sites/码上👓饭/drpy1.min.js", "ext": "./sites/码上👓饭/88看球.js", "style": {"type": "rect", "ratio": 1}, "searchable": 0, "quickSearch": 0, "changeable": 0}, {"key": "csp_qiumi", "name": "码上👓饭-⚽ Jrs┃球迷", "type": 3, "api": "./sites/码上👓饭/drpy1.min.js", "ext": "./sites/码上👓饭/JRKAN直播.js", "style": {"type": "rect", "ratio": 1}, "searchable": 0, "quickSearch": 0, "changeable": 0}, {"key": "csp_310直播", "name": "码上👓饭-⚽310┃看球", "type": 3, "api": "./sites/码上👓饭/drpy1.min.js", "ext": "./sites/码上👓饭/310直播.js", "style": {"type": "rect", "ratio": 1}, "searchable": 0, "quickSearch": 0, "changeable": 0}, {"key": "csp_XPath_企鹅体育", "name": "码上👓饭-🐧企鹅┃体育", "type": 3, "api": "csp_XPath", "style": {"type": "rect", "ratio": 1.597}, "searchable": 0, "quickSearch": 0, "changeable": 0, "ext": "./sites/码上👓饭/企鹅直播.json"}, {"key": "MV_vod", "name": "码上👓饭-🎶明星┃MV", "type": 1, "api": "https://mv.wogg.link/mv/vod", "style": {"type": "oval"}, "searchable": 1, "quickSearch": 0, "changeable": 0}, {"key": "酷奇js", "name": "码上👓饭-🎤酷奇┃MV", "type": 3, "api": "./sites/码上👓饭/drpy1.min.js", "ext": "./sites/码上👓饭/酷奇MV.js", "style": {"type": "rect", "ratio": 1.597}, "searchable": 0, "quickSearch": 0, "changeable": 0}, {"key": "虎牙直播js", "name": "码上👓饭-🐯虎牙┃直播", "type": 3, "api": "./sites/码上👓饭/drpy1.min.js", "ext": "./sites/码上👓饭/虎牙直播.js", "style": {"type": "rect", "ratio": 1.755}, "searchable": 0, "quickSearch": 0, "changeable": 0}, {"key": "csp_XYQBiu_斗鱼", "name": "码上👓饭-🐟斗鱼┃直播", "type": 3, "api": "./sites/码上👓饭/drpy1.min.js", "ext": "./sites/码上👓饭/斗鱼直播.js", "style": {"type": "rect", "ratio": 1.755}, "searchable": 0, "quickSearch": 0, "changeable": 0}, {"key": "csp_聚短视频", "name": "码上👓饭-📽️聚短┃视频", "type": 3, "api": "./sites/码上👓饭/drpy1.min.js", "ext": "./sites/码上👓饭/短视频.js", "searchable": 0, "quickSearch": 0, "changeable": 0}, {"key": "有声小说js", "name": "码上👓饭-🎧有声┃小说", "type": 3, "api": "./sites/码上👓饭/drpy1.min.js", "ext": "./sites/码上👓饭/有声小说吧.js", "style": {"type": "rect", "ratio": 1}, "searchable": 0, "quickSearch": 0, "changeable": 0}, {"key": "YiSo", "name": "码上👓饭-😹易搜┃搜索", "type": 3, "api": "csp_YiSo", "searchable": 1, "quickSearch": 1, "changeable": 0, "ext": "http://127.0.0.1:9978/file/tm/token.txt+4k|auto|fhd"}, {"key": "Zhaozy", "name": "码上👓饭-🐺找资源┃搜索", "type": 3, "api": "csp_Zhaozy", "searchable": 1, "quickSearch": 1, "changeable": 0, "ext": "http://127.0.0.1:9978/file/tm/token.txt+4k|auto|fhd$$$fanfan$$$qqq111"}, {"key": "PanSou", "name": "码上👓饭-🦊盘搜┃搜索", "type": 3, "api": "csp_PanSou", "searchable": 1, "quickSearch": 1, "changeable": 0, "ext": "http://127.0.0.1:9978/file/tm/token.txt+4k|auto|fhd"}, {"key": "UpYun", "name": "码上👓饭-😻Up搜┃搜索", "type": 3, "api": "csp_UpYun", "searchable": 1, "quickSearch": 1, "changeable": 0, "ext": "http://127.0.0.1:9978/file/tm/token.txt+4k|auto|fhd"}, {"key": "PanSearch", "name": "码上👓饭-🙀盘Se┃搜索", "type": 3, "api": "csp_PanSearch", "searchable": 1, "quickSearch": 1, "changeable": 0, "ext": "http://127.0.0.1:9978/file/tm/token.txt+4k|auto|fhd"}, {"key": "七夜", "name": "码上👓饭-😾七夜┃搜索", "type": 3, "api": "csp_Dovx", "searchable": 1, "quickSearch": 1, "changeable": 0, "ext": "http://127.0.0.1:9978/file/tm/token.txt+4k|auto|fhd"}, {"key": "push_agent", "name": "码上👓饭-🛴手机┃推送", "type": 3, "api": "csp_Push", "searchable": 0, "quickSearch": 0, "ext": "http://127.0.0.1:9978/file/tm/token.txt+4k|auto|fhd"}, {"key": "csp_Nbys", "name": "码上👓饭-🛫泥巴┃飞", "type": 3, "api": "csp_NiNi", "searchable": 1, "quickSearch": 1, "changeable": 1}, {"key": "csp_trj", "name": "码上👓饭-🛫唐人街┃飞", "type": 3, "api": "csp_Tangrenjie", "searchable": 1, "quickSearch": 1, "changeable": 1}, {"key": "dr_兔小贝", "name": "码上👓饭-📚儿童┃启蒙", "type": 3, "api": "./sites/码上👓饭/drpy1.min.js", "ext": "./sites/码上👓饭/%E5%85%94%E5%B0%8F%E8%B4%9D.js", "style": {"type": "rect", "ratio": 1.597}, "searchable": 0, "quickSearch": 0, "changeable": 0}, {"key": "少儿教育", "name": "码上👓饭-📚少儿┃教育", "type": 3, "api": "csp_Bili", "style": {"type": "rect", "ratio": 1.597}, "searchable": 0, "quickSearch": 0, "changeable": 0, "ext": "./sites/码上👓饭/少儿教育.json"}, {"key": "小学课堂", "name": "码上👓饭-📚小学┃课堂", "type": 3, "api": "csp_Bili", "style": {"type": "rect", "ratio": 1.597}, "searchable": 0, "quickSearch": 0, "changeable": 0, "ext": "./sites/码上👓饭/小学课堂.json"}, {"key": "初中课堂", "name": "码上👓饭-📚初中┃课堂", "type": 3, "api": "csp_Bili", "style": {"type": "rect", "ratio": 1.597}, "searchable": 0, "quickSearch": 0, "changeable": 0, "ext": "./sites/码上👓饭/初中课堂.json"}, {"key": "高中教育", "name": "码上👓饭-📚高中┃课堂", "type": 3, "api": "csp_Bili", "style": {"type": "rect", "ratio": 1.597}, "searchable": 0, "quickSearch": 0, "changeable": 0, "ext": "./sites/码上👓饭/高中课堂.json"}, {"key": "drpy_js_荐片", "name": "码上👓道-荐片 | 影视[js]", "type": 3, "api": "./sites/码上👓道/drpy2.min.js", "ext": "./sites/码上👓道/荐片.js"}, {"key": "drpy_js_爱看机器人", "name": "码上👓道-爱看 | 机器[js]", "type": 3, "api": "./sites/码上👓道/drpy2.min.js", "ext": "./sites/码上👓道/ikanbot2.js"}, {"key": "csp_阿里七夜", "name": "码上👓道-阿里 ┃ 七夜[4K]", "type": 3, "api": "csp_Dovx", "searchable": 1, "quickSearch": 1, "filterable": 0, "ext": "http://127.0.0.1:9978/file/tm/token.txt"}, {"key": "csp_TuGou", "name": "码上👓道-阿里 ┃ 土狗[4K]", "type": 3, "api": "csp_TuGou", "searchable": 1, "quickSearch": 1, "filterable": 0, "ext": "http://127.0.0.1:9978/file/tm/token.txt"}, {"key": "Upyunso", "name": "码上👓道-阿里 ┃ 云搜[4K]", "type": 3, "api": "csp_UpYun", "searchable": 1, "quickSearch": 1, "filterable": 0, "ext": "http://127.0.0.1:9978/file/tm/token.txt"}, {"key": "Alips", "name": "码上👓道-阿里 ┃ 盘搜[4K]", "type": 3, "api": "csp_PanSou", "searchable": 1, "quickSearch": 1, "filterable": 0, "ext": "http://127.0.0.1:9978/file/tm/token.txt"}, {"key": "drpy_js_我的哔哩", "name": "码上👓道-B站 | 合集[js]", "type": 3, "api": "./sites/码上👓道/drpy2.min.js", "ext": "./sites/码上👓道/我的哔哩.js"}, {"key": "AList", "name": "码上👓道-网盘 | Alist[jar]", "type": 3, "api": "csp_AList", "ext": "./sites/码上👓道/alist.json"}, {"key": "drpy_js_Alist", "name": "码上👓道-网盘 | Alist[js]", "type": 3, "api": "./sites/码上👓道/alist.min.js", "ext": "./sites/码上👓道/alist.json"}, {"key": "drpy_js_360影视", "name": "码上👓道-官源 | 360[js]", "type": 3, "api": "./sites/码上👓道/drpy2.min.js", "ext": "./sites/码上👓道/360影视.js"}, {"key": "drpy_js_奇珍异兽", "name": "码上👓道-官源 | 爱奇艺[js]", "type": 3, "api": "./sites/码上👓道/drpy2.min.js", "ext": "./sites/码上👓道/奇珍异兽.js"}, {"key": "drpy_js_优酷", "name": "码上👓道-官源 | 优酷[js]", "type": 3, "api": "./sites/码上👓道/drpy2.min.js", "ext": "./sites/码上👓道/优酷.js"}, {"key": "drpy_js_腾云驾雾", "name": "码上👓道-官源 | 腾讯[js]", "type": 3, "api": "./sites/码上👓道/drpy2.min.js", "ext": "./sites/码上👓道/腾云驾雾.js"}, {"key": "drpy_js_百忙无果", "name": "码上👓道-官源 | 芒果[js]", "type": 3, "api": "./sites/码上👓道/drpy2.min.js", "ext": "./sites/码上👓道/百忙无果.js"}, {"key": "drpy_js_菜狗", "name": "码上👓道-官源 | 搜狗[js]", "type": 3, "api": "./sites/码上👓道/drpy2.min.js", "ext": "./sites/码上👓道/菜狗.js"}, {"key": "drpy_js_人人", "name": "码上👓道-影视 | 人人[js]", "type": 3, "api": "./sites/码上👓道/drpy2.min.js", "ext": "https://ghproxy.com/https://raw.githubusercontent.com/hjdhnx/dr_py/main/js/人人.js"}, {"key": "drpy_js_低端", "name": "码上👓道-影视 | 低端[js]", "type": 3, "api": "./sites/码上👓道/drpy2.min.js", "ext": "./sites/码上👓道/ddys.js"}, {"key": "drpy_js_农民", "name": "码上👓道-影视 | 农民[js]", "type": 3, "api": "./sites/码上👓道/drpy2.min.js", "ext": "./sites/码上👓道/农民影视.js"}, {"key": "drpy_js_大豆", "name": "码上👓道-影视 | 大豆[js]", "type": 3, "api": "./sites/码上👓道/drpy2.min.js", "ext": "./sites/码上👓道/大豆.js"}, {"key": "drpy_js_九酷", "name": "码上👓道-影视 | 九酷[js]", "type": 3, "api": "./sites/码上👓道/drpy2.min.js", "ext": "https://ghproxy.com/https://raw.githubusercontent.com/hjdhnx/dr_py/main/js/九酷.js"}, {"key": "drpy_js_l0l", "name": "码上👓道-影视 | l0l[js]", "type": 3, "api": "./sites/码上👓道/drpy2.min.js", "ext": "./sites/码上👓道/l0l.js"}, {"key": "drpy_js_网飞.TV", "name": "码上👓道-影视 | 网飞.TV[js]", "type": 3, "api": "./sites/码上👓道/drpy2.min.js", "ext": "./sites/码上👓道/网飞.TV.js"}, {"key": "drpy_js_乐猪TV", "name": "码上👓道-影视 | 乐猪TV[js]", "type": 3, "api": "./sites/码上👓道/drpy2.min.js", "ext": "./sites/码上👓道/乐猪TV.js"}, {"key": "drpy_js_六度TV", "name": "码上👓道-影视 | 六度TV[js]", "type": 3, "api": "./sites/码上👓道/drpy2.min.js", "ext": "./sites/码上👓道/六度TV.js"}, {"key": "drpy_js_花猫TV", "name": "码上👓道-影视 | 花猫TV[js]", "type": 3, "api": "./sites/码上👓道/drpy2.min.js", "ext": "./sites/码上👓道/花猫TV.js"}, {"key": "drpy_js_TV云播", "name": "码上👓道-影视 | TV云播[js]", "type": 3, "api": "./sites/码上👓道/drpy2.min.js", "ext": "https://ghproxy.com/https://raw.githubusercontent.com/hjdhnx/dr_py/main/js/tva云播.js"}, {"key": "drpy_js_真不卡", "name": "码上👓道-影视 | 真不卡[js]", "type": 3, "api": "./sites/码上👓道/drpy2.min.js", "ext": "https://ghproxy.com/https://raw.githubusercontent.com/hjdhnx/dr_py/main/js/真不卡.js"}, {"key": "drpy_js_新片场", "name": "码上👓道-影视 | 新片场[js]", "type": 3, "api": "./sites/码上👓道/drpy2.min.js", "ext": "./sites/码上👓道/新片场.js"}, {"key": "drpy_js_皮皮鸭", "name": "码上👓道-影视 | 皮皮鸭[js]", "type": 3, "api": "./sites/码上👓道/drpy2.min.js", "ext": "./sites/码上👓道/皮皮鸭.js"}, {"key": "drpy_js_慢大浪", "name": "码上👓道-影视 | 慢大浪[js]", "type": 3, "api": "./sites/码上👓道/drpy2.min.js", "ext": "https://ghproxy.com/https://raw.githubusercontent.com/hjdhnx/dr_py/main/js/慢大浪.js"}, {"key": "drpy_js_看看屋", "name": "码上👓道-影视 | 看看屋[js]", "type": 3, "api": "./sites/码上👓道/drpy2.min.js", "ext": "https://ghproxy.com/https://raw.githubusercontent.com/hjdhnx/dr_py/main/js/看看屋.js"}, {"key": "drpy_js_哔哩兔", "name": "码上👓道-影视 | 哔哩兔[js]", "type": 3, "api": "./sites/码上👓道/drpy2.min.js", "ext": "./sites/码上👓道/哔哩兔.js"}, {"key": "drpy_js_追剧兔", "name": "码上👓道-影视 | 追剧兔[js]", "type": 3, "api": "./sites/码上👓道/drpy2.min.js", "ext": "https://ghproxy.com/https://raw.githubusercontent.com/hjdhnx/dr_py/main/js/追剧兔.js"}, {"key": "drpy_js_影渣渣", "name": "码上👓道-影视 | 影渣渣[js]", "type": 3, "api": "./sites/码上👓道/drpy2.min.js", "ext": "./sites/码上👓道/影渣渣.js"}, {"key": "drpy_js_柒之社", "name": "码上👓道-影视 | 柒之社[js]", "type": 3, "api": "./sites/码上👓道/drpy2.min.js", "ext": "./sites/码上👓道/柒之社.js"}, {"key": "drpy_js_免费看", "name": "码上👓道-影视 | 免费看[js]", "type": 3, "api": "./sites/码上👓道/drpy2.min.js", "ext": "./sites/码上👓道/免费看.js"}, {"key": "drpy_js_小猫咪", "name": "码上👓道-影视 | 小猫咪[js]", "type": 3, "api": "./sites/码上👓道/drpy2.min.js", "ext": "https://ghproxy.com/https://raw.githubusercontent.com/hjdhnx/dr_py/main/js/小猫咪.js"}, {"key": "drpy_js_看韩剧", "name": "码上👓道-影视 | 看韩剧[js]", "type": 3, "api": "./sites/码上👓道/drpy2.min.js", "ext": "./sites/码上👓道/看韩剧.js"}, {"key": "drpy_js_追剧迷", "name": "码上👓道-影视 | 追剧迷[js]", "type": 3, "api": "./sites/码上👓道/drpy2.min.js", "ext": "./sites/码上👓道/追剧迷.js"}, {"key": "drpy_js_91free", "name": "码上👓道-影视 | 91free[js]", "type": 3, "api": "./sites/码上👓道/drpy2.min.js", "ext": "./sites/码上👓道/91free.js"}, {"key": "drpy_js_LIBVIO", "name": "码上👓道-影视 | LIBVIO[js]", "type": 3, "api": "./sites/码上👓道/drpy2.min.js", "ext": "./sites/码上👓道/LIBVIO.js"}, {"key": "drpy_js_HDmoli", "name": "码上👓道-影视 | HDmoli[js]", "type": 3, "api": "./sites/码上👓道/drpy2.min.js", "ext": "./sites/码上👓道/HDmoli.js"}, {"key": "drpy_js_Voflix", "name": "码上👓道-影视 | Voflix[js]", "type": 3, "api": "./sites/码上👓道/drpy2.min.js", "ext": "./sites/码上👓道/voflix.js"}, {"key": "drpy_js_UM电影", "name": "码上👓道-影视 | UM电影[js]", "type": 3, "api": "./sites/码上👓道/drpy2.min.js", "ext": "https://ghproxy.com/https://raw.githubusercontent.com/hjdhnx/dr_py/main/js/UM电影.js"}, {"key": "drpy_js_开眼视频", "name": "码上👓道-影视 | 开眼视频[js]", "type": 3, "api": "./sites/码上👓道/drpy2.min.js", "ext": "./sites/码上👓道/开眼视频.js"}, {"key": "drpy_js_豆巴影视", "name": "码上👓道-影视 | 豆巴影视[js]", "type": 3, "api": "./sites/码上👓道/drpy2.min.js", "ext": "https://ghproxy.com/https://raw.githubusercontent.com/hjdhnx/dr_py/main/js/豆巴影视.js"}, {"key": "drpy_js_米爱影视", "name": "码上👓道-影视 | 米爱影视[js]", "type": 3, "api": "./sites/码上👓道/drpy2.min.js", "ext": "./sites/码上👓道/米爱影视.js"}, {"key": "drpy_js_星空影视", "name": "码上👓道-影视 | 星空影视[js]", "type": 3, "api": "./sites/码上👓道/drpy2.min.js", "ext": "./sites/码上👓道/星空影视.js"}, {"key": "drpy_js_秋霞影视", "name": "码上👓道-影视 | 秋霞影视[js]", "type": 3, "api": "./sites/码上👓道/drpy2.min.js", "ext": "https://ghproxy.com/https://raw.githubusercontent.com/hjdhnx/dr_py/main/js/秋霞影视.js"}, {"key": "drpy_js_无名小站", "name": "码上👓道-影视 | 无名小站[js]", "type": 3, "api": "./sites/码上👓道/drpy2.min.js", "ext": "https://ghproxy.com/https://raw.githubusercontent.com/hjdhnx/dr_py/main/js/无名小站.js"}, {"key": "drpy_js_小狗影院", "name": "码上👓道-影视 | 小狗影院[js]", "type": 3, "api": "./sites/码上👓道/drpy2.min.js", "ext": "./sites/码上👓道/小狗影院.js"}, {"key": "drpy_js_酷客影院", "name": "码上👓道-影视 | 酷客影院[js]", "type": 3, "api": "./sites/码上👓道/drpy2.min.js", "ext": "./sites/码上👓道/酷客影院.js"}, {"key": "drpy_js_奇优影院", "name": "码上👓道-影视 | 奇优影院[js]", "type": 3, "api": "./sites/码上👓道/drpy2.min.js", "ext": "./sites/码上👓道/奇优影院.js"}, {"key": "drpy_js_厂长资源", "name": "码上👓道-影视 | 厂长资源[js]", "type": 3, "api": "./sites/码上👓道/drpy2.min.js", "ext": "./sites/码上👓道/厂长资源.js"}, {"key": "drpy_js_在线之家", "name": "码上👓道-影视 | 在线之家[js]", "type": 3, "api": "./sites/码上👓道/drpy2.min.js", "ext": "./sites/码上👓道/在线之家.js"}, {"key": "drpy_js_饭团电影", "name": "码上👓道-影视 | 饭团电影[js]", "type": 3, "api": "./sites/码上👓道/drpy2.min.js", "ext": "./sites/码上👓道/饭团影视.js"}, {"key": "drpy_js_酷云七七", "name": "码上👓道-影视 | 酷云七七[js]", "type": 3, "api": "./sites/码上👓道/drpy2.min.js", "ext": "./sites/码上👓道/酷云77.js"}, {"key": "drpy_js_骚火电影", "name": "码上👓道-影视 | 骚火电影[js]", "type": 3, "api": "./sites/码上👓道/drpy2.min.js", "ext": "https://ghproxy.com/https://raw.githubusercontent.com/hjdhnx/dr_py/main/js/骚火.js"}, {"key": "drpy_js_闪影影院", "name": "码上👓道-影视 | 闪影影院[js]", "type": 3, "api": "./sites/码上👓道/drpy2.min.js", "ext": "https://ghproxy.com/https://raw.githubusercontent.com/hjdhnx/dr_py/main/js/闪影影院.js"}, {"key": "drpy_js_电影先生", "name": "码上👓道-影视 | 电影先生[js]", "type": 3, "api": "./sites/码上👓道/drpy2.min.js", "ext": "./sites/码上👓道/电影先生.js"}, {"key": "drpy_js_冷曦影视", "name": "码上👓道-影视 | 冷曦影视[js]", "type": 3, "api": "./sites/码上👓道/drpy2.min.js", "ext": "https://ghproxy.com/https://raw.githubusercontent.com/hjdhnx/dr_py/main/js/冷曦影视.js"}, {"key": "drpy_js_秋霞影院", "name": "码上👓道-影视 | 秋霞影院[js]", "type": 3, "api": "./sites/码上👓道/drpy2.min.js", "ext": "./sites/码上👓道/秋霞.js"}, {"key": "drpy_js_凌云影视", "name": "码上👓道-影视 | 凌云影视[js]", "type": 3, "api": "./sites/码上👓道/drpy2.min.js", "ext": "./sites/码上👓道/凌云影视.js"}, {"key": "drpy_js_兄弟影视", "name": "码上👓道-影视 | 兄弟影视[js]", "type": 3, "api": "./sites/码上👓道/drpy2.min.js", "ext": "./sites/码上👓道/兄弟影视.js"}, {"key": "drpy_js_零度影视", "name": "码上👓道-影视 | 零度影视[js]", "type": 3, "api": "./sites/码上👓道/drpy2.min.js", "ext": "./sites/码上👓道/零度影视.js"}, {"key": "drpy_js_B站影视", "name": "码上👓道-影视 | B站影视[js]", "type": 3, "api": "./sites/码上👓道/drpy2.min.js", "ext": "./sites/码上👓道/B站影视.js"}, {"key": "drpy_js_哔哩影视", "name": "码上👓道-影视 | 哔哩影视[js]", "type": 3, "api": "./sites/码上👓道/drpy2.min.js", "ext": "./sites/码上👓道/哔哩影视.js"}, {"key": "drpy_js_JangoIndex", "name": "码上👓道-音频 | JangoIndex[js]", "type": 3, "api": "./sites/码上👓道/drpy2.min.js", "ext": "./sites/码上👓道/JangoIndex.js", "playerType": "2"}, {"key": "drpy_js_DJ音乐", "name": "码上👓道-音频 | DJ音乐[js]", "type": 3, "api": "./sites/码上👓道/drpy2.min.js", "ext": "./sites/码上👓道/DJ音乐.js", "playerType": "2"}, {"key": "drpy_js_啦啦DJ", "name": "码上👓道-音频 | 啦啦DJ[js]", "type": 3, "api": "./sites/码上👓道/drpy2.min.js", "ext": "./sites/码上👓道/苹果DJ.js", "playerType": "2"}, {"key": "drpy_js_清风DJ", "name": "码上👓道-音频 | 清风DJ[js]", "type": 3, "api": "./sites/码上👓道/drpy2.min.js", "ext": "./sites/码上👓道/清风DJ.js", "playerType": "2"}, {"key": "drpy_js_种子音乐", "name": "码上👓道-音频 | 种子音乐[js]", "type": 3, "api": "./sites/码上👓道/drpy2.min.js", "ext": "./sites/码上👓道/种子音乐.js"}, {"key": "drpy_js_蜻蜓FM", "name": "码上👓道-广播 | 蜻蜓FM[js]", "type": 3, "api": "./sites/码上👓道/drpy2.min.js", "ext": "./sites/码上👓道/蜻蜓FM.js", "playerType": "2"}, {"key": "drpy_js_相声随身听", "name": "码上👓道-相声 | 相声随身听[js]", "type": 3, "api": "./sites/码上👓道/drpy2.min.js", "ext": "./sites/码上👓道/相声随身听.js", "playerType": "2"}, {"key": "drpy_js_i275听书", "name": "码上👓道-听书 | i275听书[js]", "type": 3, "api": "./sites/码上👓道/drpy2.min.js", "ext": "./sites/码上👓道/i275听书.js", "playerType": "2"}, {"key": "drpy_js_喜马拉雅", "name": "码上👓道-听书 | 喜马拉雅[js]", "type": 3, "api": "./sites/码上👓道/drpy2.min.js", "ext": "./sites/码上👓道/喜马拉雅.js", "playerType": "2"}, {"key": "drpy_js_六月听书", "name": "码上👓道-听书 | 六月听书[js]", "type": 3, "api": "./sites/码上👓道/drpy2.min.js", "ext": "./sites/码上👓道/六月听书.js", "playerType": "2"}, {"key": "drpy_js_博看听书", "name": "码上👓道-听书 | 博看听书[js]", "type": 3, "api": "./sites/码上👓道/drpy2.min.js", "ext": "./sites/码上👓道/博看听书.js", "playerType": "2"}, {"key": "drpy_js_海洋听书", "name": "码上👓道-听书 | 海洋听书[js]", "type": 3, "api": "./sites/码上👓道/drpy2.min.js", "ext": "./sites/码上👓道/海洋听书.js", "playerType": "2"}, {"key": "drpy_js_听书网", "name": "码上👓道-听书 | 听书网[js]", "type": 3, "api": "./sites/码上👓道/drpy2.min.js", "ext": "./sites/码上👓道/听书网.js", "playerType": "2"}, {"key": "drpy_js_有声小说", "name": "码上👓道-听书 | 有声小说[js]", "type": 3, "api": "./sites/码上👓道/drpy2.min.js", "ext": "./sites/码上👓道/有声小说吧.js", "playerType": "2"}, {"key": "drpy_js_短视频", "name": "码上👓道-聚合 | 短视频[js]", "type": 3, "api": "./sites/码上👓道/drpy2.min.js", "ext": "./sites/码上👓道/短视频.js"}, {"key": "drpy_js_酷6网", "name": "码上👓道-聚合 | 酷6网[js]", "type": 3, "api": "./sites/码上👓道/drpy2.min.js", "ext": "./sites/码上👓道/酷6网.js"}, {"key": "drpy_js_网易公版影像", "name": "码上👓道-聚合 | 网易公版影像[js]", "type": 3, "api": "./sites/码上👓道/drpy2.min.js", "ext": "./sites/码上👓道/网易公版影像.js"}, {"key": "drpy_js_A8音乐", "name": "码上👓道-MV | A8音乐[js]", "type": 3, "api": "./sites/码上👓道/drpy2.min.js", "ext": "./sites/码上👓道/A8音乐.js"}, {"key": "drpy_js_MV263", "name": "码上👓道-MV | 263[js]", "type": 3, "api": "./sites/码上👓道/drpy2.min.js", "ext": "./sites/码上👓道/MV263.js"}, {"key": "drpy_js_苹果DJ", "name": "码上👓道-MV | 苹果DJ[js]", "type": 3, "api": "./sites/码上👓道/drpy2.min.js", "ext": "./sites/码上👓道/苹果DJ.js"}, {"key": "drpy_js_酷狗MV", "name": "码上👓道-MV | 酷狗[js]", "type": 3, "api": "./sites/码上👓道/drpy2.min.js", "ext": "./sites/码上👓道/酷狗MV.js"}, {"key": "drpy_js_酷奇MV", "name": "码上👓道-MV | 酷奇[js]", "type": 3, "api": "./sites/码上👓道/drpy2.min.js", "ext": "./sites/码上👓道/酷奇MV.js"}, {"key": "drpy_js_音悦网", "name": "码上👓道-MV | 音悦网[js]", "type": 3, "api": "./sites/码上👓道/drpy2.min.js", "ext": "./sites/码上👓道/音悦网.js"}, {"key": "drpy_js_哔哩直播", "name": "码上👓道-直播 | 哔哩[js]", "type": 3, "api": "./sites/码上👓道/drpy2.min.js", "ext": "./sites/码上👓道/哔哩直播.js"}, {"key": "drpy_js_斗鱼直播", "name": "码上👓道-直播 | 斗鱼[js]", "type": 3, "api": "./sites/码上👓道/drpy2.min.js", "ext": "./sites/码上👓道/斗鱼直播.js"}, {"key": "drpy_js_虎牙直播", "name": "码上👓道-直播 | 虎牙[js]", "type": 3, "api": "./sites/码上👓道/drpy2.min.js", "ext": "./sites/码上👓道/虎牙直播.js"}, {"key": "drpy_js_JustLive", "name": "码上👓道-直播 | JustLive[js]", "type": 3, "api": "./sites/码上👓道/drpy2.min.js", "ext": "./sites/码上👓道/JustLive.js"}, {"key": "drpy_js_JRKAN直播", "name": "码上👓道-体育 | JRKAN直播[js]", "type": 3, "api": "./sites/码上👓道/drpy.min.js", "ext": "./sites/码上👓道/JRKAN直播.js"}, {"key": "drpy_js_88看球", "name": "码上👓道-体育 | 88看球[js]", "type": 3, "api": "./sites/码上👓道/drpy2.min.js", "ext": "./sites/码上👓道/88看球.js"}, {"key": "drpy_js_310直播", "name": "码上👓道-体育 | 310直播[js]", "type": 3, "api": "./sites/码上👓道/drpy2.min.js", "ext": "./sites/码上👓道/310直播.js"}, {"key": "drpy_js_爱弹幕", "name": "码上👓道-动漫 | 爱弹幕[js]", "type": 3, "api": "./sites/码上👓道/drpy2.min.js", "ext": "./sites/码上👓道/爱弹幕.js"}, {"key": "drpy_js_兔小贝", "name": "码上👓道-动漫 | 兔小贝[js]", "type": 3, "api": "./sites/码上👓道/drpy2.min.js", "ext": "./sites/码上👓道/兔小贝.js"}, {"key": "drpy_js_AnFuns", "name": "码上👓道-动漫 | AnFuns[js]", "type": 3, "api": "./sites/码上👓道/drpy2.min.js", "ext": "./sites/码上👓道/AnFuns.js"}, {"key": "drpy_js_NT动漫", "name": "码上👓道-动漫 | NT动漫[js]", "type": 3, "api": "./sites/码上👓道/drpy2.min.js", "ext": "./sites/码上👓道/NT动漫.js"}, {"key": "drpy_js_动漫岛", "name": "码上👓道-动漫 | 动漫岛[js]", "type": 3, "api": "./sites/码上👓道/drpy2.min.js", "ext": "./sites/码上👓道/动漫岛.js"}, {"key": "drpy_js_路漫漫", "name": "码上👓道-动漫 | 路漫漫[js]", "type": 3, "api": "./sites/码上👓道/drpy2.min.js", "ext": "./sites/码上👓道/路漫漫.js"}, {"key": "drpy_js_去看吧", "name": "码上👓道-动漫 | 去看吧[js]", "type": 3, "api": "./sites/码上👓道/drpy2.min.js", "ext": "./sites/码上👓道/去看吧.js"}, {"key": "drpy_js_咕噜咕噜", "name": "码上👓道-动漫 | 咕噜咕噜[js]", "type": 3, "api": "./sites/码上👓道/drpy2.min.js", "ext": "https://ghproxy.com/https://raw.githubusercontent.com/hjdhnx/dr_py/main/js/咕噜咕噜.js"}, {"key": "drpy_js_嘶哩嘶哩", "name": "码上👓道-动漫 | 嘶哩嘶哩[js]", "type": 3, "api": "./sites/码上👓道/drpy2.min.js", "ext": "./sites/码上👓道/嘶哩嘶哩.js"}, {"key": "drpy_js_奇米动漫", "name": "码上👓道-动漫 | 奇米动漫[js]", "type": 3, "api": "./sites/码上👓道/drpy2.min.js", "ext": "./sites/码上👓道/奇米动漫.js"}, {"key": "drpy_js_妮可动漫", "name": "码上👓道-动漫 | 妮可动漫[js]", "type": 3, "api": "./sites/码上👓道/drpy2.min.js", "ext": "./sites/码上👓道/妮可动漫.js"}, {"key": "drpy_js_怡萱动漫", "name": "码上👓道-动漫 | 怡萱动漫[js]", "type": 3, "api": "./sites/码上👓道/drpy2.min.js", "ext": "./sites/码上👓道/怡萱动漫.js"}, {"key": "drpy_js_异世界动漫", "name": "码上👓道-动漫 | 异世界动漫[js]", "type": 3, "api": "./sites/码上👓道/drpy2.min.js", "ext": "./sites/码上👓道/异世界动漫.js"}, {"key": "drpy_js_omofun动漫", "name": "码上👓道-动漫 | omofun动漫[js]", "type": 3, "api": "./sites/码上👓道/drpy2.min.js", "ext": "https://ghproxy.com/https://raw.githubusercontent.com/hjdhnx/dr_py/main/js/omofun动漫.js"}, {"key": "drpy_js_007影视", "name": "码上👓道-影视 | 007影视[js]", "type": 3, "api": "./sites/码上👓道/drpy2.min.js", "ext": "./sites/码上👓道/007影视.js"}, {"key": "drpy_js_1080P", "name": "码上👓道-影视 | 1080P[js]", "type": 3, "api": "./sites/码上👓道/drpy2.min.js", "ext": "https://ghproxy.com/https://raw.githubusercontent.com/hjdhnx/dr_py/main/js/1080P.js"}, {"key": "drpy_js_139影视", "name": "码上👓道-影视 | 139影视[js]", "type": 3, "api": "./sites/码上👓道/drpy2.min.js", "ext": "./sites/码上👓道/139影视.js"}, {"key": "drpy_js_333影视", "name": "码上👓道-影视 | 333影视[js]", "type": 3, "api": "./sites/码上👓道/drpy2.min.js", "ext": "https://ghproxy.com/https://raw.githubusercontent.com/hjdhnx/dr_py/main/js/333影视.js"}, {"key": "drpy_js_345看片", "name": "码上👓道-影视 | 345看片[js]", "type": 3, "api": "./sites/码上👓道/drpy2.min.js", "ext": "./sites/码上👓道/345看片.js"}, {"key": "drpy_js_555影视[V2]", "name": "码上👓道-影视 | 555影视[V2][js]", "type": 3, "api": "./sites/码上👓道/drpy2.min.js", "ext": "https://ghproxy.com/https://raw.githubusercontent.com/hjdhnx/dr_py/main/js/555影视[V2].js"}, {"key": "drpy_js_69美剧", "name": "码上👓道-影视 | 69美剧[js]", "type": 3, "api": "./sites/码上👓道/drpy2.min.js", "ext": "./sites/码上👓道/69美剧.js"}, {"key": "drpy_js_8号影院", "name": "码上👓道-影视 | 8号影院[js]", "type": 3, "api": "./sites/码上👓道/drpy2.min.js", "ext": "./sites/码上👓道/8号影院.js"}, {"key": "drpy_js_9U电影", "name": "码上👓道-影视 | 9U电影[js]", "type": 3, "api": "./sites/码上👓道/drpy2.min.js", "ext": "./sites/码上👓道/9U电影.js"}, {"key": "drpy_js_FreeOK", "name": "码上👓道-影视 | FreeOK[js]", "type": 3, "api": "./sites/码上👓道/drpy2.min.js", "ext": "https://ghproxy.com/https://raw.githubusercontent.com/hjdhnx/dr_py/main/js/FreeOK.js"}, {"key": "drpy_js_KOK影视", "name": "码上👓道-影视 | KOK影视[js]", "type": 3, "api": "./sites/码上👓道/drpy2.min.js", "ext": "./sites/码上👓道/KOK影院.js"}, {"key": "drpy_js_NY影院", "name": "码上👓道-影视 | NY影院[js]", "type": 3, "api": "./sites/码上👓道/drpy2.min.js", "ext": "./sites/码上👓道/NY影院.js"}, {"key": "drpy_js_vidhub", "name": "码上👓道-影视 | vidhub[js]", "type": 3, "api": "./sites/码上👓道/drpy2.min.js", "ext": "https://ghproxy.com/https://raw.githubusercontent.com/hjdhnx/dr_py/main/js/vidhub.js"}, {"key": "drpy_js_爱迪影视", "name": "码上👓道-影视 | 爱迪影视[js]", "type": 3, "api": "./sites/码上👓道/drpy2.min.js", "ext": "./sites/码上👓道/爱迪影视.js"}, {"key": "drpy_js_爱看电影", "name": "码上👓道-影视 | 爱看电影[js]", "type": 3, "api": "./sites/码上👓道/drpy2.min.js", "ext": "./sites/码上👓道/爱看影院.js"}, {"key": "drpy_js_八蛋影视", "name": "码上👓道-影视 | 八蛋影视[js]", "type": 3, "api": "./sites/码上👓道/drpy2.min.js", "ext": "./sites/码上👓道/八蛋影视.js"}, {"key": "drpy_js_布雷蓝光", "name": "码上👓道-影视 | 布雷蓝光[js]", "type": 3, "api": "./sites/码上👓道/drpy2.min.js", "ext": "https://ghproxy.com/https://raw.githubusercontent.com/hjdhnx/dr_py/main/js/布雷蓝光.js"}, {"key": "drpy_js_超前点播", "name": "码上👓道-影视 | 超前点播[js]", "type": 3, "api": "./sites/码上👓道/drpy2.min.js", "ext": "https://ghproxy.com/https://raw.githubusercontent.com/hjdhnx/dr_py/main/js/超前点播.js"}, {"key": "drpy_js_尘落影视", "name": "码上👓道-影视 | 尘落影视[js]", "type": 3, "api": "./sites/码上👓道/drpy2.min.js", "ext": "./sites/码上👓道/尘落影视.js"}, {"key": "drpy_js_楚门影院", "name": "码上👓道-影视 | 楚门影院[js]", "type": 3, "api": "./sites/码上👓道/drpy2.min.js", "ext": "./sites/码上👓道/楚门影院.js"}, {"key": "drpy_js_大米星球", "name": "码上👓道-影视 | 大米星球[js]", "type": 3, "api": "./sites/码上👓道/drpy2.min.js", "ext": "./sites/码上👓道/大米星球.js"}, {"key": "drpy_js_大师兄影视", "name": "码上👓道-影视 | 大师兄影视[js]", "type": 3, "api": "./sites/码上👓道/drpy2.min.js", "ext": "./sites/码上👓道/大师兄影视.js"}, {"key": "drpy_js_多瑙影视", "name": "码上👓道-影视 | 多瑙影视[js]", "type": 3, "api": "./sites/码上👓道/drpy2.min.js", "ext": "./sites/码上👓道/多瑙影视.js", "playerType": "2"}, {"key": "drpy_js_番茄影视", "name": "码上👓道-影视 | 番茄影视[js]", "type": 3, "api": "./sites/码上👓道/drpy2.min.js", "ext": "https://ghproxy.com/https://raw.githubusercontent.com/hjdhnx/dr_py/main/js/番茄影视.js"}, {"key": "drpy_js_浮生半日", "name": "码上👓道-影视 | 浮生半日[js]", "type": 3, "api": "./sites/码上👓道/drpy2.min.js", "ext": "https://ghproxy.com/https://raw.githubusercontent.com/hjdhnx/dr_py/main/js/浮生半日.js"}, {"key": "drpy_js_金曼影视", "name": "码上👓道-影视 | 金曼影视[js]", "type": 3, "api": "./sites/码上👓道/drpy2.min.js", "ext": "./sites/码上👓道/金曼影视.js"}, {"key": "drpy_js_看看电影", "name": "码上👓道-影视 | 看看电影[js]", "type": 3, "api": "./sites/码上👓道/drpy2.min.js", "ext": "./sites/码上👓道/看看电影.js"}, {"key": "drpy_js_看了么", "name": "码上👓道-影视 | 看了么[js]", "type": 3, "api": "./sites/码上👓道/drpy2.min.js", "ext": "./sites/码上👓道/看了么.js"}, {"key": "drpy_js_来看点播", "name": "码上👓道-影视 | 来看点播[js]", "type": 3, "api": "./sites/码上👓道/drpy2.min.js", "ext": "https://ghproxy.com/https://raw.githubusercontent.com/hjdhnx/dr_py/main/js/来看点播.js"}, {"key": "drpy_js_蓝光影院", "name": "码上👓道-影视 | 蓝光影院[js]", "type": 3, "api": "./sites/码上👓道/drpy2.min.js", "ext": "./sites/码上👓道/蓝光影院.js"}, {"key": "drpy_js_利丽娅电影", "name": "码上👓道-影视 | 利丽娅电影[js]", "type": 3, "api": "./sites/码上👓道/drpy2.min.js", "ext": "https://ghproxy.com/https://raw.githubusercontent.com/hjdhnx/dr_py/main/js/利丽娅电影.js"}, {"key": "drpy_js_麦豆网", "name": "码上👓道-影视 | 麦豆网[js]", "type": 3, "api": "./sites/码上👓道/drpy2.min.js", "ext": "./sites/码上👓道/麦豆.js"}, {"key": "drpy_js_麦豆com", "name": "码上👓道-影视 | 麦豆com[js]", "type": 3, "api": "./sites/码上👓道/drpy2.min.js", "ext": "./sites/码上👓道/麦豆com.js"}, {"key": "drpy_js_美视网", "name": "码上👓道-影视 | 美视网[js]", "type": 3, "api": "./sites/码上👓道/drpy2.min.js", "ext": "./sites/码上👓道/美视网.js"}, {"key": "drpy_js_萌蛋蛋[V2]", "name": "码上👓道-影视 | 萌蛋蛋[V2][js]", "type": 3, "api": "./sites/码上👓道/drpy2.min.js", "ext": "./sites/码上👓道/萌蛋蛋[V2].js"}, {"key": "drpy_js_莫扎兔儿", "name": "码上👓道-影视 | 莫扎兔儿[js]", "type": 3, "api": "./sites/码上👓道/drpy2.min.js", "ext": "https://ghproxy.com/https://raw.githubusercontent.com/hjdhnx/dr_py/main/js/莫扎兔.js"}, {"key": "drpy_js_南柯电影", "name": "码上👓道-影视 | 南柯电影[js]", "type": 3, "api": "./sites/码上👓道/drpy2.min.js", "ext": "https://ghproxy.com/https://raw.githubusercontent.com/hjdhnx/dr_py/main/js/南柯电影网.js"}, {"key": "drpy_js_胖虎影视", "name": "码上👓道-影视 | 胖虎影视[js]", "type": 3, "api": "./sites/码上👓道/drpy2.min.js", "ext": "./sites/码上👓道/胖虎.js"}, {"key": "drpy_js_起飞影院", "name": "码上👓道-影视 | 起飞影院[js]", "type": 3, "api": "./sites/码上👓道/drpy2.min.js", "ext": "./sites/码上👓道/起飞影院.js"}, {"key": "drpy_js_人人影视", "name": "码上👓道-影视 | 人人影视[js]", "type": 3, "api": "./sites/码上👓道/drpy2.min.js", "ext": "./sites/码上👓道/人人影视.js"}, {"key": "drpy_js_盛世电影", "name": "码上👓道-影视 | 盛世电影[js]", "type": 3, "api": "./sites/码上👓道/drpy2.min.js", "ext": "https://ghproxy.com/https://raw.githubusercontent.com/hjdhnx/dr_py/main/js/盛世电影网.js"}, {"key": "drpy_js_视觉影院", "name": "码上👓道-影视 | 视觉影院[js]", "type": 3, "api": "./sites/码上👓道/drpy2.min.js", "ext": "https://ghproxy.com/https://raw.githubusercontent.com/hjdhnx/dr_py/main/js/新视觉影院.js"}, {"key": "drpy_js_首播影院", "name": "码上👓道-影视 | 首播影院[js]", "type": 3, "api": "./sites/码上👓道/drpy2.min.js", "ext": "./sites/码上👓道/首播影院.js"}, {"key": "drpy_js_双十电影", "name": "码上👓道-影视 | 双十电影[js]", "type": 3, "api": "./sites/码上👓道/drpy2.min.js", "ext": "./sites/码上👓道/双十电影.js"}, {"key": "drpy_js_四个圈儿", "name": "码上👓道-影视 | 四个圈儿[js]", "type": 3, "api": "./sites/码上👓道/drpy2.min.js", "ext": "./sites/码上👓道/四个圈影视.js"}, {"key": "drpy_js_天空影视", "name": "码上👓道-影视 | 天空影视[js]", "type": 3, "api": "./sites/码上👓道/drpy2.min.js", "ext": "./sites/码上👓道/天空影视.js"}, {"key": "drpy_js_我爱电影", "name": "码上👓道-影视 | 我爱电影[js]", "type": 3, "api": "./sites/码上👓道/drpy2.min.js", "ext": "./sites/码上👓道/我爱电影网.js"}, {"key": "drpy_js_我爱跟剧", "name": "码上👓道-影视 | 我爱跟剧[js]", "type": 3, "api": "./sites/码上👓道/drpy2.min.js", "ext": "./sites/码上👓道/我爱跟剧.js"}, {"key": "drpy_js_溪谷影视", "name": "码上👓道-影视 | 溪谷影视[js]", "type": 3, "api": "./sites/码上👓道/drpy2.min.js", "ext": "https://ghproxy.com/https://raw.githubusercontent.com/hjdhnx/dr_py/main/js/溪谷影视.js"}, {"key": "drpy_js_小白菜儿", "name": "码上👓道-影视 | 小白菜儿[js]", "type": 3, "api": "./sites/码上👓道/drpy2.min.js", "ext": "./sites/码上👓道/小白菜电影.js"}, {"key": "drpy_js_星辰影院", "name": "码上👓道-影视 | 星辰影院[js]", "type": 3, "api": "./sites/码上👓道/drpy2.min.js", "ext": "./sites/码上👓道/星辰.js"}, {"key": "drpy_js_伊人追剧", "name": "码上👓道-影视 | 伊人追剧[js]", "type": 3, "api": "./sites/码上👓道/drpy2.min.js", "ext": "https://ghproxy.com/https://raw.githubusercontent.com/hjdhnx/dr_py/main/js/伊人追剧.js"}, {"key": "drpy_js_子子影视", "name": "码上👓道-影视 | 子子影视[js]", "type": 3, "api": "./sites/码上👓道/drpy2.min.js", "ext": "./sites/码上👓道/子子影视.js"}], "parses": [{"name": "聚合1", "type": 3, "url": "Demo"}, {"name": "聚合0", "type": 3, "url": "Web"}, {"name": "神秘的哥哥们", "type": 1, "url": "http://jx.wogg.link:63/jiexi/饭特析.php?url="}, {"name": "解析", "type": 1, "url": "https://jx.zhanlangbu.com/?url=", "ext": {"flag": ["qq", "腾讯", "qiyi", "爱奇艺", "奇艺", "youku", "优酷", "sohu", "搜狐", "letv", "乐视", "mgtv", "芒果", "imgo", "rx", "ltnb", "bilibili", "1905", "xigua"]}}, {"name": "全部", "type": 1, "url": "http://110.42.2.247:880/analysis/json/?uid=2449&my=acfgikquvzFGJRW459&url="}, {"name": "来自", "type": 0, "url": "https://json.key521.cn/api/?key=df27d9ca9ec97e22c47f8565a50aa6f5&url="}, {"name": "网络", "type": 1, "url": "http://xiaoxin.1080p.fun/home/api?type=ys&uid=91198&key=bhntuwyAJLMTUY1478&url="}, {"name": "大家", "type": 0, "url": "https://jx.xmflv.com/?url=", "ext": {"flag": ["qq", "腾讯", "qiyi", "爱奇艺", "奇艺", "youku", "优酷", "mgtv", "芒果", "imgo", "letv", "乐视", "pptv", "PPTV", "sohu", "bilibili", "哔哩哔哩", "哔哩"], "header": {"User-Agent": "okhttp/4.1.0"}}}, {"name": "随便用", "type": 1, "url": "https://jx.ccabc.cc/xc/?key=5567332json&url="}, {"name": "坏了我", "type": 0, "url": "http://27.124.4.42:4567/jhjson/ceshi.php?url=", "ext": {"flag": ["qq", "腾讯", "qiyi", "爱奇艺", "奇艺", "youku", "优酷", "mgtv", "imgo", "芒果", "letv", "乐视", "pptv", "PPTV", "sohu", "bilibili", "哔哩哔哩", "哔哩"], "header": {"User-Agent": "okhttp/4.1.0"}}}, {"name": "再找来", "type": 1, "url": "http://xiaoxin.1080p.fun/home/api?type=ys&uid=91198&key=bhntuwyAJLMTUY1478&url="}, {"name": "777", "type": 0, "url": "https://jx.777jiexi.com/player/?url="}, {"name": "杰森", "type": 0, "url": "https://jx.jsonplayer.com/player/?url="}, {"name": "战狼", "type": 0, "url": "https://jx.zhanlangbu.com/?url="}, {"name": "ok", "type": 0, "url": "https://okjx.cc/?url="}, {"name": "bozrc", "type": 0, "url": "https://jx.bozrc.com:4433/player/?url=", "ext": {"flag": ["qq", "腾讯", "qiyi", "爱奇艺", "奇艺", "youku", "优酷", "mgtv", "芒果", "letv", "leshi", "LS", "pptv", "PPTV", "sohu", "bilibili", "哔哩哔哩", "哔哩"], "header": {"User-Agent": ""}}}, {"name": "不累", "type": 0, "url": "https://blbfq.f3322.net/player/analysis.php?v=", "ext": {"flag": ["qiyi", "qq", "letv", "sohu", "youku", "mgtv", "bilibili", "wasu", "xigua", "1905"]}}, {"name": "cod", "type": 0, "url": "https://ksksl.codjx.com/?url="}, {"name": "byg解析", "type": 0, "url": "https://byg.ziqj5.shop/?url="}, {"name": "xmflv", "type": 0, "url": "https://jx.xmflv.com/?url="}, {"name": "365", "type": 0, "url": "https://chaxun.truechat365.com/?url=", "ext": {"flag": ["qq", "腾讯", "qiyi", "iqiyi", "爱奇艺", "奇艺", "youku", "优酷", "mgtv", "芒果", "letv", "乐视", "pptv", "PPTV", "sohu", "bilibili", "哔哩哔哩", "哔哩"]}}, {"name": "26db", "type": 0, "url": "http://vip.26db.cn/g/?url="}, {"name": "看看", "type": 0, "url": "https://jx.m3u8.pw/?url="}, {"name": "FreeOK", "type": 0, "url": "https://play.86516.tk/OKPlayer/?url="}, {"name": "free", "type": 0, "url": "https://h5.freejson.xyz/player/?url="}], "rules": [{"host": "www.djuu.com", "rule": ["mp4.djuu.com", "m4a"]}, {"host": "www.sharenice.net", "rule": ["huoshan.com", "/item/video/"], "filter": []}, {"host": "www.sharenice.net", "rule": ["sovv.qianpailive.com", "vid="], "filter": []}, {"host": "www.sharenice.net", "rule": ["douyin.com", "/play/"]}, {"host": "m.ysxs8.vip", "rule": ["ysting.ysxs8.vip:81", "xmcdn.com"], "filter": []}, {"host": "hdmoli.com", "rule": [".m3u8"]}, {"host": "https://api.live.bilibili.com", "rule": ["bilivideo.com", "/index.m3u8"], "filter": ["data.bilibili.com/log/web", "i0.hdslb.com/bfs/live/"]}, {"host": "www.agemys.cc", "rule": ["cdn-tos", "obj/tos-cn"]}, {"host": "www.fun4k.com", "rule": ["https://hd.ijycnd.com/play", "index.m3u8"]}, {"host": "zjmiao.com", "rule": ["play.videomiao.vip/API.php", "time=", "key=", "path="]}], "flags": ["m1905", "leshi", "哔 哩 哔 哩", "乐 视", "sohu", "芒果", "爱 奇 艺", "letv", "芒 果 T V", "搜 狐", "iqiyi", "qiyi", "pptv", "qq", "优 酷", "腾讯", "imgo", "乐视", "mgtv", "tudou", "哔 哩", "腾讯视频", "芒果TV", "youku", "xigua", "爱奇艺", "搜狐视频", "奇艺", "优酷", "bilibili", "wasu", "腾 讯", "搜狐", "优酷视频"], "ads": ["wan.51img1.com", "vip.ffzyad.com", "iqiyi.hbuioo.com", "https://lf1-cdn-tos.bytegoofy.com/obj/tos-cn-i-dy/455ccf9e8ae744378118e4bd289288dd"]}