{
  "vodPic": "https://x.imgs.ovh/x/2023/09/05/64f680bb030b4.png",
  "drives": [
          {
            "name": "🦆托盘",
            "server": "https://pan.mediy.cn/"
          },
{"name": "🙋丫仙女","server": "http://alist.xiaoya.pro/"},
{"name":"🌱Arley","server":"http://45.85.77.23:5244/"},
{"name":"🌱小雅搜","server":"http://116.204.127.178:5678/"},
{"name":"🌱小丫搜","server":"http://121.36.255.202:5678/"},
{
      "name": "🌱东哥",
      "server": "http://101.73.163.154:30008/"
    },
 {
      "name": "🌱美云",
      "server": "http://xiaoya.nebula-nas.space:5678/"
    },
{
      "name": "🌱小新盘",
      "server": "https://pan.cdnxin.top/"
    },
{
      "name": "🌱白云tv",
      "server": "http://breadmyth.asuscomm.com:22222/"
    },
{
      "name": "🌱小雅分类",
      "server": "http://112.83.91.157:9999/"
    },
{
      "name": "🌱瑶瑶",
      "server": "http://123.60.78.63:1000/"
    },
    {
      "name": "🌱潇洒个人",
      "server": "https://alist.azad.asia/"
    },
  {
      "name": "🌱鹏程",
      "server": "https://pan.pengcheng.team/"
    },
  {
      "name": "🌱小丫",
      "server": "http://alist.xiaoya.pro/"
    },
    {
      "name": "🌱触光",
      "server": "https://pan.ichuguang.com"
    },
    {
      "name": "🌱星梦",
      "server": "https://pan.bashroot.top"
    },
  {
      "name": "🌱弱水分享",
      "server": "http://shicheng.wang:555/"
    },
    {
      "name": "🌱神器云",
      "server": "https://alist.ygxz.xyz/"
    },	
{
      "name": "🌱资源站",
      "server": "https://pan.ecve.cn/"
    },
        {
               "name": "🌱雨呢",
                    "server": "https://pan.clun.top/"
                        },
{
      "name": "🌱学习",
      "server": "http://45.85.77.23:5244/"
    },

{
      "name": "🌱酷呵盘",
      "server": "https://pan.kuhehe.top/"
    },
{
      "name": "🌱分享者",
      "server": "http://223.166.103.170:5244/"
    },

{
      "name": "🌱目瞪口呆",
      "server": "https://pan.mdgd.cc/"
    },
{
      "name": "🌱小陈",
      "server": "https://pan.oldming.top/"
    },
{
      "name": "🌱动漫盘",
      "server": "http://pan.smjc.cc"
    },
{
      "name": "🌱神秘小盘",
      "server": "https://yun.llzz.top/"
    },
{
        "name" : "🌱神奇云",
        "server" : "https://al.chirmyram.com/"

    },
{"name":"🌱小雅搜","server":"http://49.233.159.168:5678/"},
{"name":"🌱X影院","server":"http://124.70.202.159:5678/"},
{"name":"🌱个人站1","server":"https://ali.cacifer.repl.co/"},
{"name":"🌱个人站2","server":"http://tv202111.hgys.cc:5678/"},
{"name":"🌱个人站3","server":"http://60.204.134.12:5678/"},
{
      "name": "🌱SODAZ1",
      "server": "https://pan.sodaz.xyz/"
    },
{
      "name": "🌱南柯盘",
      "server": "https://alist.523.monster/"
    },
    {
      "name": "🌱姹莱坞",
      "server": "http://45.85.77.23:5244/"

    },	
    {
     "name": "🌱杜比",
     "server": "https://dubi.tk"
    },
    {
     "name": "🌱乌云盘",
     "server": "http://124.70.137.72:5678/"
    },
    {
     "name": "🌱神族九帝",
     "server": "https://alist.shenzjd.com"
    },
    {
     "name": "🌱老谭",
     "server": "https://pan.cqtjy.cn/"
    },
    {
      "name": "🌱皓星繁天",
      "server": "https://pan.hxft.xyz/"
    },
{
        "name" : "🌱迅维云盘",
        "server" : "https://pan.xwbeta.com"
        
    },
{
        "name" : "🌱姬路白雪",
        "server" : "https://pan.jlbx.xyz"
        
    },
{
      "name": "🌱疯子社",
      "server": "https://pan.clun.top/"
    },
  {
      "name": "🌱共享盘",
      "server": "https://pan.oldming.top/"
    },
{
      "name": "🌱小雅备用",
      "server": "http://60.211.206.83:7006/"
    },
{
      "name": "🌱小丫云",
      "server": "http://1.14.19.228:5678/"
    },
    {"name": "🌱梓凌妙妙",
    "server": "https://zi0.cc/"},
    {"name": "🌱微资·随意盘",
    "server": "https://apps.weixinqqq.com/"},
{
      "name": "🌱娱乐盘",
      "server": "http://129.146.173.154:5678/"
    },
{
      "name": "🌱小雅云",
      "server": "http://123.60.191.158:5678/"
    },
    {
      "name": "範本",
      "server": "https://one.fongmi.com",
      "search": true,
      "hidden": false,
      "login": {
        "username": "fongmi",
        "password": "fongmi"
      },
      "params": [
        {
          "path": "/安齋拉拉",
          "pass": "18181818"
        }
      ]
    }
  ]
}
