{
  "classes": [
    {
      "type_name": "搭讪",
      "type_id": "搭讪"
    },
    {
      "type_name": "搭讪技巧",
      "type_id": "搭讪技巧"
    },
    {
      "type_name": "女追男",
      "type_id": "女追男"
    },
    {
      "type_name": "男追女",
      "type_id": "男追女"
    },
    {
      "type_name": "街头搭讪",
      "type_id": "街头搭讪"
    },
    
   {
      "type_name": "夜店搭讪",
      "type_id": "夜店搭讪"
    },
    
    {
      "type_name": "商超搭讪",
      "type_id": "商超搭讪"
    },
 {
      "type_name": "校园搭讪",
      "type_id": "校园搭讪"
    },
     {
      "type_name": "搭讪失败",
      "type_id": "搭讪失败"
    }
  ],
  "cookie": "SESSDATA=7624af93%2C1696008331%2C862c8%2A42; bili_jct=141a474ef3ce8cf2fedf384e68f6625d; DedeUserID=3493271303096985; DedeUserID__ckMd5=212a836c164605b7",    
  "filter": {
"搭讪": [
{"key": "order","name": "排序","value": [
{"n": "综合排序","v": "0"},
{"n": "最多点击","v": "click"},
{"n": "最新发布","v": "pubdate"},
{"n": "最多弹幕","v": "dm"},
{"n": "最多收藏","v": "stow"}
]
},
   {
        "key": "tid",
        "name": "分类",
        "value": [
          {
            "n": "搭讪",
            "v": "搭讪"
          },
           {
            "n": "搭讪技巧",
            "v": "搭讪技巧"
          },
          {
            "n": "搭讪经验",
            "v": "搭讪经验"
            },

               {
            "n": "搭讪套路",
            "v": "搭讪套路"
          },
          {
            "n": "搭讪话术",
            "v": "搭讪话术"
          }
          
            ]
            },

{"key": "duration","name": "时长","value": [
{"n": "全部时长","v": "0"},
{"n": "60分钟以上","v": "4"},
{"n": "30~60分钟","v": "3"},
{"n": "10~30分钟","v": "2"},
{"n": "10分钟以下","v": "1"}

]
}
],



"女生搭配": [
{"key": "order","name": "排序","value": [
{"n": "综合排序","v": "0"},
{"n": "最多点击","v": "click"},
{"n": "最新发布","v": "pubdate"},
{"n": "最多弹幕","v": "dm"},
{"n": "最多收藏","v": "stow"}
]
},
   {
        "key": "tid",
        "name": "分类",
        "value": [
          {
            "n": "内衣",
            "v": "内衣"
          },
           {
            "n": "裙子",
            "v": "裙子"
          },
          {
            "n": "裤子",
            "v": "裤子"
            },

               {
            "n": "卫衣",
            "v": "卫衣"
          },
          {
            "n": "雪纺衣服",
            "v": "雪纺衣服"
          },
          {
            "n": "丝袜",
            "v": "丝袜"
          },
          {
            "n": "牛仔裙",
            "v": "牛仔裙"
          }
          
            ]
            },

{"key": "duration","name": "时长","value": [
{"n": "全部时长","v": "0"},
{"n": "60分钟以上","v": "4"},
{"n": "30~60分钟","v": "3"},
{"n": "10~30分钟","v": "2"},
{"n": "10分钟以下","v": "1"}

]
}
]
}
}