{
  "classes": [
{"type_name": "中国女团","type_id":"中国女团4K"},
{"type_name": "日本女团","type_id":"日本女团4K"},
{"type_name": "韩国女团","type_id":"韩国女团4K"},
{"type_name": "SNH48","type_id":"SNH48MV合集"},
{"type_name": "S.H.E","type_id":"S.H.EMV合集"},
{"type_name": "Twins","type_id":"TwinsMV合集"},
{"type_name": "火箭少女101","type_id":"火箭少女101MV合集"},
{"type_name": "BY2","type_id":"BY2MV合集"},
{"type_name": "S.I.N.G","type_id":"S.I.N.GMV合集"},
{"type_name": "3unshine","type_id":"3unshineMV合集"},
{"type_name": "蜜蜂少女队","type_id":"蜜蜂少女队MV合集"},
{"type_name": "七朵组合","type_id":"七朵组合MV合集"},
{"type_name": "GNZ48","type_id":"GNZ48MV合集"},
{"type_name": "TWICE","type_id":"TWICEMV合集"},
{"type_name": "4MINUTE","type_id":"4MINUTEMV合集"},
{"type_name": "EXID","type_id":"EXIDMV合集"},
{"type_name": "KARA","type_id":"KARAMV合集"},
{"type_name": "TARA","type_id":"TARAMV合集"},
{"type_name": "BLACKPINK","type_id":"BLACKPINKMV合集"},
{"type_name": "LOONA","type_id":"LOONAMV合集"},
{"type_name": "ITZY","type_id":"ITZYMV合集"},
{"type_name": "RedVelvet","type_id":"RedVelvetMV合集"},
{"type_name": "Everglow","type_id":"EverglowMV合集"},
{"type_name": "Mamamoo","type_id":"MamamooMV合集"},
{"type_name": "少女时代","type_id":"少女时代MV合集"},
{"type_name": "S.E.S","type_id":"S.E.SMV合集"},
{"type_name": "FIN.K.L","type_id":"FIN.K.LMV合集"},
{"type_name": "2NE1","type_id":"2NE1MV合集"},
{"type_name": "WonderGirls","type_id":"WonderGirlsMV合集"},
{"type_name": "IZ*ONE","type_id":"IZ*ONEMV合集"},
{"type_name": "Sistar","type_id":"SistarMV合集"},
{"type_name": "Apink","type_id":"ApinkMV合集"},
{"type_name": "AOA","type_id":"AOAMV合集"},
{"type_name": "GFRIEND","type_id":"GFRIENDMV合集"},
{"type_name": "f(x)","type_id":"f(x)MV合集"},
{"type_name": "(G)I-DLE","type_id":"(G)I-DLEMV合集"},
{"type_name": "Itzy","type_id":"ItzyMV合集"},
{"type_name": "Oh!GG","type_id":"Oh!GGMV合集"},
{"type_name": "GirlCrush","type_id":"GirlCrushMV合集"},
{"type_name": "AKB48","type_id":"AKB48MV合集"},
{"type_name": "SKE48","type_id":"SKE48MV合集"},
{"type_name": "NMB48","type_id":"NMB48MV合集"},
{"type_name": "JKT48","type_id":"JKT48MV合集"},
{"type_name": "HKT48","type_id":"HKT48MV合集"},
{"type_name": "AKB48TeamTP","type_id":"AKB48TeamTPMV合集"},
{"type_name": "Perfume","type_id":"PerfumeMV合集"},
{"type_name": "桃色幸运草Z","type_id":"桃色幸运草ZMV合集"},
{"type_name": "乃木坂46乃","type_id":"乃木坂46乃MV合集"},
{"type_name": "樱坂46","type_id":"樱坂46MV合集"},
{"type_name": "日向坂46","type_id":"日向坂46MV合集"},
{"type_name": "E-girls","type_id":"E-girlsMV合集"},
{"type_name": "NiziU","type_id":"NiziUMV合集"},
{"type_name": "BiSH","type_id":"BiSHMV合集"},
{"type_name": "早安少女组","type_id":"早安少女组MV合集"}
  ],
 "cookie": "SESSDATA=7624af93%2C1696008331%2C862c8%2A42; bili_jct=141a474ef3ce8cf2fedf384e68f6625d; DedeUserID=3493271303096985; DedeUserID__ckMd5=212a836c164605b7"  

}