{
"数组":"默认--list-group-item group-game-item&&</li>[替换:href=\"javascript:*\">>href=\"/NoVide.html\"#NoVide>>/NoVideo<序号>#'>>\"]||录像回放--media-left&&</li>",
"标题":"默认--category-game-time\">&&<div data-id||录像回放--<a*>&&<",
"副标题":"默认--<a *>&&</a>[替换:暂无>>未开始]||录像回放--<span>&&<",
"图片":"<img*src=\"&&\"",
"链接":"默认--<a *href=\"&&\"+-url||录像回放--href=\"&&\"",
"播放数组":"默认--[&&]||录像回放--录像详情&&最新录像",
"播放列表":"默认--{&&}||录像回放--<a&&</a>",
"播放标题":"默认--name\"*\"&&\"||录像回放-->&&<",
"播放链接":"默认--url\"*\"&&\"||录像回放--href=\"&&\"",
"分类":"全部直播$0#篮球直播$1#足球直播$8#其他直播$18#录像回放$/",
"特殊分类":"全部直播$http://www.88kanqiu.one/#录像回放$http://www.88kanqiu.one{cateId}replay",
"分类url":"http://www.88kanqiu.one/match/{cateId}/live",
"类型":"篮球直播--NBA$1#CBA$2#篮球综合$4#纬来体育$21||足球直播--英超$8#西甲$9#意甲$10#欧冠$12#欧联$13#德甲$14#法甲$15#欧国联$16#足总杯$27#国王杯$33#中超$7#亚冠$11#足球综合$23#欧协联$28#美职联$26||其他直播--网球$29#斯洛克$30#MLB$38#UFC$32#NFL$25#CCTV5$18||录像回放--NBA$/match/1/#CBA$/match/2/"
}