{
    "规则名": "斗鱼直播",
    "规则作者": "香雅情",
    "请求头参数": "手机",
    "网页编码格式": "UTF-8",
    "图片是否需要代理": "0",
    "是否开启获取首页数据": "0",
    "分类起始页码": "1",
    "分类链接": "https://m.douyu.com/api/room/list?page={catePg}&type={cateId}",
    "分类名称": "网游竞技&单机热游&手游休闲&娱乐天地&颜值&科技文化&语音互动&语音直播&正能量&赛车竞技&京斗云",
    "分类名称替换词": "LOL&TVgame&wzry&ecy&yz&wh&paidui&yyjy&znl&eracing&jdy",
    "筛选数据": "ext",
    "筛选子分类名称": "英雄联盟&热门游戏&穿越火线&超击突破&CFHD&使命召唤&DNF&DOTA2&炉石传说&CS:GO&无畏契约&lol云顶之弈&魔兽争霸&魔兽怀旧服&自走棋&传奇&跑跑卡丁车&网易游戏&星际争霸&格斗游戏&守望先锋归来&DOTA&魔兽世界&剑网3&魔域&我的世界&超激斗梦境&冒险岛&三国杀&梦幻西游&天涯明月刀&街头篮球&NBA2KOL2&QQ飞车端游&战地之王&军事游戏&棋牌娱乐&FIFA ONLINE 4&热门网游&诛仙世界&千古风流&APEX&流放之路POE&剑网3缘起&逆水寒&风暴英雄&逆战&坦克世界&战舰世界&巫师之昆特牌&反恐精英Online&暗黑破坏神&梦三国2&传奇世界&方舟：生存进化&刀塔霸业&神武4电脑版&群雄逐鹿&堡垒之夜&无限法则&问道电脑版&西山居游戏&最终幻想14&战意&剑灵&星际战甲&龙之谷&铁甲雄兵&古剑奇谭网络版&轩辕传奇&神途&激战2&高达文化区&忍者村大战2&RPG网游专区&诛仙3&Artifact&斗鱼游戏&笑傲江湖OL&冒险岛2&无尽战区&生死狙击&斗战神&永恒之塔&竞速游戏&九阴真经&我的起源&FPS综合网游&劲舞团&天下&刀锋铁骑&火箭联盟&泡泡堂&武侠乂&音乐游戏&百变球球&游戏装机&新倩女幽魂&创世战车&天谕&征途2&QQ炫舞&泰亚史诗&大唐无双&枪火游侠&海战世界&秘境对决&兽人必须死&怪物猎人ol&火源&生存竞技&手工星球&艾兰岛&腾讯游戏&星战前夜：晨曦&热血传奇怀旧版&仙侠世界2&Anarea&枪火重生&彩虹岛&御龙在天&英魂之刃&自由篮球&洛奇英雄传&洛奇&封印者&奇奥英雄传&合金弹头&新英雄年代&星尘传说&盛趣游戏&九阴真经2&沙盒游戏&体育网游&我的世界：地下城&恐鬼症&领地人生&梦塔防&重生边缘&大话西游2&猎人&虎豹骑&传奇之梦&伏魔传&梦想世界3电脑版&海之乐章2&新风火之旅&鬼谷无双&猎龙战记&不败传说&天子剑&热血江湖online&血杀英雄&千年3&逍遥情缘&天空之城&快乐西游&诺亚传说&鹿鼎记&新桃花源记&疾风之刃电脑版&武魂2电脑版&奇迹世界sun&地城之光&新丝路&剑侠世界2电脑版&斩魂&大唐2&幻想神域电脑版&蜀山：初章&狼人对决网游&武林群侠传&飘流幻境&卡拉彼丘&破天一剑&剑雨江湖&四国军棋&命运方舟&新大话西游3&装甲战争&释厄英雄&隆冬&暴雪游戏综合&Battlebit&HypeSquad&长尾4部虚拟分区&幕后高手&燕云十六声&THE FINALS&不良土壤&篮球高手&NBA2K Online&塔瑞斯世界&再战Online&跑跑卡丁车：漂移&传奇永恒&ARC Raiders&传奇归来&权力的游戏 凛冬将至页游&异星前哨&The Front&欺骗公司&全境封锁2||主机游戏&刺客信条:英灵殿&马里奥制造&逃离塔科夫&命运2&墲人之境&Evil Dead&恐怖游戏&荒野大镖客&九劫曲&灵魂筹码&骑马与砍杀&只狼&饥荒&全境封锁&怀旧游戏&战地风云&隐形守护者&ATLAS&进击的巨人&NBA2K&八方旅人&血污：夜之仪式&人类一败涂地&挺进地牢&环世界&古墓丽影&波西亚时光&鬼泣&往日不再&仙剑奇侠传&神秘海域&塞尔达系列&僵尸世界大战&足球游戏&橙光&莎木&圣歌&了不起的修仙模拟器&女神异闻录&斯普拉遁&超级马里奥&三国志系列&星际公民&最终幻想&中土世界：战争之影&流放者柯南&行尸走肉&深海迷航&三国群英传&腐烂国度&无主之地&层层恐惧&圣女战旗&瘟疫传说：无罪&哆啦A梦：牧场物语&鬼哭邦&幽灵行动：断点&不屈者柯南&风之旅人&辐射&太吾绘卷&SCUM&正当防卫&以撒的结合&文明&仁王&缺氧&全面吃鸡模拟器&古剑奇谭&宝可梦：剑/盾&魔法破碎&JUMP大乱斗&皇牌空战&体育游戏&海岛大亨&NBA 2K 欢乐竞技场2&碧海黑帆&最后生还者2&装机模拟器&侏罗纪世界：进化&植物大战僵尸:花园战争系列&蜘蛛侠&战争机器5&战国无双&勇者斗恶龙：建造者2&遗迹：灰烬重生&血源&羞辱系列&星之卡比&侠客风云传&旺达与巨像&吞食孔明传&突变元年：伊甸园之路&死亡搁浅&双点医院&守墓人&忍者龙剑传&模拟人生&迷雾侦探&龙腾世纪&猎天使魔女&狂野星球之旅&空洞骑士&狙击精英&救赎之路&精灵宝可梦Let's Go!&驾驶俱乐部&极限竞速&极品飞车&胡闹厨房&河洛群侠传&归于沉寂&光之子&疯狂的麦克斯&地铁:离去&沉没之城&尘埃系列&超凡双生&飙酷车神&鬼泣5&孢子&暗黑地牢&Rime&生死狙击2&Inside&三国战纪&怀旧FC&讨鬼传&经典单机&奇异小队&英雄无敌&索尼克系列&暗黑血统&街机游戏&合金装备&红色警戒&星球大战系列&纪元：变异&镜之边缘&无双大蛇&海贼王系列&波斯王子&灵魂之火&Hob&祖先：人类史诗&勿忘我&寂静之人&海贼无双&黑道圣徒系列&鬼屋魔影：启蒙&我还活着&巨神狩猎&三合会之战&女巫&大将军：罗马&人类黎明&漫展模拟器&电竞传奇&爱丽丝：庇护&深渊狂猎&古惑狼三部曲&掠食&重装机兵XENO&暗夜长梦&火焰纹章系列&神鬼寓言&物质世界&星露谷物语&质量效应&沙石镇时光&英雄传说&刀剑神域&博德之门&通灵塔&火炬之光&噬血代码&恶灵附身&上古卷轴&战场女武神&无畏&命运之手&神舞幻想&消失的星球&赛博朋克2077&碧蓝幻想&中国式家长&勇者斗恶龙&幻想三国志&堕落之王&生化变种&精灵宝可梦系列&魔界战记&最后的守护者&尼尔：机械纪元&伊苏&迸发&审判之眼：死神的遗言&天国：拯救&地牢围攻&幻&克苏鲁的呼唤&奇异人生&黑暗影集：棉兰幽灵&蔚蓝&对马岛之魂&少数幸运儿&与狼同行&无人深空&乐高世界&超能队长&内心朋友&Deracine&风来之国&EVOTINCTION&看火人&F1系列&超级房车赛系列&壁中精灵&GT赛车7&赛车计划 系列&极速骑行&超级机器人大战&幽浮系列&信长之野望&超级食肉男孩&这是我的战争&太空战舰：战术行动&杀戮尖塔&冰汽时代&帝国时代&十字军之王&精英：危险&马克思佩恩&量子破碎&死亡空间&光明记忆&海贼王：寻秘世界&非常英雄&旁观者&凯瑟琳Full Body&噬神者&鬼武者重制版&叛乱：沙漠风暴&王国之心&除暴战警&幽林怪谈&任天堂明星大乱斗特别版&杀手&雷霆一击&狂怒&德军总部&Control&骷髅骑士&疯狂之月&耀西的手工世界&三位一体&ToolsUp！&新樱花大战&赏金奇兵&华沙&宅男的人间冒险&黑暗献祭&失落余烬&斩服少女：异布&精灵与萤火意志&2020东京奥运&世界汽车拉力锦标赛&十三机兵防卫圈&沙雕鹿模拟器&奇异世界：灵魂风暴&MUGEN&作业疯了&足球经理&战争附言&雨中冒险&亿万僵尸&疑案追声&一起玩农场&舞力全开&武装突袭&我的朋友佩德罗&时光之帽&王国与城堡&天空之山&逃脱者&石油大亨&生化奇兵&神界：原罪&荣耀战魂&全面战争模拟器&欧洲卡车模拟器&末日方舟&美国逃亡者&漫漫长夜&恐惧狼群&极限巅峰&永恒轮回&孤岛危机&孤岛惊魂&福尔摩斯&浮岛物语&都市：天际线&地球陨落&盗贼之海&餐瘾地城&raft&Dayz&60秒&俄罗斯钓鱼&黑暗逃生&猎人：荒野的召唤&失落城堡&恐怖黎明&传送门骑士&死亡细胞&茶杯头&地痞街区&漫威终极联盟&看门狗&真三国无双&纪元1800&耀西的毛线世界&节奏地牢&围攻&百战天虫&心灵杀手&战斗砖块剧场&泰拉瑞亚&斩妖行&未转变者&异星工厂&群星&求生意志OL&消逝的光芒&UFC&传送门&底特律:变人&恶魔城&方根书简&废品机械师&光环&归家异途&过山车之星&毁灭战士&火影忍者：究极忍者风暴&几何冲刺&监狱建筑师&军团要塞&坎巴拉太空计划&恋爱模拟器&料理模拟器&流浪汉模拟器&龙珠：超宇宙&马里奥赛车&模拟城市&模拟农场&模拟山羊&魔能&欧陆风云&奇妙探险队&乞丐模拟器&小偷模拟器&桌游模拟器&逆转裁判&俄罗斯方块99&史莱姆牧场&请出示证件&超越光速&传说之下&深岩银河&赛博朋克酒保行动&植物大战僵尸&城堡毁灭者&武装原型&游戏开发者&半条命&去月球&蝙蝠侠&Refunct&未上锁的房间&失忆症&艾迪芬奇的记忆&勇敢的心&影子战术:将军之刃&逃出生天&异界锁链&动物园之星&天外世界&最后的绿洲&VRChat&大富翁&路易鬼屋&马里奥和索尼克在东京奥运会&牧场物语&斩妖Raksasi&军团&反恐精英&扣押&英雄连&黑客网络&太阳帝国的原罪：反叛&星界边境&红色至日&杀戮空间&又一个僵尸塔防&点击英雄&王国：经典&表层指挥&进化&黑手党&节奏光剑&龙珠斗士Z&死亡岛&暴战机甲兵&魔方世界&勇气默示录&永劫无间&龙与地下城：黑暗联盟&破败王者&9-5&速度与激情&新世界&人类&解忧咖啡店&幻影异闻录&龙珠Z&初音未来：歌姬计划&嗜血边缘&圣剑传说&复仇者联盟&废土3&部落与弯刀&一拳超人：无名英雄&Raji：远古传奇&我的英雄学院：唯我正义&铁血战士：狩猎场&幽灵行者&地心深处&洛克人&侍道&森林&kenshi&哈迪斯&伤害世界&极乐迪斯科&一字不落&GTFO&非常普通的鹿&缉私警察&只只大冒险&音灵&寄居隅怪奇事件簿&一起开火车！&霓虹深渊&莫塔守山人&夜勤人&传说法师&矿坑之下&龙崖&主机其他游戏&无尽世界&城市帝国&微软飞行模拟&卡片猎人&要塞：十字军东征&不义联盟&天命奇御&地狱之刃&红色派系&战场兄弟&SUPERHOT&火影忍者博人传&铁路帝国&杰克盒子的派对游戏包&真人快打&海军行动&BeamNG赛车&绿色地狱&火柴人战斗&地铁：归来&撕裂&星球基地&尤卡莱莉大冒险&二战装甲战车&钢铁苍穹&破坏领主&洪潮之焰&细胞分裂&工作模拟器&乐高漫威超级英雄&岛&北境之地&油管主播的生活&进击！要塞！&地狱潜者&钓鱼星球&行会&乐高侏罗纪世界&攻城英雄&厕所穿越记&创造世界&地下城&地狱已满&房产达人&废土2&军团战争&狂热火车&罗马之子&爬行世界&叛变:沙漠风暴&人间地狱&贪婪地牢&王国：两位君主&王牌英雄&无冬之夜&吸血鬼:避世血族&远星物语&战术小队&战争行为&这是警察&终极定制夜&万智对决&月影之塔&机甲战魔&temtem&ECO&薄暮传说&堡垒：火焰之炼&宝箱点击&弹丸论破&渎神&翻滚石块&疯狂运输&荒岛求生&皇家美食&基佬大乱斗&家园&僵尸毁灭工程&晶体管&雷神之锤&零时代&美国陆军&迷雾生存&骑士与商人&桥梁建造者&深海&神话时代&神力科莎&神探杰克&泰坦之旅&逃离扎特沃&陷阵之志&悬崖帝国&野兽传奇&遗忘国度之闲置冠军&音乐战机&英雄萨姆&越野巨轮&赃物与巫术&脏弹&职业自行车队经理&撞车嘉年华&碧蓝航线&传颂之物&绝体绝命都市&食人鲨&腐化2029&僵尸部队&吉拉夫与安妮卡&赛马大亨&广播&钢铁危机&地狱时刻&胡闹搬家&方根胶片&小镇英雄&公主计划&妖精的尾巴&玛拉的夏天&少林九武猴&Skul英雄杀手&坦克维修模拟&绝望监牢&无尽宇宙&恐怖的世界&石质碎片&瑞秋福斯特自杀之谜&装甲军团&太空海盗和僵尸&女巫来了&超级兔子人&夜间城邦&手部模拟器&超级鸡马&健身环大冒险&汽车调试项目&不予播出&炼金工房系列&灾厄逆刃&人行道&星空精灵&宝石：霜之怒&骰子地下城&铁锤守卫:英雄传&魔域地牢&漫漫长路&卡片地下城&超时空方舟&在森林深处&超载地牢&爱丽丝与巨人&符文工房&妙连千军&猎人竞技场：传奇&高能小队&风暴岛&丸霸无双&超可靠快递&SKYHILL: 黑雾&逃出地牢&彼岸晴空&彼岸花&咬紧牙关&迷走深空：碎舰师&生死大乱斗&黑色空岛&钻头派对&疯狂世界&守夜人：长夜&组装车间&毁灭全人类&海绵宝宝:争霸比基尼海滩&云城朋克&炽热的帆:海盗之战&明天会有救援&游击队1941&逆行竞技场&崩解&北方之魂&腐败&岛屿生存者&残存之人&再编译&梦幻模拟战 I＆＆II&无间冥寺&先驱者&遵命，陛下&量子联盟&永生之境:吸血鬼战争&咒语破碎&V4跨界战&九霄缳神记&退休模拟器&安妮：最后的希望&末日地带：与世隔绝&世界游戏大全51&神奇101&疾速追杀Hex&广东之路&危险驾驶&少女地狱的毒公主&深海争霸&伊甸之路&凤凰点&盟军敢死队&浪人传说&地牢守护者&主机视频&传奇生物&冬日计划&几何竞技场&龙魂&灭火先锋&汽车交易模拟器&全面坦克模拟器&我来自江湖&亦春秋&异星探险家&异形：隔离&至暗之光&超级巴基球&侠隐阁&怒之铁拳4&魔法尖塔&美国卡车模拟&泰坦陨落&捣蛋大作战&觅长生&揍击派对&国王的恩赐&海底大猎杀&黑荆棘角斗场&紫塞秋风&浴血黑帮：傀儡师&恶果之地&轩辕剑柒&尸变纪元&瓦解&空穴山谷&防僵尸基地&堕落圣杯&觉醒&寻找埃文&致命游民复仇者&四海兄弟&末日求生&布莱尔女巫&北方城镇&创世理想乡&绝境北方&生存日记&山海旅人&恐龙化石猎人&超级动物大逃杀&完美的一天&梦幻引擎：游牧城市&不思议的皇冠&上行战场&幸福工厂&废品大亨&开拓者：正义之怒&武士零&冰与火之舞&恶魔之魂&地平线&PROJECT ATHIA&迷途猫&Returnal&麻布仔大冒险&小小大星球&柯娜：精神之桥&幽灵线：东京&JETT：遥远彼岸&众神陨落&Solar Ash&BUGSNAX&The Waylanders&生化危机4重制版&Pragmata&暴雨&怪物火车&雷曼&瑞奇与叮当&桥梁建造师&再见火山高校&宇航员的娱乐室&小恶魔附体&米德加德部落&宇宙机器人&死亡循环&海岛故事&欺诈之地&避风港&裂缝破坏者&INMOST&占领火星&永恒空间&Grounded&星际漫游者&水晶传说&士兵突击&无限空间&未知海岸&Griefhelm&直到尽头&钢铁收割&末日准备狂&要塞：军阀之战&逝者摆渡人&支柱&层层梦境&侠盗猎马人&最老的灵魂&Superliminal&滑板鸟&超猎都市&疯狂连杀&黑色之书&解放者&钢铁誓言&花园故事&遥不可及&恶魔之书&最后的法术&怪物舞会&黑色起源&信仰：邪恶三相&滑雪胜地大亨&荒野之地&展翅翱翔&弹出地牢&神笔狗良&变形记&螃蟹大战&梅林之手&30XX&Exo One&Omno&Röki&Undungeon&当过去就在眼前&地狱使者&火星地平线&马科超人&世纪之石&未绑定：世界分离&异宇星还&Foregone&泡泡糖忍战&Windbound&代号13&古惑狼4&火车模拟世界&火星求生&上古之环&为了国王&小小梦魇&伊森卡特的消失&糖豆人&The Cycle&螃蟹之王&和班尼特福迪一起攻克难关&实况力量棒球2020&托尼霍克职业滑板&巫火&赤痕：月之诅咒2&纸片马里奥&足球小将：新秀崛起&阿玛拉王国：惩罚&城堡风暴&盗贼遗产&渡神纪&迷雾之夏&成人脑力锻炼&热力纳斯卡&苏打地牢&星际拓荒&修道院：破碎瓷器&冒险之旅：十字军东征&冠军冲刺&赛道狂飙&工人物语&海商王&非一般职场&永进&侠道游歌&沉浮&行界：重构&不当英雄&一方灵田&模拟狩猎&Aeolis Tournament&英灵神殿&红怪&部落：原始建造者&迷雾征程&庄园主&动物派对&Olija&致命躯壳&终结降临&虚空列车&影子武士&Creaks&废墟的旗帜&节奏医生&终点咖啡馆&痞子英雄&风之王国&轻木模型飞行模拟器&为了人民&随动回旋镖&燃烧吧，蜘蛛&北极光&恐龙公园&星际反叛军&愤怒的面具&垃圾场模拟器&辐射谷物语&星际小队&暗影火炬城&影子工厂&中国城市建设者&死亡之夜&亡灵军团&神佑释放&阿尔比恩&洞窟探险&中世纪王朝&WWE 2K竞技场&四海旅人&怪兽远征&Uragun&二次灭绝&罪恶帝国&皮克敏&烈火战马&墨心&天穗之咲稻姬&空战猎鹰&快到碗里来&我的公司996&戴森球计划&烟火&鬼谷八荒&回门&Muse Dash&天神镇物语&无尽旅图&战魂铭人&ALTF4&极限竞速：地平线4&恐惧之间&DmC：鬼泣&超级马里奥：奥德赛&超级马里奥3D世界&恶灵附身2&疯狂游戏大亨2&孤岛惊魂6&怪物猎人&归家异途2&鬼泣2&鬼泣3&鬼泣4&黑神话：悟空&呼吸边缘&环形帝国2&求生之路&仁王2&忍者龙剑传：大师合集&三国群英传8&三国志14&杀手3&双人成行&逃生2&甜蜜之家&王国之心3&小小梦魇2&宇宙大拍扁&重生旅人&循环英雄&生化入侵&神界：原罪2&氰化欢乐秀-末日通行证&魔法气泡-特趣思2&漆弹大作战2&丧尸围城2&神秘海域4&要塞：群雄割据&星际乐土太空基地&不是地下城&邪恶天才2：统治世界&疯狂轮子&草图&洛夫洛特爵士&Scrapnaut&Everhood&遥远：导演剪辑版&最后的克劳迪亚&锋芒录&失乐园&血根&忘却的尤克特拉希尔&装甲战线&战斗周期&珊瑚岛&石器争霸&租房达人&路易吉洋楼3&寂静岭：暴雨&狙击手：幽灵战士契约2&全面战争&丧尸围城1&寂静岭2&巫魔人&农场经理&瓦塔姆&I Wanna Maker&尼尔：伪装者&异界之上&浣熊通缉犯&The Signifier&石碑&英科迪亚&无路之旅&夜深人静&破碎&斯盖尔之女&Taur&Obye me&走过至暗时刻&审判者&超级寄生虫&蒸汽地牢：禁闭&南瓜杰克&三教&112接线员&工匠镇&瑞利达&泡沫冬景&侍道外传：刀神&复体&曼岛TT赛事：边缘竞速2&战争机器：战术小队&侠之道&海绵宝宝：比奇堡的冒险&分离&奇妙探险队2&爱上火车&刺客信条：奥德赛&丧尸围城4&神秘海域2：纵横四海&神秘海域3：德雷克的诡计&星球大战：前线&终极神秘古域：混沌洞穴&尸变纪元2&Moonray&神田川Jet Girls&玩命关头：十字路口&灵魂旅人&古树旋律：重生&面容&车祸现场模拟器&破门而入2：北方特遣队&破门而入&俄罗斯方块效应：连接&过山车大亨3：完全版&模拟大爷&SD高达G世纪：起源&绿林侠盗：亡命之徒与传奇&东方计划：不可思议的幻想乡&地球黎明&劳拉GO&Fate/EXTELLA&临终：重生试炼&生生不息&虚拟现实乐园&夏日课堂&妖精剑士F&最终幻想世界&苍翼默示录：神观之梦&荒神&晚班&光环战争&子弹风暴&异域镇魂曲&生命线&暗黑迷途&没有人知道的大冒险&巡警&冥河：黑暗碎片&极限脱出：九人游戏&耻辱之日&菲丽丝工作室：不可思议之旅的炼金术&狙击精英4&三国志13：威力加强版&热血物语：地下世界&史诗战争模拟器&银河护卫队&讨鬼传2&上古卷轴：传奇&闪乱神乐：少女们的选择&幽灵行动：荒野&白色情人节&美国职业摔角联盟2K17&荒野八人组&无夜之国&誓死坚守&苏菲的炼金工房&喷射侠&隐藏的人&叙利亚战争&武器店物语&罪恶少女：诱惑&小三角大英雄&狂战传说&双截龙4&七：远去的日子&地下蚁国&九张羊皮纸&戎马丹心汉匈决战&咒语力量3&小兵大战&维京人 人中之狼&你好邻居&大神：绝景版&寻找天堂&画中世界&桥梁工程师传送门&现代战争&SCP：秘密实验室&纷争终结者&魔界村：重制版&绯红结系&罪恶装备：STRIVE&铁翼少女&涅克罗蒙达：赏金猎人&骑士精神2&辽阔旷野&脊柱&Rune Knights&最后的咒语&红至日2：幸存者&真女神转生3&堕落军团&边境&当火车鸣笛三秒&军团1