{
    "规则名": "热播之家",
    "规则作者": "运输车",
    "请求头参数": "手机",
    "网页编码格式": "UTF-8",
    "图片是否需要代理": "0",
    "是否开启获取首页数据": "1",
    "首页推荐链接": "https://rebozj.pro/",
    "首页列表数组规则": "body&&.stui-vodlist",
    "首页片单列表数组规则": "li",
    "首页片单是否Jsoup写法": "1",
    "分类起始页码": "1",
    "分类链接": "https://rebozj.pro/show/{cateId}-{area}-{by}-{class}-{lang}----{catePg}---{year}.html",
    "分类名称": "电视剧&电影&动漫&纪录&综艺",
    "分类名称替换词": "2&1&4&3&5",
    //"筛选数据": {},
    "筛选数据": "ext",
    //{cateId}
    "筛选子分类名称": "国产&港台&日韩&海外||动作&喜剧&爱情&科幻&恐怖&剧情&战争||空||空||大陆&港台",
    "筛选子分类替换词": "13&14&15&16||6&7&8&9&10&11&12||空||空||17&18",
    //{class}
    "筛选类型名称": "古装&战争&青春偶像&喜剧&家庭&犯罪&动作&奇幻&剧情&历史&经典&乡村&情景&商战&网剧&其他||喜剧&爱情&恐怖&动作&科幻&剧情&战争&警匪&犯罪&动画&奇幻&武侠&冒险&枪战&恐怖&悬疑&惊悚&经典&青春&文艺&微电影&古装&历史&运动&农村&儿童&网络电影||情感&科幻&热血&推理&搞笑&冒险&萝莉&校园&动作&机战&运动&战争&少年&少女&社会&原创&亲子&益智&励志&其他||选秀&情感&访谈&播报&旅游&音乐&美食&纪实&曲艺&生活&游戏互动&财经&求职||空",
    "筛选类型替换词": "*",
    //{area}
    "筛选地区名称": "大陆&韩国&香港&台湾&日本&美国&泰国&英国&新加坡&其他||大陆&香港&台湾&美国&法国&英国&日本&韩国&德国&泰国&印度&意大利&西班牙&加拿大&其他||大陆&日本&欧美&其他||内地&港台&日韩&欧美||空",
    "筛选地区替换词": "*",
    //{year}
    "筛选年份名称": "",
    "筛选年份替换词": "*",
    //{lang}
    "筛选语言名称": "国语&英语&粤语&闽南语&韩语&日语&其它||国语&英语&粤语&闽南语&韩语&日语&法语&德语&其它||国语&英语&粤语&闽南语&韩语&日语&其它||国语&英语&粤语&闽南语&韩语&日语&其它||空",
    "筛选语言替换词": "*",
    //{by}
    "筛选排序名称": "时间&人气&评分",
    "筛选排序替换词": "time&hits&score",
    "分类截取模式": "1",
    "分类列表数组规则": ".stui-vodlist&&li",
    "分类片单是否Jsoup写法": "1",
    "分类片单标题": "a&&title",
    "分类片单链接": "a&&href",
    "分类片单图片": ".lazyload&&data-original",
    "分类片单副标题": ".pic-text&&Text",
    "分类片单链接加前缀": "https://rebozj.pro",
    "分类片单链接加后缀": "",
    "搜索请求头参数": "User-Agent$手机",
    "搜索链接": "https://rebozj.pro/search/-------------.html?wd={wd}&submit=",
    "POST请求数据": "",
    "搜索截取模式": "1",
    "搜索列表数组规则": ".stui-vodlist&&li",
    "搜索片单是否Jsoup写法": "1",
    "搜索片单图片": ".lazyload&&data-original",
    "搜索片单标题": "a&&title",
    "搜索片单链接": "a&&href",
    "搜索片单副标题": ".pic-text&&Text",
    "搜索片单链接加前缀": "https://rebozj.pro",
    "搜索片单链接加后缀": "",
    "链接是否直接播放": "0",
    "直接播放链接加前缀": "",
    "直接播放链接加后缀": "",
    "直接播放直链视频请求头": "",
    "详情是否Jsoup写法": "1",
    "类型详情": "",
    "年代详情": ".data,4&&Text!年份：",
    "地区详情": ".data,2&&Text!地区：",
    "演员详情": ".data,6&&Text!主演：",
    "简介详情": ".detail-content&&Text",                                                                                                               
    "线路列表数组规则": "body&&h4:not(:matches(猜你喜欢))",
    "线路标题": "Text",
    "播放列表数组规则": "body&&.stui-content__playlist",
    "选集列表数组规则": "a",
    "选集标题链接是否Jsoup写法": "1",
    "选集标题": "a&&Text",
    "选集链接": "a&&href",
    "是否反转选集序列": "0",
    "选集链接加前缀": "https://rebozj.pro",
    "选集链接加后缀": "",
    "分析MacPlayer": "0",
    "是否开启手动嗅探": "1",
    "手动嗅探视频链接关键词": "tos-#.mp4#cdn.123pan.cn#huoshanvod.com#.m3u8#video_mp4",
    "手动嗅探视频链接过滤词": ".html#=http"
}
