{
  "规则名": "极影网",
  "规则作者": "",
  "请求头参数": "PC_UA",
  "网页编码格式": "UTF-8",
  "图片是否需要代理": "0",
  "是否开启获取首页数据": "1",
  "首页推荐链接": "https://www.jiyingw.vip",
  "首页列表数组规则": "body&&.masonry",
  "首页片单列表数组规则": "li",
  "首页片单是否Jsoup写法": "1",
  "首页片单标题": "h2&&Text",
  "首页片单链接": "a&&href",
  "首页片单图片": "img&&src",
  "首页片单副标题": ".info_date&&Text",
  "首页片单链接加前缀": "",
  "首页片单链接加后缀": "",
  "分类链接": "https://www.jiyingw.vip{cateId}/page/{catePg}[firstPage=https://www.jiyingw.vip{cateId}]",
  "分类名称": "电影&经典电影&电视剧&连载剧&完结剧&动漫&综艺",
  "分类名称替换词": "/movie&/movie/jingdiandy&/tv&/tv/series&/tv/finished-already&/cartoon&/movie/variety",
  "筛选数据": {},
  "分类截取模式": "1",
  "分类列表数组规则": ".masonry&&li",
  "分类片单是否Jsoup写法": "1",
  "分类片单标题": "h2&&Text",
  "分类片单链接": "a&&href",
  "分类片单图片": "img&&src",
  "分类片单副标题": ".info_date&&Text",
  "分类片单链接加前缀": "",
  "分类片单链接加后缀": "",
  "搜索请求头参数": "User-Agent$PC_UA#Cookie$esc_search_captcha=1",
  "搜索链接": "https://www.jiyingw.net/?s={wd}",
  "POST请求数据": "",
  "搜索截取模式": "1",
  "搜索列表数组规则": ".masonry&&li",
  "搜索片单是否Jsoup写法": "1",
  "搜索片单图片": "img&&src",
  "搜索片单标题": "h2&&Text",
  "搜索片单链接": "a&&href",
  "搜索片单副标题": ".info_date&&Text",
  "搜索片单链接加前缀": "",
  "搜索片单链接加后缀": "",
  "链接是否直接播放": "0",
  "直接播放链接加前缀": "",
  "直接播放链接加后缀": "",
  "直接播放直链视频请求头": "",
  "详情是否Jsoup写法": "0",
  "类型详情": "",
  "年代详情": "",
  "地区详情": "",
  "演员详情": "",
  "简介详情": "",
  "线路列表数组规则": "",
  "线路标题": "",
  "播放列表数组规则": "body&&#post_content",
  "选集列表数组规则": "a[href^=magnet]||a[href^=ed2K]",
  "选集标题链接是否Jsoup写法": "1",
  "选集标题": "Text",
  "选集链接": "a&&href",
  "是否反转选集序列": "0",
  "选集链接加前缀": "",
  "选集链接加后缀": "",
  "分析MacPlayer": "0",
  "是否开启手动嗅探": "0",
  "手动嗅探视频链接关键词": ".mp4#.m3u8#.flv",
  "手动嗅探视频链接过滤词": ".html"
}
