{
  "规则名": "高清MP4",
  "规则作者": "香雅情",
  "请求头参数": "PC_UA",
  "网页编码格式": "UTF-8",
  "图片是否需要代理": "1",
  "是否开启获取首页数据": "1",
  "首页推荐链接": "https://www.97tvs.com",
  "首页列表数组规则": "body&&.masonry",
  "首页片单列表数组规则": "li",
  "首页片单是否Jsoup写法": "1",
  "分类链接": "https://www.97tvs.com/{cateId}/page/{catePg}[firstPage=https://www.97tvs.com/{cateId}]",
  "分类名称": "动作片&科幻片&爱情片&喜剧片&剧情片&惊悚片&战争片&灾难片&罪案片&动画片&综艺&电视剧",
  "分类名称替换词": "action&science&love&comedy&story&thriller&war&disaster&crime&cartoon&variety&sitcoms",
  "筛选数据": {},
  "分类截取模式": "1",
  "分类列表数组规则": ".masonry||#posts-list&&li||.entry",
  "分类片单是否Jsoup写法": "1",
  "分类片单标题": "h2&&Text",
  "分类片单链接": "a&&href",
  "分类片单图片": "img&&src",
  "分类片单副标题": ".info_date&&Text",
  "分类片单链接加前缀": "",
  "分类片单链接加后缀": "",
  "搜索请求头参数": "User-Agent$PC_UA#Cookie$esc_search_captcha=1",
  "搜索链接": "https://www.97tvs.com/?s={wd}",
  "POST请求数据": "",
  "搜索截取模式": "1",
  "搜索列表数组规则": ".masonry&&li",
  "搜索片单是否Jsoup写法": "1",
  "搜索片单图片": "img&&src",
  "搜索片单标题": "h2&&Text",
  "搜索片单链接": "a&&href",
  "搜索片单副标题": ".info_date&&Text",
  "搜索片单链接加前缀": "",
  "搜索片单链接加后缀": "",
  "链接是否直接播放": "0",
  "直接播放链接加前缀": "",
  "直接播放链接加后缀": "",
  "直接播放直链视频请求头": "",
  "详情是否Jsoup写法": "0",
  "类型详情": "",
  "年代详情": "",
  "地区详情": "",
  "演员详情": "",
  "简介详情": "",
  "线路列表数组规则": "",
  "线路标题": "",
  "播放列表数组规则": "body&&#post_content",
  "选集列表数组规则": "a[href^=magnet]||a[href^=ed2K]",
  "选集标题链接是否Jsoup写法": "1",
  "选集标题": "Text",
  "选集链接": "a&&href",
  "是否反转选集序列": "0",
  "选集链接加前缀": "",
  "选集链接加后缀": "",
  "分析MacPlayer": "0",
  "是否开启手动嗅探": "0",
  "手动嗅探视频链接关键词": ".mp4#.m3u8#.flv",
  "手动嗅探视频链接过滤词": ".html"
}
