{
    "站名": "米爱影视",
    "主页url": "https://www.miai9.cc/",
    "简介": "【千软汇】公众号提醒“资源免费，广告勿信”。+剧情：&&（米爱影视频+。",
    "导演": "导演：&&</div>",
    "主演": "主演：&&</div>",
    "影片状态": "集数：&&</div>",
    "影片类型": "video-info-aux scroll-content\">&&立即播放",
    "数组": "module-item-pic\">&&module-item\">",
    "标题": "title=\"&&\"",
    "副标题": "module-item-text\"&&</div>",
    "图片": "data-src=\"&&\"",
    "链接": "href=\"&&\"",
    "搜索url": "/vodsearch/-------------.html?wd={wd}",
    "搜索数组": "lazy lazyload\"&&<h3>",
    "搜索标题": "alt=\"&&\"",
    "搜索副标题": "<a class=\"video-serial\" href=*>&&</a>",
    "搜索图片": "data-src=\"&&\"",
    "搜索链接": "href=\"&&\"",
    "线路数组": "data-dropdown-value=&&</div>",
    "线路标题": "🎯️壹梦：+<span>&&</small>[替换:HD高清->>高清#</span><small>>>共]+集",
    "播放数组": "sort-item\"&&</div>",
    "播放标题": "<span>&&</span>",
    "播放列表": "<a&&</a>",
    "分类url": "https://www.miai9.cc/vodshow/{cateId}-{area}-{by}-{class}-{lang}----{catePg}---{year}.html;;ak",
    "分类": "电影$1#电视剧$2#综艺$3#动漫$4#纪录片$32"
}