{"站名":"水果影院","主页url":"http://www.pg8090.com/","简介":"【千软汇】公众号提醒“资源免费，广告勿信”。+剧情：&&</p>","导演":"导演：&&</p>","主演":"主演：&&</p>","影片状态":"时间：&&</p>","影片类型":"类别：&&</p>","数组":"stui-vodlist__thumb&&</a>","标题":"title=\"&&\"","副标题":"pic-text text-right\"&&</span>","图片":"data-original=\"&&\"","链接":"href=\"&&\"","搜索url":"/search/-------------.html?wd={wd}","搜索数组":"stui-vodlist__thumb&&</a>","搜索标题":"title=\"&&\"","搜索副标题":"pic-text text-right\">&&</span>","搜索图片":"data-original=\"&&\"","搜索链接":"href=\"&&\"","线路数组":"<li>&&</li>[不包含:超快播放#快播云#极速云#掏片云#天空云#飞速云#卧龙云]","线路标题":"🎯️壹梦线路：+javascript:;\">&&</a>","播放数组":"<ul class=\"stui-content&&</ul>","播放标题":">&&<","播放列表":"<a&&/a>","分类url":"https://www.pg8090.com/show/{cateId}-{area}-{by}--{lang}----{catePg}---{year}.html;;ak","分类":"电影$1#电视剧$2#综艺$3#动漫$4","筛选":{"1":[{"key":"cateId","name":"类型","value":[{"n":"全部类型","v":""},{"n":"动作片","v":"6"},{"n":"喜剧片","v":"7"},{"n":"爱情片","v":"8"},{"n":"科幻片","v":"9"},{"n":"恐怖片","v":"10"},{"n":"剧情片","v":"11"},{"n":"战争片","v":"12"}]},{"key":"area","name":"地区","value":[{"n":"全部地区","v":""},{"n":"大陆","v":"大陆"},{"n":"香港","v":"香港"},{"n":"台湾","v":"台湾"},{"n":"美国","v":"美国"},{"n":"法国","v":"法国"},{"n":"英国","v":"英国"},{"n":"日本","v":"日本"},{"n":"韩国","v":"韩国"},{"n":"德国","v":"德国"},{"n":"泰国","v":"泰国"},{"n":"印度","v":"印度"},{"n":"意大利","v":"意大利"},{"n":"西班牙","v":"西班牙"},{"n":"加拿大","v":"加拿大"},{"n":"其他","v":"其他"}]},{"key":"year","name":"时间","value":[{"n":"全部时间","v":""},{"n":"2023","v":"2023"},{"n":"2022","v":"2022"},{"n":"2021","v":"2021"},{"n":"2020","v":"2020"},{"n":"2019","v":"2019"},{"n":"2018","v":"2018"},{"n":"2017","v":"2017"},{"n":"2016","v":"2016"},{"n":"2015","v":"2015"},{"n":"2014","v":"2014"},{"n":"2013","v":"2013"},{"n":"2012","v":"2012"},{"n":"2011","v":"2011"},{"n":"2010~2001","v":"2010~2001"},{"n":"2000~1991","v":"2000~1991"},{"n":"1990~1960","v":"1990~1960"}]},{"key":"lang","name":"语言","value":[{"n":"全部语言","v":""},{"n":"国语","v":"国语"},{"n":"英语","v":"英语"},{"n":"粤语","v":"粤语"},{"n":"闽南语","v":"闽南语"},{"n":"韩语","v":"韩语"},{"n":"日语","v":"日语"},{"n":"其它","v":"其它"}]},{"key":"by","name":"排序","value":[{"n":"全部排序","v":""},{"n":"时间排序","v":"time"},{"n":"人气排序","v":"hits"},{"n":"评分排序","v":"score"}]}],"2":[{"key":"cateId","name":"类型","value":[{"n":"全部类型","v":""},{"n":"国产剧","v":"13"},{"n":"港台剧","v":"14"},{"n":"日韩剧","v":"15"},{"n":"欧美剧","v":"16"},{"n":"其他剧","v":"20"}]},{"key":"area","name":"地区","value":[{"n":"全部地区","v":""},{"n":"大陆","v":"大陆"},{"n":"韩国","v":"韩国"},{"n":"香港","v":"香港"},{"n":"台湾","v":"台湾"},{"n":"日本","v":"日本"},{"n":"美国","v":"美国"},{"n":"泰国","v":"泰国"},{"n":"英国","v":"英国"},{"n":"新加坡","v":"新加坡"}]},{"key":"year","name":"时间","value":[{"n":"全部时间","v":""},{"n":"2023","v":"2023"},{"n":"2022","v":"2022"},{"n":"2021","v":"2021"},{"n":"2020","v":"2020"},{"n":"2019","v":"2019"},{"n":"2018","v":"2018"},{"n":"2017","v":"2017"},{"n":"2016","v":"2016"},{"n":"2015","v":"2015"},{"n":"2014","v":"2014"},{"n":"2013","v":"2013"},{"n":"2012","v":"2012"},{"n":"2011","v":"2011"},{"n":"2010~2001","v":"2010~2001"},{"n":"2000~1991","v":"2000~1991"},{"n":"1990~1960","v":"1990~1960"}]},{"key":"lang","name":"语言","value":[{"n":"全部语言","v":""},{"n":"国语","v":"国语"},{"n":"英语","v":"英语"},{"n":"粤语","v":"粤语"},{"n":"闽南语","v":"闽南语"},{"n":"韩语","v":"韩语"},{"n":"日语","v":"日语"},{"n":"其它","v":"其它"}]},{"key":"by","name":"排序","value":[{"n":"全部排序","v":""},{"n":"时间排序","v":"time"},{"n":"人气排序","v":"hits"},{"n":"评分排序","v":"score"}]}],"3":[{"key":"area","name":"地区","value":[{"n":"全部地区","v":""},{"n":"大陆","v":"大陆"},{"n":"港台","v":"港台"},{"n":"日韩","v":"日韩"},{"n":"欧美","v":"欧美"}]},{"key":"year","name":"时间","value":[{"n":"全部时间","v":""},{"n":"2023","v":"2023"},{"n":"2022","v":"2022"},{"n":"2021","v":"2021"},{"n":"2020","v":"2020"},{"n":"2019","v":"2019"},{"n":"2018","v":"2018"},{"n":"2017","v":"2017"},{"n":"2016","v":"2016"},{"n":"2015","v":"2015"},{"n":"2014","v":"2014"},{"n":"2013","v":"2013"},{"n":"2012","v":"2012"},{"n":"2011","v":"2011"},{"n":"2010~2001","v":"2010~2001"},{"n":"2000~1991","v":"2000~1991"},{"n":"1990~1960","v":"1990~1960"}]},{"key":"lang","name":"语言","value":[{"n":"全部语言","v":""},{"n":"国语","v":"国语"},{"n":"英语","v":"英语"},{"n":"粤语","v":"粤语"},{"n":"闽南语","v":"闽南语"},{"n":"韩语","v":"韩语"},{"n":"日语","v":"日语"},{"n":"其它","v":"其它"}]},{"key":"by","name":"排序","value":[{"n":"全部排序","v":""},{"n":"时间排序","v":"time"},{"n":"人气排序","v":"hits"},{"n":"评分排序","v":"score"}]}],"4":[{"key":"area","name":"地区","value":[{"n":"全部地区","v":""},{"n":"大陆","v":"大陆"},{"n":"日本","v":"日本"},{"n":"欧美","v":"欧美"},{"n":"其他","v":"其他"}]},{"key":"year","name":"时间","value":[{"n":"全部时间","v":""},{"n":"2023","v":"2023"},{"n":"2022","v":"2022"},{"n":"2021","v":"2021"},{"n":"2020","v":"2020"},{"n":"2019","v":"2019"},{"n":"2018","v":"2018"},{"n":"2017","v":"2017"},{"n":"2016","v":"2016"},{"n":"2015","v":"2015"},{"n":"2014","v":"2014"},{"n":"2013","v":"2013"},{"n":"2012","v":"2012"},{"n":"2011","v":"2011"},{"n":"2010~2001","v":"2010~2001"},{"n":"2000~1991","v":"2000~1991"},{"n":"1990~1960","v":"1990~1960"}]},{"key":"lang","name":"语言","value":[{"n":"全部语言","v":""},{"n":"国语","v":"国语"},{"n":"英语","v":"英语"},{"n":"粤语","v":"粤语"},{"n":"闽南语","v":"闽南语"},{"n":"韩语","v":"韩语"},{"n":"日语","v":"日语"},{"n":"其它","v":"其它"}]},{"key":"by","name":"排序","value":[{"n":"全部排序","v":""},{"n":"时间排序","v":"time"},{"n":"人气排序","v":"hits"},{"n":"评分排序","v":"score"}]}]}}
