{
    "cookie": "http://127.0.0.1:9978/file/tvfan/cookie.txt",
    "classes": [
        {
            "type_name": "7年级语文",
            "type_id": "7年级语文"
        },
        {
            "type_name": "7年级数学",
            "type_id": "7年级数学"
        },
        {
            "type_name": "7年级英语",
            "type_id": "7年级英语"
        },
        {
            "type_name": "7年级历史",
            "type_id": "7年级历史"
        },
        {
            "type_name": "7年级地理",
            "type_id": "7年级地理"
        },
        {
            "type_name": "7年级生物",
            "type_id": "7年级生物"
        },
        {
            "type_name": "7年级物理",
            "type_id": "7年级物理"
        },
        {
            "type_name": "7年级化学",
            "type_id": "7年级化学"
        },
        {
            "type_name": "8年级语文",
            "type_id": "8年级语文"
        },
        {
            "type_name": "8年级数学",
            "type_id": "8年级数学"
        },
        {
            "type_name": "8年级英语",
            "type_id": "8年级英语"
        },
        {
            "type_name": "8年级历史",
            "type_id": "8年级历史"
        },
        {
            "type_name": "8年级地理",
            "type_id": "8年级地理"
        },
        {
            "type_name": "8年级生物",
            "type_id": "8年级生物"
        },
        {
            "type_name": "8年级物理",
            "type_id": "8年级物理"
        },
        {
            "type_name": "8年级化学",
            "type_id": "8年级化学"
        }
    ],
    "filter": {
        "7年级语文": [
            {
                "key": "tid",
                "name": "分类",
                "value": [
                    {
                        "n": "全部",
                        "v": "0"
                    },
                    {
                        "n": "沪教版",
                        "v": "沪教版7年级语文"
                    },
                    {
                        "n": "人教版",
                        "v": "人教版7年级语文"
                    },
                    {
                        "n": "北师大版",
                        "v": "北师大版7年级语文"
                    },
                    {
                        "n": "苏教版",
                        "v": "苏教版7年级语文"
                    }
                ]
            },
            {
                "key": "duration",
                "name": "时长",
                "value": [
                    {
                        "n": "全部",
                        "v": "0"
                    },
                    {
                        "n": "60分钟以上",
                        "v": "4"
                    },
                    {
                        "n": "30~60分钟",
                        "v": "3"
                    },
                    {
                        "n": "10~30分钟",
                        "v": "2"
                    },
                    {
                        "n": "10分钟以下",
                        "v": "1"
                    }
                ]
            }
        ],
        "7年级英语": [
            {
                "key": "tid",
                "name": "分类",
                "value": [
                    {
                        "n": "全部",
                        "v": "0"
                    },
                    {
                        "n": "沪教版",
                        "v": "沪教版7年级英语"
                    },
                    {
                        "n": "人教版",
                        "v": "人教版7年级英语"
                    },
                    {
                        "n": "北师大版",
                        "v": "北师大版7年级英语"
                    },
                    {
                        "n": "苏教版",
                        "v": "苏教版7年级英语"
                    }
                ]
            },
            {
                "key": "duration",
                "name": "时长",
                "value": [
                    {
                        "n": "全部",
                        "v": "0"
                    },
                    {
                        "n": "60分钟以上",
                        "v": "4"
                    },
                    {
                        "n": "30~60分钟",
                        "v": "3"
                    },
                    {
                        "n": "10~30分钟",
                        "v": "2"
                    },
                    {
                        "n": "10分钟以下",
                        "v": "1"
                    }
                ]
            }
        ],
        "7年级数学": [
            {
                "key": "tid",
                "name": "分类",
                "value": [
                    {
                        "n": "全部",
                        "v": "0"
                    },
                    {
                        "n": "沪教版",
                        "v": "沪教版7年级数学"
                    },
                    {
                        "n": "人教版",
                        "v": "人教版7年级数学"
                    },
                    {
                        "n": "北师大版",
                        "v": "北师大版7年级数学"
                    },
                    {
                        "n": "苏教版",
                        "v": "苏教版7年级数学"
                    }
                ]
            },
            {
                "key": "duration",
                "name": "时长",
                "value": [
                    {
                        "n": "全部",
                        "v": "0"
                    },
                    {
                        "n": "60分钟以上",
                        "v": "4"
                    },
                    {
                        "n": "30~60分钟",
                        "v": "3"
                    },
                    {
                        "n": "10~30分钟",
                        "v": "2"
                    },
                    {
                        "n": "10分钟以下",
                        "v": "1"
                    }
                ]
            }
        ],
        "7年级化学": [
            {
                "key": "tid",
                "name": "分类",
                "value": [
                    {
                        "n": "全部",
                        "v": "0"
                    },
                    {
                        "n": "沪教版",
                        "v": "沪教版7年级化学"
                    },
                    {
                        "n": "人教版",
                        "v": "人教版7年级化学"
                    },
                    {
                        "n": "北师大版",
                        "v": "北师大版7年级化学"
                    },
                    {
                        "n": "苏教版",
                        "v": "苏教版7年级化学"
                    }
                ]
            },
            {
                "key": "duration",
                "name": "时长",
                "value": [
                    {
                        "n": "全部",
                        "v": "0"
                    },
                    {
                        "n": "60分钟以上",
                        "v": "4"
                    },
                    {
                        "n": "30~60分钟",
                        "v": "3"
                    },
                    {
                        "n": "10~30分钟",
                        "v": "2"
                    },
                    {
                        "n": "10分钟以下",
                        "v": "1"
                    }
                ]
            }
        ],
        "7年级物理": [
            {
                "key": "tid",
                "name": "分类",
                "value": [
                    {
                        "n": "全部",
                        "v": "0"
                    },
                    {
                        "n": "沪教版",
                        "v": "沪教版7年级物理"
                    },
                    {
                        "n": "人教版",
                        "v": "人教版7年级物理"
                    },
                    {
                        "n": "北师大版",
                        "v": "北师大版7年级物理"
                    },
                    {
                        "n": "苏教版",
                        "v": "苏教版7年级物理"
                    }
                ]
            },
            {
                "key": "duration",
                "name": "时长",
                "value": [
                    {
                        "n": "全部",
                        "v": "0"
                    },
                    {
                        "n": "60分钟以上",
                        "v": "4"
                    },
                    {
                        "n": "30~60分钟",
                        "v": "3"
                    },
                    {
                        "n": "10~30分钟",
                        "v": "2"
                    },
                    {
                        "n": "10分钟以下",
                        "v": "1"
                    }
                ]
            }
        ],
        "7年级生物": [
            {
                "key": "tid",
                "name": "分类",
                "value": [
                    {
                        "n": "全部",
                        "v": "0"
                    },
                    {
                        "n": "沪教版",
                        "v": "沪教版7年级生物"
                    },
                    {
                        "n": "人教版",
                        "v": "人教版7年级生物"
                    },
                    {
                        "n": "北师大版",
                        "v": "北师大版7年级生物"
                    },
                    {
                        "n": "苏教版",
                        "v": "苏教版7年级生物"
                    }
                ]
            },
            {
                "key": "duration",
                "name": "时长",
                "value": [
                    {
                        "n": "全部",
                        "v": "0"
                    },
                    {
                        "n": "60分钟以上",
                        "v": "4"
                    },
                    {
                        "n": "30~60分钟",
                        "v": "3"
                    },
                    {
                        "n": "10~30分钟",
                        "v": "2"
                    },
                    {
                        "n": "10分钟以下",
                        "v": "1"
                    }
                ]
            }
        ],
        "7年级历史": [
            {
                "key": "tid",
                "name": "分类",
                "value": [
                    {
                        "n": "全部",
                        "v": "0"
                    },
                    {
                        "n": "沪教版",
                        "v": "沪教版7年级历史"
                    },
                    {
                        "n": "人教版",
                        "v": "人教版7年级历史"
                    },
                    {
                        "n": "北师大版",
                        "v": "北师大版7年级历史"
                    },
                    {
                        "n": "苏教版",
                        "v": "苏教版7年级历史"
                    }
                ]
            },
            {
                "key": "duration",
                "name": "时长",
                "value": [
                    {
                        "n": "全部",
                        "v": "0"
                    },
                    {
                        "n": "60分钟以上",
                        "v": "4"
                    },
                    {
                        "n": "30~60分钟",
                        "v": "3"
                    },
                    {
                        "n": "10~30分钟",
                        "v": "2"
                    },
                    {
                        "n": "10分钟以下",
                        "v": "1"
                    }
                ]
            }
        ],
        "8年级语文": [
            {
                "key": "tid",
                "name": "分类",
                "value": [
                    {
                        "n": "全部",
                        "v": "0"
                    },
                    {
                        "n": "沪教版",
                        "v": "沪教版8年级语文"
                    },
                    {
                        "n": "人教版",
                        "v": "人教版8年级语文"
                    },
                    {
                        "n": "北师大版",
                        "v": "北师大版8年级语文"
                    },
                    {
                        "n": "苏教版",
                        "v": "苏教版8年级语文"
                    }
                ]
            },
            {
                "key": "duration",
                "name": "时长",
                "value": [
                    {
                        "n": "全部",
                        "v": "0"
                    },
                    {
                        "n": "60分钟以上",
                        "v": "4"
                    },
                    {
                        "n": "30~60分钟",
                        "v": "3"
                    },
                    {
                        "n": "10~30分钟",
                        "v": "2"
                    },
                    {
                        "n": "10分钟以下",
                        "v": "1"
                    }
                ]
            }
        ],
        "8年级英语": [
            {
                "key": "tid",
                "name": "分类",
                "value": [
                    {
                        "n": "全部",
                        "v": "0"
                    },
                    {
                        "n": "沪教版",
                        "v": "沪教版8年级英语"
                    },
                    {
                        "n": "人教版",
                        "v": "人教版8年级英语"
                    },
                    {
                        "n": "北师大版",
                        "v": "北师大版8年级英语"
                    },
                    {
                        "n": "苏教版",
                        "v": "苏教版8年级英语"
                    }
                ]
            },
            {
                "key": "duration",
                "name": "时长",
                "value": [
                    {
                        "n": "全部",
                        "v": "0"
                    },
                    {
                        "n": "60分钟以上",
                        "v": "4"
                    },
                    {
                        "n": "30~60分钟",
                        "v": "3"
                    },
                    {
                        "n": "10~30分钟",
                        "v": "2"
                    },
                    {
                        "n": "10分钟以下",
                        "v": "1"
                    }
                ]
            }
        ],
        "8年级数学": [
            {
                "key": "tid",
                "name": "分类",
                "value": [
                    {
                        "n": "全部",
                        "v": "0"
                    },
                    {
                        "n": "沪教版",
                        "v": "沪教版8年级数学"
                    },
                    {
                        "n": "人教版",
                        "v": "人教版8年级数学"
                    },
                    {
                        "n": "北师大版",
                        "v": "北师大版8年级数学"
                    },
                    {
                        "n": "苏教版",
                        "v": "苏教版8年级数学"
                    }
                ]
            },
            {
                "key": "duration",
                "name": "时长",
                "value": [
                    {
                        "n": "全部",
                        "v": "0"
                    },
                    {
                        "n": "60分钟以上",
                        "v": "4"
                    },
                    {
                        "n": "30~60分钟",
                        "v": "3"
                    },
                    {
                        "n": "10~30分钟",
                        "v": "2"
                    },
                    {
                        "n": "10分钟以下",
                        "v": "1"
                    }
                ]
            }
        ],
        "8年级化学": [
            {
                "key": "tid",
                "name": "分类",
                "value": [
                    {
                        "n": "全部",
                        "v": "0"
                    },
                    {
                        "n": "沪教版",
                        "v": "沪教版8年级化学"
                    },
                    {
                        "n": "人教版",
                        "v": "人教版8年级化学"
                    },
                    {
                        "n": "北师大版",
                        "v": "北师大版8年级化学"
                    },
                    {
                        "n": "苏教版",
                        "v": "苏教版8年级化学"
                    }
                ]
            },
            {
                "key": "duration",
                "name": "时长",
                "value": [
                    {
                        "n": "全部",
                        "v": "0"
                    },
                    {
                        "n": "60分钟以上",
                        "v": "4"
                    },
                    {
                        "n": "30~60分钟",
                        "v": "3"
                    },
                    {
                        "n": "10~30分钟",
                        "v": "2"
                    },
                    {
                        "n": "10分钟以下",
                        "v": "1"
                    }
                ]
            }
        ],
        "8年级物理": [
            {
                "key": "tid",
                "name": "分类",
                "value": [
                    {
                        "n": "全部",
                        "v": "0"
                    },
                    {
                        "n": "沪教版",
                        "v": "沪教版8年级物理"
                    },
                    {
                        "n": "人教版",
                        "v": "人教版8年级物理"
                    },
                    {
                        "n": "北师大版",
                        "v": "北师大版8年级物理"
                    },
                    {
                        "n": "苏教版",
                        "v": "苏教版8年级物理"
                    }
                ]
            },
            {
                "key": "duration",
                "name": "时长",
                "value": [
                    {
                        "n": "全部",
                        "v": "0"
                    },
                    {
                        "n": "60分钟以上",
                        "v": "4"
                    },
                    {
                        "n": "30~60分钟",
                        "v": "3"
                    },
                    {
                        "n": "10~30分钟",
                        "v": "2"
                    },
                    {
                        "n": "10分钟以下",
                        "v": "1"
                    }
                ]
            }
        ],
        "8年级生物": [
            {
                "key": "tid",
                "name": "分类",
                "value": [
                    {
                        "n": "全部",
                        "v": "0"
                    },
                    {
                        "n": "沪教版",
                        "v": "沪教版8年级生物"
                    },
                    {
                        "n": "人教版",
                        "v": "人教版8年级生物"
                    },
                    {
                        "n": "北师大版",
                        "v": "北师大版8年级生物"
                    },
                    {
                        "n": "苏教版",
                        "v": "苏教版8年级生物"
                    }
                ]
            },
            {
                "key": "duration",
                "name": "时长",
                "value": [
                    {
                        "n": "全部",
                        "v": "0"
                    },
                    {
                        "n": "60分钟以上",
                        "v": "4"
                    },
                    {
                        "n": "30~60分钟",
                        "v": "3"
                    },
                    {
                        "n": "10~30分钟",
                        "v": "2"
                    },
                    {
                        "n": "10分钟以下",
                        "v": "1"
                    }
                ]
            }
        ],
        "8年级历史": [
            {
                "key": "tid",
                "name": "分类",
                "value": [
                    {
                        "n": "全部",
                        "v": "0"
                    },
                    {
                        "n": "沪教版",
                        "v": "沪教版8年级历史"
                    },
                    {
                        "n": "人教版",
                        "v": "人教版8年级历史"
                    },
                    {
                        "n": "北师大版",
                        "v": "北师大版8年级历史"
                    },
                    {
                        "n": "苏教版",
                        "v": "苏教版8年级历史"
                    }
                ]
            },
            {
                "key": "duration",
                "name": "时长",
                "value": [
                    {
                        "n": "全部",
                        "v": "0"
                    },
                    {
                        "n": "60分钟以上",
                        "v": "4"
                    },
                    {
                        "n": "30~60分钟",
                        "v": "3"
                    },
                    {
                        "n": "10~30分钟",
                        "v": "2"
                    },
                    {
                        "n": "10分钟以下",
                        "v": "1"
                    }
                ]
            }
        ],
        "9年级语文": [
            {
                "key": "tid",
                "name": "分类",
                "value": [
                    {
                        "n": "全部",
                        "v": "0"
                    },
                    {
                        "n": "沪教版",
                        "v": "沪教版9年级语文"
                    },
                    {
                        "n": "人教版",
                        "v": "人教版9年级语文"
                    },
                    {
                        "n": "北师大版",
                        "v": "北师大版9年级语文"
                    },
                    {
                        "n": "苏教版",
                        "v": "苏教版9年级语文"
                    }
                ]
            },
            {
                "key": "duration",
                "name": "时长",
                "value": [
                    {
                        "n": "全部",
                        "v": "0"
                    },
                    {
                        "n": "60分钟以上",
                        "v": "4"
                    },
                    {
                        "n": "30~60分钟",
                        "v": "3"
                    },
                    {
                        "n": "10~30分钟",
                        "v": "2"
                    },
                    {
                        "n": "10分钟以下",
                        "v": "1"
                    }
                ]
            }
        ],
        "9年级英语": [
            {
                "key": "tid",
                "name": "分类",
                "value": [
                    {
                        "n": "全部",
                        "v": "0"
                    },
                    {
                        "n": "沪教版",
                        "v": "沪教版9年级英语"
                    },
                    {
                        "n": "人教版",
                        "v": "人教版9年级英语"
                    },
                    {
                        "n": "北师大版",
                        "v": "北师大版9年级英语"
                    },
                    {
                        "n": "苏教版",
                        "v": "苏教版9年级英语"
                    }
                ]
            },
            {
                "key": "duration",
                "name": "时长",
                "value": [
                    {
                        "n": "全部",
                        "v": "0"
                    },
                    {
                        "n": "60分钟以上",
                        "v": "4"
                    },
                    {
                        "n": "30~60分钟",
                        "v": "3"
                    },
                    {
                        "n": "10~30分钟",
                        "v": "2"
                    },
                    {
                        "n": "10分钟以下",
                        "v": "1"
                    }
                ]
            }
        ],
        "9年级数学": [
            {
                "key": "tid",
                "name": "分类",
                "value": [
                    {
                        "n": "全部",
                        "v": "0"
                    },
                    {
                        "n": "沪教版",
                        "v": "沪教版9年级数学"
                    },
                    {
                        "n": "人教版",
                        "v": "人教版9年级数学"
                    },
                    {
                        "n": "北师大版",
                        "v": "北师大版9年级数学"
                    },
                    {
                        "n": "苏教版",
                        "v": "苏教版9年级数学"
                    }
                ]
            },
            {
                "key": "duration",
                "name": "时长",
                "value": [
                    {
                        "n": "全部",
                        "v": "0"
                    },
                    {
                        "n": "60分钟以上",
                        "v": "4"
                    },
                    {
                        "n": "30~60分钟",
                        "v": "3"
                    },
                    {
                        "n": "10~30分钟",
                        "v": "2"
                    },
                    {
                        "n": "10分钟以下",
                        "v": "1"
                    }
                ]
            }
        ],
        "9年级化学": [
            {
                "key": "tid",
                "name": "分类",
                "value": [
                    {
                        "n": "全部",
                        "v": "0"
                    },
                    {
                        "n": "沪教版",
                        "v": "沪教版9年级化学"
                    },
                    {
                        "n": "人教版",
                        "v": "人教版9年级化学"
                    },
                    {
                        "n": "北师大版",
                        "v": "北师大版9年级化学"
                    },
                    {
                        "n": "苏教版",
                        "v": "苏教版9年级化学"
                    }
                ]
            },
            {
                "key": "duration",
                "name": "时长",
                "value": [
                    {
                        "n": "全部",
                        "v": "0"
                    },
                    {
                        "n": "60分钟以上",
                        "v": "4"
                    },
                    {
                        "n": "30~60分钟",
                        "v": "3"
                    },
                    {
                        "n": "10~30分钟",
                        "v": "2"
                    },
                    {
                        "n": "10分钟以下",
                        "v": "1"
                    }
                ]
            }
        ],
        "9年级物理": [
            {
                "key": "tid",
                "name": "分类",
                "value": [
                    {
                        "n": "全部",
                        "v": "0"
                    },
                    {
                        "n": "沪教版",
                        "v": "沪教版9年级物理"
                    },
                    {
                        "n": "人教版",
                        "v": "人教版9年级物理"
                    },
                    {
                        "n": "北师大版",
                        "v": "北师大版9年级物理"
                    },
                    {
                        "n": "苏教版",
                        "v": "苏教版9年级物理"
                    }
                ]
            },
            {
                "key": "duration",
                "name": "时长",
                "value": [
                    {
                        "n": "全部",
                        "v": "0"
                    },
                    {
                        "n": "60分钟以上",
                        "v": "4"
                    },
                    {
                        "n": "30~60分钟",
                        "v": "3"
                    },
                    {
                        "n": "10~30分钟",
                        "v": "2"
                    },
                    {
                        "n": "10分钟以下",
                        "v": "1"
                    }
                ]
            }
        ],
        "9年级生物": [
            {
                "key": "tid",
                "name": "分类",
                "value": [
                    {
                        "n": "全部",
                        "v": "0"
                    },
                    {
                        "n": "沪教版",
                        "v": "沪教版9年级生物"
                    },
                    {
                        "n": "人教版",
                        "v": "人教版9年级生物"
                    },
                    {
                        "n": "北师大版",
                        "v": "北师大版9年级生物"
                    },
                    {
                        "n": "苏教版",
                        "v": "苏教版9年级生物"
                    }
                ]
            },
            {
                "key": "duration",
                "name": "时长",
                "value": [
                    {
                        "n": "全部",
                        "v": "0"
                    },
                    {
                        "n": "60分钟以上",
                        "v": "4"
                    },
                    {
                        "n": "30~60分钟",
                        "v": "3"
                    },
                    {
                        "n": "10~30分钟",
                        "v": "2"
                    },
                    {
                        "n": "10分钟以下",
                        "v": "1"
                    }
                ]
            }
        ],
        "9年级历史": [
            {
                "key": "tid",
                "name": "分类",
                "value": [
                    {
                        "n": "全部",
                        "v": "0"
                    },
                    {
                        "n": "沪教版",
                        "v": "沪教版9年级历史"
                    },
                    {
                        "n": "人教版",
                        "v": "人教版9年级历史"
                    },
                    {
                        "n": "北师大版",
                        "v": "北师大版9年级历史"
                    },
                    {
                        "n": "苏教版",
                        "v": "苏教版9年级历史"
                    }
                ]
            },
            {
                "key": "duration",
                "name": "时长",
                "value": [
                    {
                        "n": "全部",
                        "v": "0"
                    },
                    {
                        "n": "60分钟以上",
                        "v": "4"
                    },
                    {
                        "n": "30~60分钟",
                        "v": "3"
                    },
                    {
                        "n": "10~30分钟",
                        "v": "2"
                    },
                    {
                        "n": "10分钟以下",
                        "v": "1"
                    }
                ]
            }
        ]
    }
}