    {
    
    "作者":"荷城茶秀",
    
    "站名":"YYDS影视",
    
    "主页url":"https://www.yyds.one/",
    
    "简介":"【荷城茶秀】提醒您请勿相信影片中的广告，以免上当受骗！欢迎加入QQ交流群：869277279，公众号：日后魔改，获取更多影视资源。+video-info-item video-info-content vod_content\">&&</span>",
    
    "影片状态":"集数：&&</div>",
    
    "影片类型":"video-tag-icon\">&&立即播放",
    
    "数组":"module-item-pic\">&&module-item\">",
    
    "副标题":"module-item-text\">&&</div>",
    
    "搜索url":"/c/-------------.html?wd={wd}",
    
    "线路数组":"data-dropdown-value=&&</div>[不包含:七]",
    
    "线路标题":"荷城茶秀接口-+<span>&&</small>[替换:线路二>>兔年专线#</span><small>>>🌸共]+集🌸",
    
    "分类url":"https://www.yyds.one/s/{cateId}-{area}-{by}-{class}-{lang}----{catePg}---{year}.html;;ak",
    
    "分类":"电影$1#电视剧$2#综艺$3#动漫$4"}