    {
    
    "作者":"荷城茶秀",
    
    "站名":"淘剧影院",
    
    "主页url":"http://dyxz.tv/",
    
    "简介":"【荷城茶秀】提醒您请勿相信影片中的广告，以免上当受骗！欢迎加入QQ交流群：869277279，公众号：日后魔改，获取更多影视资源。+站点无剧情介绍…",
    
    "影片状态":"更新：&&</p>",
    
    "影片类型":"类型：&&</a>",
    
    "影片地区":"地区：</span>&&</span>",
    
    "影片年代":"年份：&&</p>",
    
    "线路数组":"#down&&</li>",
    
    "线路标题":"🌸荷城茶秀接口🌸+>&&</a>[替换:播放源>>淘剧线路]",
    
    "分类url":"http://dyxz.tv/list/{cateId}_{catePg}.html;;ak",
    
    "分类":"电影$1#电视剧$2#综艺$4#动漫$3"}