{
    "作者": "码上插兜",
    "站名": "酒吧影视",
    "主页url": "http://www.98dyb.com/",
    "简介": "请勿相信影片中的任何广告，以免上当受骗！+<span class=\"detail-content\" style=\"display: none;\">&&</span>",
    "影片状态": "状态：&&</p>",
    "搜索url": "http://www.98dsw.com/search.php;post;searchword={wd}",
    "线路数组": "<h3 class=\"title\">&&/h3>",
    "线路标题": "⏰码上时光机+>&&<",
    "分类url": "http://www.98dyb.com/{cateId}/index{catePg}.html[http://www.98dyb.com/{cateId}/index.html];;akx",
    "分类": "电影$dianyingpian#电视剧$dianshiju#综艺$zongyi#动漫$dongman"
}