{
    "简介": "<span>&&</span>",
    "嗅探词": ".mp4#.m3u8#.flv",
    " 数组": "class=\"module-item-titlebox\">&&</div>",
    "副标题": "module-item-text\">&&</div>",
    "图片": "data-src=\"&&\"",
    "线路数组": "data-dropdown-value&&</small>[不包含:主选五]",
    "线路标题": "<span>&&[替换:</span><small>>>共]+集",
    "分类url": "https://vidhub1.cc/vodshow/{cateId}-{area}--{class}-----{catePg}---{year}.html",
    "分类": "电影$1#电视剧$2#综艺$3#动漫$4"
}