{
    "请求头": "手机",
    "数组": "class=\"stui-vodlist__box\">&&</li>",
    "图片": "data-original=\"&&\"",
    "链接": "href=\"&&\"",
    "标题": "title=\"&&\"",
    "副标题": "",
    "嗅探词": ".mp4#.m3u8#.flv",
    "线路数组": "<span&&</h4>",
    "线路标题": "⏰码上时光机+pull-right1\">&&</span>",
    "播放数组": "class=\"stui-content__playlist clearfix\">&&</ul>",
    "播放列表": "<a&&/a>",
    "播放标题": ">&&</a",
    "搜索url": "http://www.hemayes.com/sou/-------------.html?wd={wd}",
    "分类url": "http://www.hemayes.com/tags/{cateId}-{area}-{by}-{class}-{lang}----{catePg}---{year}.html",
    "分类数组": "<a&&</a",
    "分类标题": "text-muted\">&&</a",
    "分类ID": "href=\"/tags/&&-----------.html\""
}