{
    "cookie": "SESSDATA=7624af93%2C1696008331%2C862c8%2A42; bili_jct=141a474ef3ce8cf2fedf384e68f6625d; DedeUserID=3493271303096985; DedeUserID__ckMd5=212a836c164605b7",
    "classes": [
        {
            "type_name": "儿童早教",
            "type_id": "儿童早教"
        },
        {
            "type_name": "儿童启蒙故事",
            "type_id": "儿童启蒙故事"
        },
        {
            "type_name": "儿童英语启蒙",
            "type_id": "儿童英语启蒙"
        },
        {
            "type_name": "儿童歌曲",
            "type_id": "儿童歌曲"
        },
        {
            "type_name": "儿童绘画",
            "type_id": "儿童绘画"
        },
        {
            "type_name": "睡前故事",
            "type_id": "睡前故事"
        },
        {
            "type_name": "儿童动画",
            "type_id": "儿童动画"
        },
        {
            "type_name": "儿童音乐",
            "type_id": "儿童音乐"
        },
        {
            "type_name": "儿童安全教育",
            "type_id": "儿童安全教育"
        },
        {
            "type_name": "贝瓦儿歌",
            "type_id": "贝瓦儿歌"
        },
        {
            "type_name": "悟空识字",
            "type_id": "悟空识字"
        },
        {
            "type_name": "宝宝巴士",
            "type_id": "宝宝巴士"
        },
        {
            "type_name": "儿歌多多",
            "type_id": "儿歌多多"
        },
        {
            "type_name": "学而思",
            "type_id": "学而思"
        }
    ],
    "filter": {
        "儿童早教": [
            {
                "key": "duration",
                "name": "时长",
                "value": [
                    {
                        "n": "全部",
                        "v": "0"
                    },
                    {
                        "n": "60分钟以上",
                        "v": "4"
                    },
                    {
                        "n": "30~60分钟",
                        "v": "3"
                    },
                    {
                        "n": "10~30分钟",
                        "v": "2"
                    },
                    {
                        "n": "10分钟以下",
                        "v": "1"
                    }
                ]
            }
        ],
        "儿童启蒙故事": [
            {
                "key": "duration",
                "name": "时长",
                "value": [
                    {
                        "n": "全部",
                        "v": "0"
                    },
                    {
                        "n": "60分钟以上",
                        "v": "4"
                    },
                    {
                        "n": "30~60分钟",
                        "v": "3"
                    },
                    {
                        "n": "10~30分钟",
                        "v": "2"
                    },
                    {
                        "n": "10分钟以下",
                        "v": "1"
                    }
                ]
            }
        ],
        "儿童英语启蒙": [
            {
                "key": "duration",
                "name": "时长",
                "value": [
                    {
                        "n": "全部",
                        "v": "0"
                    },
                    {
                        "n": "60分钟以上",
                        "v": "4"
                    },
                    {
                        "n": "30~60分钟",
                        "v": "3"
                    },
                    {
                        "n": "10~30分钟",
                        "v": "2"
                    },
                    {
                        "n": "10分钟以下",
                        "v": "1"
                    }
                ]
            }
        ],
        "儿童歌曲": [
            {
                "key": "duration",
                "name": "时长",
                "value": [
                    {
                        "n": "全部",
                        "v": "0"
                    },
                    {
                        "n": "60分钟以上",
                        "v": "4"
                    },
                    {
                        "n": "30~60分钟",
                        "v": "3"
                    },
                    {
                        "n": "10~30分钟",
                        "v": "2"
                    },
                    {
                        "n": "10分钟以下",
                        "v": "1"
                    }
                ]
            }
        ],
        "儿童绘画": [
            {
                "key": "duration",
                "name": "时长",
                "value": [
                    {
                        "n": "全部",
                        "v": "0"
                    },
                    {
                        "n": "60分钟以上",
                        "v": "4"
                    },
                    {
                        "n": "30~60分钟",
                        "v": "3"
                    },
                    {
                        "n": "10~30分钟",
                        "v": "2"
                    },
                    {
                        "n": "10分钟以下",
                        "v": "1"
                    }
                ]
            }
        ],
        "睡前故事": [
            {
                "key": "duration",
                "name": "时长",
                "value": [
                    {
                        "n": "全部",
                        "v": "0"
                    },
                    {
                        "n": "60分钟以上",
                        "v": "4"
                    },
                    {
                        "n": "30~60分钟",
                        "v": "3"
                    },
                    {
                        "n": "10~30分钟",
                        "v": "2"
                    },
                    {
                        "n": "10分钟以下",
                        "v": "1"
                    }
                ]
            }
        ],
        "儿童动画": [
            {
                "key": "duration",
                "name": "时长",
                "value": [
                    {
                        "n": "全部",
                        "v": "0"
                    },
                    {
                        "n": "60分钟以上",
                        "v": "4"
                    },
                    {
                        "n": "30~60分钟",
                        "v": "3"
                    },
                    {
                        "n": "10~30分钟",
                        "v": "2"
                    },
                    {
                        "n": "10分钟以下",
                        "v": "1"
                    }
                ]
            }
        ],
        "儿童音乐": [
            {
                "key": "duration",
                "name": "时长",
                "value": [
                    {
                        "n": "全部",
                        "v": "0"
                    },
                    {
                        "n": "60分钟以上",
                        "v": "4"
                    },
                    {
                        "n": "30~60分钟",
                        "v": "3"
                    },
                    {
                        "n": "10~30分钟",
                        "v": "2"
                    },
                    {
                        "n": "10分钟以下",
                        "v": "1"
                    }
                ]
            }
        ],
        "儿童安全教育": [
            {
                "key": "duration",
                "name": "时长",
                "value": [
                    {
                        "n": "全部",
                        "v": "0"
                    },
                    {
                        "n": "60分钟以上",
                        "v": "4"
                    },
                    {
                        "n": "30~60分钟",
                        "v": "3"
                    },
                    {
                        "n": "10~30分钟",
                        "v": "2"
                    },
                    {
                        "n": "10分钟以下",
                        "v": "1"
                    }
                ]
            }
        ],
        "贝瓦儿歌": [
            {
                "key": "duration",
                "name": "时长",
                "value": [
                    {
                        "n": "全部",
                        "v": "0"
                    },
                    {
                        "n": "60分钟以上",
                        "v": "4"
                    },
                    {
                        "n": "30~60分钟",
                        "v": "3"
                    },
                    {
                        "n": "10~30分钟",
                        "v": "2"
                    },
                    {
                        "n": "10分钟以下",
                        "v": "1"
                    }
                ]
            }
        ],
        "悟空识字": [
            {
                "key": "duration",
                "name": "时长",
                "value": [
                    {
                        "n": "全部",
                        "v": "0"
                    },
                    {
                        "n": "60分钟以上",
                        "v": "4"
                    },
                    {
                        "n": "30~60分钟",
                        "v": "3"
                    },
                    {
                        "n": "10~30分钟",
                        "v": "2"
                    },
                    {
                        "n": "10分钟以下",
                        "v": "1"
                    }
                ]
            }
        ],
        "宝宝巴士": [
            {
                "key": "duration",
                "name": "时长",
                "value": [
                    {
                        "n": "全部",
                        "v": "0"
                    },
                    {
                        "n": "60分钟以上",
                        "v": "4"
                    },
                    {
                        "n": "30~60分钟",
                        "v": "3"
                    },
                    {
                        "n": "10~30分钟",
                        "v": "2"
                    },
                    {
                        "n": "10分钟以下",
                        "v": "1"
                    }
                ]
            }
        ],
        "儿歌多多": [
            {
                "key": "duration",
                "name": "时长",
                "value": [
                    {
                        "n": "全部",
                        "v": "0"
                    },
                    {
                        "n": "60分钟以上",
                        "v": "4"
                    },
                    {
                        "n": "30~60分钟",
                        "v": "3"
                    },
                    {
                        "n": "10~30分钟",
                        "v": "2"
                    },
                    {
                        "n": "10分钟以下",
                        "v": "1"
                    }
                ]
            }
        ],
        "学而思": [
            {
                "key": "duration",
                "name": "时长",
                "value": [
                    {
                        "n": "全部",
                        "v": "0"
                    },
                    {
                        "n": "60分钟以上",
                        "v": "4"
                    },
                    {
                        "n": "30~60分钟",
                        "v": "3"
                    },
                    {
                        "n": "10~30分钟",
                        "v": "2"
                    },
                    {
                        "n": "10分钟以下",
                        "v": "1"
                    }
                ]
            }
        ]
    }
}