{
  "ua": "",
  "homeUrl": "https://dm84.tv",
  "cateNode": "//ul[contains(@class,'nav_row')]/li/a[contains(@href, '.html')]",
  "cateName": "/text()",
  "cateId": "/@href",
  "cateIdR": "/list-(\\d+).html",
  "cateManual": {},
  "homeVodNode": "//ul[@class='v_list']/li/div[@class='item']",
  "homeVodName": "/a[@class='title']/@title",
  "homeVodId": "/a[@class='title']/@href",
  "homeVodIdR": "/v/(\\w+).html",
  "homeVodImg": "/a/@data-bg",
  "homeVodMark": "/span[@class='desc']/text()",
  "cateUrl": "https://dm84.tv/list-{cateId}-{catePg}.html",
  "cateVodNode": "//ul[@class='v_list']/li/div[@class='item']",
  "cateVodName": "/a[@class='title']/@title",
  "cateVodId": "/a[@class='title']/@href",
  "cateVodIdR": "/v/(\\w+).html",
  "cateVodImg": "/a/@data-bg",
  "cateVodMark": "/span[@class='desc']/text()",
  "dtUrl": "https://dm84.tv/v/{vid}.html",
  "dtNode": "//div[contains(@class,'v_content')]",
  "dtName": "/parent::*/h1[@class='v_title']/a/text()",
  "dtImg": "/div[@class='cover']/img/@src",
  "dtFromNode": "//ul[contains(@class,'play_from')]/li",
  "dtFromName": "/text()",
  "dtUrlNode": "//ul[contains(@class,'play_list')]",
  "dtUrlSubNode": "/li/a",
  "dtUrlId": "@href",
  "dtUrlIdR": "/p/(\\S+).html",
  "dtUrlName": "/text()",
  "playUrl": "https://dm84.tv/p/{playUrl}.html",
  "searchUrl": "https://m.xinzhandao.com/s----------.html?wd={wd}",
  "scVodNode": "//ul[@class='v_list']/li/div[@class='item']",
  "scVodName": "/a[@class='title']/@title",
  "scVodId": "/a[@class='title']/@href",
  "scVodIdR": "/v/(\\w+).html",
  "scVodImg": "/a/@data-bg",
  "scVodMark": "/span[@class='desc']/text()"
}