{
    "站名": "来米影视",
    "嗅探词": ".mp4?#&dis_t#vkey=#.m3u8",
    "过滤词": "data.m3u8.in",
    "主页url": "https://www.laimi.me",
    "副标题": "class=\"module-item-text\">&&</div",
    "导演": "导演：&&</div",
    "主演": "主演：&&</div",
    "简介": "【千软汇】公众号提醒“资源免费，广告勿信”。+<p>&&</p>",
    "线路数组": "class=\"module-tab-item tab-item&&</div>",
    "线路标题": "🎯️壹梦线路：+<span>&&</span>[排序:无限云>天翼云>腾讯云>优酷云>芒果云>优酷云]",
    "播放标题": "<span>&&</span>",
    "搜索url": "/rss.xml?wd={wd}",
    "搜索模式": "1",
    "搜索二次截取": "class=\"module-items&&id=\"footer",
    "搜索数组": "<h3><a&&</h3",
    "搜索图片": "http://m.ykimg.com/051000006495694A2B9D56092C0327B7",
    "搜索标题": "title=\"&&\"",
    "搜索链接": "href=\"&&\"",
    "请求头": "User-Agent$Mozilla/5.0 (iPhone; CPU iPhone OS 15_2 like Mac OS X) AppleWebKit/605.1.15 (KHTML, like Gecko) Version/14.0 Mobile/15E148 Safari/604.1#Referer$https://www.mervod.com/",
    "搜索链接前缀": "https://www.laimi.me/",
    "分类": "电影$1#电视剧$2#动漫$3#综艺$4",
    "分类url": "https://www.laimi.me/vodshow/{cateId}-{area}-------{catePg}---{year}.html;;u0",
    "跳转播放链接": "https://data.m3u8.in/play.php?url=+link_pre*url\":\"&&\"+&from=+\"from\"*\"&&\""
}