[
{"name": "推荐","list": [{"name": "夕颜社区","url": "https://pan.tenire.com/down.php/5a1bf4dd46eb847d3391a5809e12026b.apk","icon": "https://z1.ax1x.com/2023/11/28/piBbNKP.jpg","version": "2.0.0"},
{"name": "摸鱼影视仓","url": "https://cloud.lxweb.cn/f/AXp2Ta/%E6%91%B8%E9%B1%BC%E5%BD%B1%E8%A7%86%E4%BB%93_4.3.3.apk","icon": "https://z1.ax1x.com/2023/12/01/pirbI2j.jpg","version": "4.3.3"},
{"name": "摸鱼4K5.0.0beat","url": "https://cloud.lxweb.cn/f/we82H2/%E6%91%B8%E9%B1%BC4K5.0beat%E7%89%88.apk","icon": "https://z1.ax1x.com/2023/11/28/piDi8jU.jpg","version": "5.0beat版"},
{"name": "摸鱼4K6.0.4","url": "https://cloud.lxweb.cn/f/7abkcr/%E6%91%B8%E9%B1%BC4K6.0.4.apk","icon": "https://z1.ax1x.com/2023/11/28/piDenMt.jpg","version": "正式版"}]},
{"name": "摸鱼4K系列","list": [
{"name": "摸鱼4K5.0.0beat","url": "https://cloud.lxweb.cn/f/we82H2/%E6%91%B8%E9%B1%BC4K5.0beat%E7%89%88.apk","icon": "https://z1.ax1x.com/2023/11/28/piDi8jU.jpg","version": "5.0beat版"},
{"name": "摸鱼影视仓","url": "https://cloud.lxweb.cn/f/AXp2Ta/%E6%91%B8%E9%B1%BC%E5%BD%B1%E8%A7%86%E4%BB%93_4.3.3.apk","icon": "https://z1.ax1x.com/2023/12/01/pirbI2j.jpg","version": "4.3.3"},
{"name": "摸鱼4K6.0.4","url": "https://cloud.lxweb.cn/f/7abkcr/%E6%91%B8%E9%B1%BC4K6.0.4.apk","icon": "https://z1.ax1x.com/2023/11/28/piDenMt.jpg","version": "正式版"}]},
{"name": "工具软件","list": [
{"name": "甲壳虫ADB","url": "https://cloud.lxweb.cn/f/LPGVFD/%E7%94%B2%E5%A3%B3%E8%99%ABADB%E5%8A%A9%E6%89%8B_1.3.0.apk","icon": "https://cloud.lxweb.cn/f/xg1acM/%E7%94%B2%E5%A3%B3%E8%99%AB.png"},
{"name": "当贝桌面","url": "https://cloud.lxweb.cn/f/qLYyte/%E5%BD%93%E8%B4%9D%E6%A1%8C%E9%9D%A2-3.3.6.apk","icon": "https://cloud.lxweb.cn/f/b8Rjsp/%E5%BD%93%E8%B4%9D.png"},
{"name": "IDM+","url": "https://cloud.lxweb.cn/f/MoPbFG/1DM+_16.apk","icon": "https://cloud.lxweb.cn/f/6gNNfw/idm.png"},
{"name": "应用管理","url": "https://cloud.lxweb.cn/f/gZGwCK/%E5%BA%94%E7%94%A8%E7%AE%A1%E7%90%86_1.1.3.apk","icon": "https://cloud.lxweb.cn/f/RMbOfO/yygl.png"},
{"name": "小白管理器","url": "https://cloud.lxweb.cn/f/B61EF9/%E5%B0%8F%E7%99%BD%E6%96%87%E4%BB%B6%E7%AE%A1%E7%90%86%E5%99%A8_2.8.0.apk","icon": "https://cloud.lxweb.cn/f/WQpKTB/xb.png"},
{"name": "超卓管理器","url": "https://cloud.lxweb.cn/f/weJXI2/%E8%B6%85%E5%8D%93%E6%96%87%E7%AE%A1_15.4.4.apk","icon": "https://cloud.lxweb.cn/f/7aYpfr/cz.png"}]},
{"name": "音乐软件","list": [
{"name": "酷狗概念版","url": "https://cloud.lxweb.cn/f/xgBjTM/%E9%85%B7%E7%8B%97%E6%A6%82%E5%BF%B5%E7%89%88_3.3.7.apk","icon": "https://cloud.lxweb.cn/f/NOpqtR/%E9%85%B7%E7%8B%97.png","version": "3.3.7版"},
{"name": "MusicFree","url": "https://cloud.lxweb.cn/f/qLMmie/MusicFree.zip","icon": "https://cloud.lxweb.cn/f/lgznIw/MusicFree.png","version": "0.1.1版"},
{"name": "落雪音乐","url": "https://cloud.lxweb.cn/f/J07EHk/lx-music-mobile-v1.2.0-beta.2-universal.zip","icon": "https://cloud.lxweb.cn/f/E0p2fX/%E8%90%BD%E9%9B%AA.png","version": "1.2版"},
{"name": "歌词适配","url": "https://cloud.lxweb.cn/f/xgEqHM/%E6%AD%8C%E8%AF%8D%E9%80%82%E9%85%8D.apk","icon": "https://cloud.lxweb.cn/f/ymxAuE/%E6%AD%8C%E8%AF%8D%E9%80%82%E9%85%8D.png","version": "4.1.4版"}]}
]
