    {
    
    "作者":"荷城茶秀",
    
    "站名":"圣城影视",
    
    "主页url":"https://sc1080.top/",
    
    "简介":"【荷城茶秀】提醒您请勿相信影片中的广告，以免上当受骗！欢迎加入QQ交流群：869277279，公众号：日后魔改，获取更多影视资源。+剧情：</span>&&</span>",
    
    "导演":"导演：&&</div>",
    
    "主演":"主演：&&</div>",
    
    "影片状态":"集数：&&</div>",
    
    "影片类型":"icon-cate-ds\">&&</a>",
    
    "数组":"module-item-pic\">&&module-item\">",
    
    "标题":"title=\"&&\"",
    
    "副标题":"module-item-text\"&&</div>",
    
    "图片":"data-src=\"&&\"",
    
    "链接":"href=\"&&\"",
    
    "搜索url":"/index.php/vod/search.html?wd={wd}",
    
    "搜索数组":"lazy lazyload\"&&<h3>[不包含:肥猫不肥#神秘的哥哥]",
    
    "搜索标题":"alt=\"&&\"",
    
    "搜索副标题":"title=*>&&</a>",
    
    "搜索图片":"data-src=\"&&\"",
    
    "搜索链接":"href=\"&&\"",
    
    "线路数组":"data-dropdown-value=&&</div>[不包含:备用#鸡儿云#飞速云#新浪云#金鹰云][排序:爱坤>蓝光>快看]",
    
    "线路标题":"荷城茶秀接口-+<span>&&</small>[替换:腾讯视频>>腾讯#优酷视频>>优酷#爱奇艺>>奇艺#芒果视频>>芒果#暴风云>>暴风#快看云>>快看#资源库>>资源#蓝光FY>>飞云#阿里云>>阿里#爱坤蓝光>>爱坤#量子云>>量子#非凡云>>非凡#</span><small>>>🌸共]+集🌸",
    
    "播放数组":"sort-item\"&&</div>",
    
    "播放标题":"<span>&&</span>",
    
    "播放列表":"<a&&</a>",
    
    "分类url":"https://sc1080.top/index.php/vod/show/area/{area}/by/{by}/class/{class}/id/{cateId}/page/{catePg}/year/{year}.html",
    
    "分类":"电影$20#电视剧$21#综艺$22#动漫$23#记录片$24#4K片库$25",
    
    "筛选":{
    "1":[
    {"key":"class","name":"剧情","value":[
    {"n":"全部剧情","v":""},
    {"n":"动作","v":"动作"},
    {"n":"喜剧","v":"喜剧"},
    {"n":"爱情","v":"爱情"},
    {"n":"科幻","v":"科幻"},
    {"n":"恐怖","v":"恐怖"},
    {"n":"剧情","v":"剧情"},
    {"n":"战争","v":"战争"},
    {"n":"惊悚","v":"惊悚"},
    {"n":"犯罪","v":"犯罪"},
    {"n":"冒险","v":"冒险"},
    {"n":"动画","v":"动画"},
    {"n":"悬疑","v":"悬疑"},
    {"n":"武侠","v":"武侠"},
    {"n":"奇幻","v":"奇幻"},
    {"n":"纪录","v":"纪录"},
    {"n":"其他","v":"其他"}
    ]
    },
    {"key":"area","name":"地区","value":[
    {"n":"全部地区","v":""},
    {"n":"国产","v":"国产"},
    {"n":"欧美","v":"欧美"},
    {"n":"港台","v":"港台"},
    {"n":"日韩","v":"日韩"}
    ]
    },
    {"key":"year","name":"时间","value":[
    {"n":"全部时间","v":""},
    {"n":"2023","v":"2023"},
    {"n":"2022","v":"2022"},
    {"n":"2021","v":"2021"},
    {"n":"2020","v":"2020"},
    {"n":"1999","v":"1999"},
    {"n":"1998","v":"1998"},
    {"n":"1997","v":"1997"},
    {"n":"1996","v":"1996"},
    {"n":"1995","v":"1995"},
    {"n":"1994","v":"1994"},
    {"n":"1993","v":"1993"},
    {"n":"1992","v":"1992"},
    {"n":"1991","v":"1991"},
    {"n":"1990","v":"1990"}
    ]
    },
    {"key":"by","name":"排序","value":[
    {"n":"全部排序","v":""},
    {"n":"时间排序","v":"time"},
    {"n":"人气排序","v":"hits"},
    {"n":"评分排序","v":"score"}
    ]
    }
    ],
    "2":[
    {"key":"class","name":"剧情","value":[
    {"n":"全部剧情","v":""},
    {"n":"国产剧","v":"国产剧"},
    {"n":"港台剧","v":"港台剧"},
    {"n":"欧美剧","v":"欧美剧"},
    {"n":"日韩剧","v":"日韩剧"}
    ]
    },
    {"key":"by","name":"排序","value":[
    {"n":"全部排序","v":""},
    {"n":"时间排序","v":"time"},
    {"n":"人气排序","v":"hits"},
    {"n":"评分排序","v":"score"}
    ]
    }
    ],
    "3":[
    {"key":"by","name":"排序","value":[
    {"n":"全部排序","v":""},
    {"n":"时间排序","v":"time"},
    {"n":"人气排序","v":"hits"},
    {"n":"评分排序","v":"score"}
    ]
    }
    ],
    "4":[
    {"key":"by","name":"排序","value":[
    {"n":"全部排序","v":""},
    {"n":"时间排序","v":"time"},
    {"n":"人气排序","v":"hits"},
    {"n":"评分排序","v":"score"}
    ]
    }
    ],
    "5":[
    {"key":"by","name":"排序","value":[
    {"n":"全部排序","v":""},
    {"n":"时间排序","v":"time"},
    {"n":"人气排序","v":"hits"},
    {"n":"评分排序","v":"score"}
    ]
    }
    ],
    "6":[
    {"key":"by","name":"排序","value":[
    {"n":"全部排序","v":""},
    {"n":"时间排序","v":"time"},
    {"n":"人气排序","v":"hits"},
    {"n":"评分排序","v":"score"}
    ]
    }
    ],
    "7":[
    {"key":"by","name":"排序","value":[
    {"n":"全部排序","v":""},
    {"n":"时间排序","v":"time"},
    {"n":"人气排序","v":"hits"},
    {"n":"评分排序","v":"score"}
    ]
    }
    ],
    "8":[
    {"key":"by","name":"排序","value":[
    {"n":"全部排序","v":""},
    {"n":"时间排序","v":"time"},
    {"n":"人气排序","v":"hits"},
    {"n":"评分排序","v":"score"}
    ]
    }
    ],
    "9":[
    {"key":"by","name":"排序","value":[
    {"n":"全部排序","v":""},
    {"n":"时间排序","v":"time"},
    {"n":"人气排序","v":"hits"},
    {"n":"评分排序","v":"score"}
    ]
    }
    ]
    }
    }
    