{"spider": "./custom_spider.jar;md5;D65490382102D8E7D3BDBDE44CA602F5", "wallpaper": "http://www.kf666888.cn/api/tvbox/img", "warningText": "码上放生公众号免费整理维护：资源来自网络，无盈利，纯技术分享，如有冒犯请联系删除。[所有内容仅供学习使用，请勿用于违法及商业用途，请勿付费购买]", "lives": [{"name": "live", "type": 0, "url": "./live.txt", "playerType": 1, "ua": "okhttp/3.12.13", "epg": "http://epg.112114.xyz/?ch={name}&date={date}", "logo": "https://epg.112114.xyz/logo/{name}.png"}], "sites": [{"key": "dr_时光机在线豆瓣", "name": "🚖本地版时光机💢v20231107-277", "type": 3, "api": "./sites/码上/merge.min.js", "searchable": 0, "quickSearch": 0, "filterable": 1, "ext": "./sites/码上/豆瓣.js"}, {"key": "🐿csp_KungFu404", "name": "🔥码上设置Token", "type": 3, "api": "csp_KungFu404", "searchable": 1, "filterable": 1, "changeable": 0, "ext": "http://127.0.0.1:9978/file/tm/token.txt", "jar": "./sites/码上/alibaba.jar"}, {"key": "jar_码上看JOJO", "name": "🔥码上看JOJO", "type": 3, "api": "csp_JOJO", "searchable": 1, "playerType": 2, "quickSearch": 1, "changeable": 1}, {"key": "jar_码上看玩偶", "name": "🔥码上看玩偶", "type": 3, "api": "csp_WoGG", "searchable": 1, "quickSearch": 1, "changeable": 0, "ext": "http://127.0.0.1:9978/file/tm/token.txt+4k|auto|fhd$$$http://fd.888484.xyz:33/$$$弹"}, {"key": "dr_码上看在线", "name": "🔥码上看在线", "type": 3, "api": "./sites/码上/merge.min.js", "searchable": 1, "playerType": 2, "quickSearch": 0, "filterable": 1, "ext": "./sites/码上/在线之家.js"}, {"key": "dr_码上看低端", "name": "🔥码上看低端", "type": 3, "api": "./sites/码上/merge.min.js", "searchable": 1, "playerType": 2, "quickSearch": 0, "filterable": 1, "ext": "./sites/码上/低端影视.js"}, {"key": "dr_码上看荐片", "name": "🔥码上看荐片", "type": 3, "api": "./sites/码上/merge.min.js", "searchable": 1, "playerType": 1, "quickSearch": 0, "filterable": 1, "ext": "./sites/码上/荐片.js"}, {"key": "dr_码上看动漫", "name": "🔥码上看动漫", "type": 3, "api": "./sites/码上/merge.min.js", "searchable": 0, "quickSearch": 0, "filterable": 1, "ext": "./sites/码上/哔哩影视.js"}, {"key": "dr_码上看白白", "name": "🔥码上看白白", "type": 3, "api": "./sites/码上/merge.min.js", "searchable": 1, "quickSearch": 1, "filterable": 1, "ext": "./sites/码上/素白白.js"}, {"key": "jar_码上看农民", "name": "🔥码上看农民", "type": 3, "api": "csp_XBPQ", "searchable": 1, "quickSearch": 1, "filterable": 1, "ext": "./sites/码上/农民影视.json"}, {"key": "jar_码上推送", "name": "🔥码上推送", "type": 3, "api": "csp_Push", "searchable": 0, "quickSearch": 0, "ext": "http://127.0.0.1:9978/file/tm/token.txt+4k|auto|fhd"}, {"key": "🔥关注【码上放生】公众号", "name": "🔥关注【码上放生】公众号", "type": 3, "api": "csp_XPath", "searchable": 0, "quickSearch": 0}, {"key": "csp_KungFu404", "name": "码上👓多-💠┃阿里┃设置", "type": 3, "api": "csp_KungFu404", "searchable": 1, "filterable": 0, "changeable": 0, "jar": "./sites/码上👓多/alibaba.jar"}, {"key": "直播转点播", "name": "码上👓多-📺︎┃电视┃点播", "type": 3, "api": "./sites/码上👓多/zbzdb.js", "searchable": 1, "quickSearch": 0, "filterable": 0, "ext": "https://agit.ai/leevi/duo/raw/branch/master/libs/zb.json"}, {"key": "新片热播", "name": "码上👓多-🔷┃新片┃热播", "type": 1, "api": "https://api.iku.cool/api.php/provide/vod/?ac=list", "searchable": 1, "quickSearch": 1, "filterable": 0, "categories": ["连续剧", "动漫"]}, {"key": "js_baby", "name": "码上👓多-👶┃宝宝┃合集", "type": 3, "api": "./sites/码上👓多/drpy2.min.js", "searchable": 1, "quickSearch": 1, "filterable": 1, "ext": "./sites/码上👓多/baby.js"}, {"key": "js_童趣", "name": "码上👓多-🧗‍┃童趣┃搜视", "type": 3, "api": "./sites/码上👓多/drpy2.min.js", "searchable": 1, "quickSearch": 1, "filterable": 1, "ext": "./sites/码上👓多/tongqu.js"}, {"key": "XYQH_JOJO", "name": "码上👓多-🍁┃久久┃影视", "type": 3, "api": "csp_XYQHiker", "jar": "./sites/码上👓多/spider.txt", "ext": "https://agit.ai/leevi/duo/raw/branch/master/libs/jojo.json"}, {"key": "app_轻简", "name": "码上👓多-🚈┃轻简┃影视", "type": 1, "api": "./sites/码上👓多/", "categories": ["电影", "电视剧", "综艺", "动漫"]}, {"key": "js_nangua", "name": "码上👓多-🎃┃南瓜┃影视", "type": 3, "api": "./sites/码上👓多/drpy2.min.js", "searchable": 1, "quickSearch": 1, "filterable": 1, "ext": "./sites/码上👓多/nangua.js"}, {"key": "蜗牛有广告", "name": "码上👓多-🐌┃蜗牛┃影视", "type": 3, "api": "csp_XBPQ", "ext": "https://agit.ai/leevi/duo/raw/branch/master/libs/蜗牛.json", "jar": "./sites/码上👓多/custom_spider.jar"}, {"key": "XBPQ_一只蜗", "name": "码上👓多-🐮┃牛牛┃影视", "type": 3, "api": "csp_XBPQ", "playerType": 1, "ext": "https://agit.ai/leevi/duo/raw/branch/master/libs/一只蜗.json", "jar": "./sites/码上👓多/custom_spider.jar"}, {"key": "js_mogu", "name": "码上👓多-🍄┃蘑菇┃影视", "type": 3, "api": "./sites/码上👓多/drpy2.min.js", "searchable": 1, "quickSearch": 1, "filterable": 1, "ext": "./sites/码上👓多/蘑菇.js"}, {"key": "鑫鑫影视", "name": "码上👓多-🥇┃鑫鑫┃影视", "type": 3, "api": "csp_AppYsV2", "searchable": 1, "quickSearch": 1, "filterable": 1, "ext": "./sites/码上👓多/", "jar": "./sites/码上👓多/custom_spider.jar"}, {"key": "XBPQ_星辰", "name": "码上👓多-🌟┃星辰┃影视", "type": 3, "api": "csp_XBPQ", "searchable": 1, "quickSearch": 1, "filterable": 1, "ext": "https://agit.ai/leevi/duo/raw/branch/master/libs/星辰影视.json", "jar": "./sites/码上👓多/custom_spider.jar"}, {"key": "骑骑影院", "name": "码上👓多-🚵┃骑骑┃影院", "type": 3, "playerType": 2, "api": "csp_AppYsV2", "searchable": 1, "quickSearch": 1, "filterable": 1, "ext": "./sites/码上👓多/", "jar": "./sites/码上👓多/custom_spider.jar"}, {"key": "csp_aidi", "name": "码上👓多-🤟┃爱迪┃高清", "type": 3, "api": "csp_AppYsV2", "searchable": 1, "quickSearch": 1, "filterable": 1, "ext": "./sites/码上👓多/", "jar": "./sites/码上👓多/custom_spider.jar"}, {"key": "apv2_瑞丰", "name": "码上👓多-⛄┃瑞丰┃影视", "type": 3, "api": "csp_AppYsV2", "ext": "./sites/码上👓多/", "jar": "./sites/码上👓多/custom_spider.jar"}, {"key": "csp_appysv2_毛子", "name": "码上👓多-🐛┃毛子┃影视", "type": 3, "api": "csp_AppYsV2", "searchable": 1, "quickSearch": 1, "filterable": 1, "ext": "http://ys.qtw.asia/lvdou_api.php/v1.vod", "jar": "./sites/码上👓多/custom_spider.jar"}, {"key": "js_耐菲", "name": "码上👓多-🦆┃耐菲┃影视", "type": 3, "api": "./sites/码上👓多/drpy2.min.js", "searchable": 1, "quickSearch": 1, "filterable": 1, "ext": "./sites/码上👓多/鸭奈飞.js"}, {"key": "js_影探", "name": "码上👓多-🕵️┃侦探┃盒子", "type": 3, "api": "./sites/码上👓多/drpy2.min.js", "searchable": 1, "quickSearch": 1, "filterable": 1, "ext": "./sites/码上👓多/侦探.js"}, {"key": "csp_beijihu", "name": "码上👓多-🎪┃极狐┃影视", "type": 3, "api": "csp_AppYsV2", "searchable": 1, "quickSearch": 1, "filterable": 1, "ext": "./sites/码上👓多/", "jar": "./sites/码上👓多/custom_spider.jar"}, {"key": "XBPQ_九八", "name": "码上👓多-🗡️┃九八┃影视", "type": 3, "api": "csp_XBPQ", "searchable": 1, "quickSearch": 1, "filterable": 1, "ext": "https://agit.ai/leevi/duo/raw/branch/master/libs/98影视.json", "jar": "./sites/码上👓多/custom_spider.jar"}, {"key": "js_荐片", "name": "码上👓多-⏳┃荐片┃影视", "type": 3, "api": "./sites/码上👓多/drpy2.min.js", "ext": "./sites/码上👓多/荐片.js", "playerType": 1, "searchable": 1, "quickSearch": 1, "filterable": 1}, {"key": "wogg_T4", "name": "码上👓多-💂‍┃玩偶┃T4", "type": 4, "api": "http://home.jundie.top:9520/spider/csp_Wogg?sort=原画,蓝光,超清,高清&token=f376521b7ba247b183262c2732d870ba", "searchable": 1, "quickSearch": 1, "filterable": 1}, {"key": "csp_WoGG", "name": "码上👓多-💂‍┃阿里┃玩偶", "type": 3, "api": "csp_Wogg", "searchable": 1, "changeable": 0, "ext": {"token": "http://127.0.0.1:9978/file/tm/token.txt+4k|fhd|auto", "filter": "https://jihulab.com/duomv/xduo/-/raw/main/wogg.json"}, "jar": "./sites/码上👓多/ali.jar"}, {"key": "js_4KHDR", "name": "码上👓多-👩‍⚕️┃玩偶┃姐姐", "type": 3, "api": "./sites/码上👓多/drpy2.min.js", "searchable": 1, "quickSearch": 1, "filterable": 1, "ext": "./sites/码上👓多/4KHDR.js"}, {"key": "js_6V", "name": "码上👓多-✡️┃六维┃磁力", "type": 3, "api": "./sites/码上👓多/drpy2.min.js", "searchable": 1, "quickSearch": 1, "filterable": 1, "ext": "./sites/码上👓多/6V.js"}, {"key": "js_磁力熊", "name": "码上👓多-🐻‍┃贝尔┃磁力", "type": 3, "api": "./sites/码上👓多/drpy2.min.js", "searchable": 1, "quickSearch": 1, "filterable": 1, "ext": "./sites/码上👓多/bear.js"}, {"key": "js_酷吧", "name": "码上👓多-😎┃酷吧┃磁力", "type": 3, "api": "./sites/码上👓多/drpy2.min.js", "searchable": 1, "quickSearch": 1, "filterable": 1, "ext": "./sites/码上👓多/kuba.js"}, {"key": "XYQH_电影港", "name": "码上👓多-🛳┃港口┃磁力", "type": 3, "playerType": 1, "api": "csp_XYQHiker", "jar": "./sites/码上👓多/spider.txt", "ext": "https://agit.ai/leevi/duo/raw/branch/master/libs/港口.json"}, {"key": "csp_七夜", "name": "码上👓多-🔎┃阿里┃七夜", "type": 3, "api": "csp_Dovx", "searchable": 1, "quickSearch": 1, "filterable": 0, "ext": "http://127.0.0.1:9978/file/tm/token.txt+4k|fhd|auto", "jar": "./sites/码上👓多/ali.jar"}, {"key": "csp_XiaoZhiTiao", "name": "码上👓多-🏷️┃阿里┃纸条", "type": 3, "api": "csp_XiaoZhiTiao", "searchable": 1, "quickSearch": 1, "filterable": 0, "ext": "http://127.0.0.1:9978/file/tm/token.txt+4k|fhd|auto", "jar": "./sites/码上👓多/ali.jar"}, {"key": "PanSearch", "name": "码上👓多-🏵️‍┃阿里┃PanS", "type": 3, "api": "csp_PanSearch", "searchable": 1, "quickSearch": 1, "filterable": 0, "ext": "http://127.0.0.1:9978/file/tm/token.txt+4k|fhd|auto", "jar": "./sites/码上👓多/ali.jar"}, {"key": "Upyunso", "name": "码上👓多-🌤️┃阿里┃云搜", "type": 3, "api": "csp_UpYun", "searchable": 1, "quickSearch": 1, "filterable": 0, "ext": "http://127.0.0.1:9978/file/tm/token.txt+4k|fhd|auto", "jar": "./sites/码上👓多/ali.jar"}, {"key": "Alips", "name": "码上👓多-📀┃阿里┃盘搜", "type": 3, "api": "csp_PanSou", "searchable": 1, "quickSearch": 1, "filterable": 0, "ext": "http://127.0.0.1:9978/file/tm/token.txt+4k|fhd|auto", "jar": "./sites/码上👓多/ali.jar"}, {"key": "Yisou", "name": "码上👓多-🎯┃阿里┃易搜", "type": 3, "api": "csp_YiSo", "searchable": 1, "quickSearch": 1, "filterable": 0, "ext": "http://127.0.0.1:9978/file/tm/token.txt+4k|fhd|auto", "jar": "./sites/码上👓多/ali.jar"}, {"key": "Zhaozy", "name": "码上👓多-🔍┃阿里┃找片", "type": 3, "api": "csp_Zhaozy", "searchable": 1, "quickSearch": 1, "filterable": 0, "ext": "http://127.0.0.1:9978/file/tm/token.txt+4k|fhd|auto$$$多多$$$159357", "jar": "./sites/码上👓多/ali.jar"}, {"key": "js_changmeng", "name": "码上👓多-💤┃畅梦┃影视", "type": 3, "api": "./sites/码上👓多/drpy2.min.js", "searchable": 1, "quickSearch": 1, "filterable": 1, "ext": "./sites/码上👓多/changmeng.js"}, {"key": "csp_SNzy", "name": "码上👓多-🐉┃索尼┃高清", "type": 1, "api": "https://suoniapi.com/api.php/provide/vod/?ac=list", "searchable": 1, "quickSearch": 1, "filterable": 1, "categories": ["动作片", "喜剧片", "科幻片", "恐怖片", "爱情片", "剧情片", "战争片", "记录片", "国产剧", "欧美剧", "香港剧", "韩国剧", "台湾剧", "日本剧", "海外剧", "泰国剧", "国产动漫", "日韩动漫", "欧美动漫", "港台动漫", "海外动漫", "大陆综艺", "港台综艺", "日韩综艺", "欧美综艺"]}, {"key": "cjzy_暴风资源", "name": "码上👓多-🎈┃暴风┃影视", "type": 1, "api": "https://bfzyapi.com/api.php/provide/vod/?ac=list", "playUrl": "", "categories": ["国产剧", "国产动漫", "大陆综艺", "港台综艺", "香港剧", "台湾剧", "日本剧", "欧美剧", "泰国剧", "日本动漫", "日本综艺", "综艺频道", "新马泰综艺", "纪录片", "科幻片", "喜剧片", "战争片"]}, {"key": "csp_XBPQ_圣城", "name": "码上👓多-🏯┃圣城┃影视", "type": 3, "api": "csp_XBPQ", "searchable": 1, "quickSearch": 1, "filterable": 1, "ext": "https://agit.ai/leevi/duo/raw/branch/master/libs/圣城.json", "jar": "./sites/码上👓多/custom_spider.jar"}, {"key": "csp_XBPQ_348z", "name": "码上👓多-🎲┃348┃电影", "type": 3, "api": "csp_XBPQ", "searchable": 1, "quickSearch": 1, "filterable": 1, "ext": "https://agit.ai/leevi/duo/raw/branch/master/libs/348z.json", "jar": "./sites/码上👓多/custom_spider.jar"}, {"key": "csp_XBPQ_haoxi", "name": "码上👓多-⚡️┃好戏┃影视", "type": 3, "api": "csp_XBPQ", "searchable": 1, "quickSearch": 1, "filterable": 1, "ext": "https://agit.ai/leevi/duo/raw/branch/master/libs/好戏.json", "jar": "./sites/码上👓多/custom_spider.jar"}, {"key": "js_轰轰", "name": "码上👓多-💥‍┃轰轰┃影视", "type": 3, "api": "./sites/码上👓多/drpy2.min.js", "searchable": 1, "quickSearch": 1, "filterable": 1, "ext": "./sites/码上👓多/hoho.js"}, {"key": "XBPQ_葡萄", "name": "码上👓多-🎦┃短剧┃葡萄", "type": 3, "api": "csp_XBPQ", "ext": {"分类url": "https://www.putaojuchang.com/show/{cateId}/area/{area}/class/{class}/by/{by}/page/{catePg}/year/{year}.html", "分类": "微剧场$1#言情$6#逆袭$7#战神$8#异能$9#生活$10#重生$12#复仇$20#爱情$11"}, "jar": "./sites/码上👓多/custom_spider.jar"}, {"key": "js_DJ5", "name": "码上👓多-🎦┃短剧┃DJ5", "type": 3, "api": "./sites/码上👓多/drpy2.min.js", "searchable": 1, "quickSearch": 1, "filterable": 1, "ext": "./sites/码上👓多/短剧网.js"}, {"key": "csp_XYQHiker_VSYY", "name": "码上👓多-🎦┃短剧┃VSY", "type": 3, "searchable": 1, "quickSearch": 1, "filterable": 1, "api": "csp_XYQHiker", "jar": "./sites/码上👓多/spider.txt", "ext": "https://agit.ai/leevi/duo/raw/branch/master/libs/VS影院.json"}, {"key": "csp_XBPQ_aoaotv", "name": "码上👓多-🎦┃短剧┃嗷嗷", "type": 3, "api": "csp_XBPQ", "searchable": 1, "quickSearch": 1, "filterable": 1, "ext": {"分类url": "https://aoao.tv/vodshow/{cateId}--------{catePg}---.html", "分类": "短剧$20#电视剧$21#电影$22#动漫$23#综艺$24"}, "jar": "./sites/码上👓多/custom_spider.jar"}, {"key": "js_蛋蛋", "name": "码上👓多-🥚‍┃蛋蛋┃影视", "type": 3, "api": "./sites/码上👓多/drpy2.min.js", "searchable": 1, "quickSearch": 1, "filterable": 1, "ext": "./sites/码上👓多/蛋蛋.js"}, {"key": "js_在线之家", "name": "码上👓多-🏞︎‍┃超前┃影视", "type": 3, "api": "./sites/码上👓多/drpy2.min.js", "searchable": 1, "quickSearch": 1, "filterable": 1, "ext": "./sites/码上👓多/zxzj.js"}, {"key": "js_555", "name": "码上👓多-🌟┃三五┃影视", "type": 3, "api": "./sites/码上👓多/drpy2.min.js", "searchable": 1, "quickSearch": 1, "filterable": 1, "ext": "./sites/码上👓多/555.js"}, {"key": "XBPQ_蚂蚁", "name": "码上👓多-🐜┃蚂蚁┃影视", "type": 3, "api": "csp_XBPQ", "searchable": 1, "quickSearch": 1, "filterable": 1, "ext": "https://agit.ai/leevi/duo/raw/branch/master/libs/mayi.json", "jar": "./sites/码上👓多/custom_spider.jar"}, {"key": "csp_FreeOK", "name": "码上👓多-💰️┃富瑞┃影院", "type": 3, "api": "csp_XBPQ", "searchable": 1, "quickSearch": 1, "filterable": 1, "ext": "https://agit.ai/leevi/duo/raw/branch/master/libs/free.json", "jar": "./sites/码上👓多/custom_spider.jar"}, {"key": "csp_奇优", "name": "码上👓多-🧼┃奇优┃影院", "type": 3, "api": "csp_XBPQ", "searchable": 1, "quickSearch": 1, "filterable": 1, "ext": "https://agit.ai/leevi/duo/raw/branch/master/libs/奇优影院.json", "jar": "./sites/码上👓多/custom_spider.jar"}, {"key": "csp_非凡资源", "name": "码上👓多-🥗┃非凡┃资源", "type": 1, "api": "./sites/码上👓多/", "playurl": "json:http://jx.84jia.com/m3u8ts.php?url=", "searchable": 1, "quickSearch": 1, "filterable": 1, "categories": ["动作片", "喜剧片", "科幻片", "恐怖片", "爱情片", "剧情片", "战争片", "记录片", "国产剧", "欧美剧", "香港剧", "韩国剧", "台湾剧", "日本剧", "海外剧", "泰国剧", "国产动漫", "日韩动漫", "欧美动漫", "港台动漫", "海外动漫", "大陆综艺", "港台综艺", "日韩综艺", "欧美综艺"]}, {"key": "量子资源", "name": "码上👓多-🥑┃量子┃资源", "type": 1, "api": "./sites/码上👓多/", "playurl": "json:http://jx.84jia.com/m3u8ts.php?url=", "searchable": 1, "quickSearch": 1, "filterable": 0, "categories": ["国产剧", "国产动漫", "泰国剧", "台湾剧", "香港剧", "欧美剧", "韩国剧", "日本剧", "动漫", "体育", "剧情片", "动作片", "爱情片", "喜剧片"]}, {"key": "csp_YQKAPP", "name": "码上👓多-👨‍👩‍👧‍👦┃一起┃电视", "type": 3, "api": "csp_YQKAPP", "searchable": 1, "quickSearch": 1, "filterable": 1, "ext": "https://hk-api-cf.yqk5659.com", "jar": "./sites/码上👓多/custom_spider.jar"}, {"key": "js_农民", "name": "码上👓多-👨‍🌾┃农民┃影视", "type": 3, "api": "./sites/码上👓多/drpy2.min.js", "searchable": 1, "quickSearch": 1, "filterable": 1, "ext": "./sites/码上👓多/nongmin.js"}, {"key": "js_bzys", "name": "码上👓多-🌋┃B站┃影视", "type": 3, "api": "./sites/码上👓多/drpy2.min.js", "searchable": 1, "quickSearch": 1, "filterable": 1, "ext": "./sites/码上👓多/bzys.js"}, {"key": "csp_jbb", "name": "码上👓多-🦢┃剧白┃影视", "type": 3, "api": "csp_XBPQ", "searchable": 1, "quickSearch": 1, "filterable": 1, "ext": "https://agit.ai/leevi/duo/raw/branch/master/libs/剧白白.json", "jar": "./sites/码上👓多/custom_spider.jar"}, {"key": "XBPQ_石榴", "name": "码上👓多-Ⓜ┃石榴┃影视", "type": 3, "api": "csp_XBPQ", "searchable": 1, "quickSearch": 1, "filterable": 1, "ext": "https://agit.ai/leevi/duo/raw/branch/master/libs/shiliu.json", "jar": "./sites/码上👓多/custom_spider.jar"}, {"key": "js_czsapp", "name": "码上👓多-🏭️┃厂长┃资源", "type": 3, "api": "./sites/码上👓多/drpy2.min.js", "searchable": 1, "quickSearch": 1, "filterable": 1, "ext": "./sites/码上👓多/czspp.js"}, {"key": "js_Lib", "name": "码上👓多-🍲┃利奥┃影视", "type": 3, "api": "./sites/码上👓多/drpy2.min.js", "searchable": 1, "quickSearch": 1, "filterable": 1, "ext": "./sites/码上👓多/libvio.js"}, {"key": "csp_MeiJu69", "name": "码上👓多-🗽┃六九┃美剧", "type": 3, "api": "csp_AppYsV2", "searchable": 1, "quickSearch": 1, "filterable": 1, "ext": "./sites/码上👓多/", "jar": "./sites/码上👓多/custom_spider.jar"}, {"key": "js_ddys", "name": "码上👓多-🐞┃低端┃影视", "type": 3, "api": "./sites/码上👓多/drpy2.min.js", "searchable": 1, "quickSearch": 1, "filterable": 1, "ext": "./sites/码上👓多/ddys.js"}, {"key": "Kuaikan", "name": "码上👓多-🦋┃快看┃影视", "type": 3, "api": "csp_Kuaikan", "searchable": 1, "quickSearch": 1, "filterable": 1, "jar": "./sites/码上👓多/custom_spider.jar"}, {"key": "csp_AppMr", "name": "码上👓多-🦍┃二明┃影视", "type": 3, "api": "csp_AppMr", "searchable": 1, "quickSearch": 1, "filterable": 1, "jar": "./sites/码上👓多/custom_spider.jar"}, {"key": "js_骚火电影", "name": "码上👓多-🔥┃骚火┃影视", "type": 3, "searchable": 1, "quickSearch": 1, "filterable": 1, "api": "./sites/码上👓多/drpy2.min.js", "ext": "./sites/码上👓多/saohuo.js"}, {"key": "js_大师兄", "name": "码上👓多-🐵┃师兄┃影视", "type": 3, "api": "./sites/码上👓多/drpy2.min.js", "searchable": 1, "quickSearch": 1, "filterable": 1, "ext": "./sites/码上👓多/大师兄影视.js"}, {"key": "js_电影先生", "name": "码上👓多-🤵┃电影┃先生", "type": 3, "api": "./sites/码上👓多/drpy2.min.js", "searchable": 1, "quickSearch": 1, "filterable": 1, "ext": "./sites/码上👓多/电影先生.js"}, {"key": "drpy_js_乐猪", "name": "码上👓多-🐷┃乐猪┃影视", "type": 3, "api": "./sites/码上👓多/drpy2.min.js", "searchable": 1, "quickSearch": 1, "filterable": 1, "ext": "./sites/码上👓多/乐猪TV.js"}, {"key": "csp_胖虎", "name": "码上👓多-🐯┃胖虎┃影视", "type": 3, "api": "csp_XBPQ", "searchable": 1, "quickSearch": 1, "filterable": 1, "ext": "https://agit.ai/leevi/duo/raw/branch/master/libs/胖虎.json", "jar": "./sites/码上👓多/custom_spider.jar"}, {"key": "csp_Lgyy", "name": "码上👓多-🌀┃蓝光┃影院", "type": 3, "api": "csp_Lgyy", "searchable": 1, "quickSearch": 1, "filterable": 1, "ext": "https://www.lgyy.vip", "jar": "./sites/码上👓多/custom_spider.jar"}, {"key": "csp_Vofl", "name": "码上👓多-🧿┃VoFl┃资源", "type": 3, "api": "csp_Voflix", "searchable": 1, "quickSearch": 1, "filterable": 1, "jar": "./sites/码上👓多/custom_spider.jar"}, {"key": "js_Xinsj", "name": "码上👓多-🐠┃视觉┃影院", "type": 3, "api": "./sites/码上👓多/drpy2.min.js", "searchable": 1, "quickSearch": 1, "filterable": 1, "ext": "./sites/码上👓多/xsj.js"}, {"key": "py_cctv", "name": "码上👓多-❤️┃央视┃大全", "type": 3, "api": "py_cctv", "searchable": 0, "quickSearch": 0, "filterable": 1, "ext": "https://agit.ai/leevi/duo/raw/branch/master/libs/cctv.py"}, {"key": "csp_Ysgc", "name": "码上👓多-🎬️┃影视┃工厂", "type": 3, "api": "csp_Ysgc", "searchable": 1, "quickSearch": 1, "filterable": 1, "ext": "https://www.ysgc.fun", "jar": "./sites/码上👓多/custom_spider.jar"}, {"key": "csp_Cokemv", "name": "码上👓多-🎀┃可乐┃影视", "type": 3, "api": "csp_Cokemv", "searchable": 1, "quickSearch": 1, "filterable": 0, "jar": "./sites/码上👓多/custom_spider.jar"}, {"key": "csp_Btwtoo", "name": "码上👓多-✌┃两个┃鼻涕", "type": 3, "api": "csp_Bttwoo", "searchable": 1, "quickSearch": 1, "filterable": 1, "jar": "./sites/码上👓多/custom_spider.jar"}, {"key": "csp_dadagui", "name": "码上👓多-🐢┃达龟┃影视", "type": 3, "api": "csp_XPathFilter", "searchable": 1, "quickSearch": 1, "filterable": 1, "ext": "https://agit.ai/leevi/duo/raw/branch/master/libs/达达龟.json", "jar": "./sites/码上👓多/custom_spider.jar"}, {"key": "360_spider", "name": "码上👓多-💫┃三六┃影视", "type": 3, "api": "csp_SP33", "searchable": 1, "quickSearch": 1, "filterable": 1, "jar": "./sites/码上👓多/custom_spider.jar"}, {"key": "js_企鹅", "name": "码上👓多-🐧┃企鹅┃基地", "type": 3, "api": "./sites/码上👓多/drpy2.min.js", "searchable": 1, "quickSearch": 1, "filterable": 1, "ext": "./sites/码上👓多/qtv.js"}, {"key": "js_奇异", "name": "码上👓多-🥝┃奇异┃大厂", "type": 3, "api": "./sites/码上👓多/drpy2.min.js", "searchable": 1, "quickSearch": 1, "filterable": 1, "ext": "./sites/码上👓多/qzys.js"}, {"key": "js_芒果", "name": "码上👓多-🥭┃芒芒┃大厂", "type": 3, "api": "./sites/码上👓多/drpy2.min.js", "searchable": 1, "quickSearch": 1, "filterable": 1, "ext": "./sites/码上👓多/baimang.js"}, {"key": "js_优酷", "name": "码上👓多-👑┃油库┃大厂", "type": 3, "api": "./sites/码上👓多/drpy2.min.js", "searchable": 1, "quickSearch": 1, "filterable": 1, "ext": "./sites/码上👓多/youku.js"}, {"key": "js_菜狗", "name": "码上👓多-🐕️┃菜狗┃大厂", "type": 3, "api": "./sites/码上👓多/drpy2.min.js", "searchable": 1, "quickSearch": 1, "filterable": 1, "ext": "./sites/码上👓多/caigou.js"}, {"key": "zy_新浪", "name": "码上👓多-🏄🏻┃新浪┃资源", "type": 1, "api": "./sites/码上👓多/", "searchable": 1, "quickSearch": 1, "filterable": 0, "categories": ["动漫", "综艺", "纪录片", "动作片", "爱情片", "科幻片", "战争片", "剧情片", "恐怖片", "喜剧片", "大陆剧", "港澳剧", "台湾剧", "欧美剧", "动漫电影", "韩剧", "日剧", "泰剧", "体育"]}, {"key": "api_xml_搜糊", "name": "码上👓多-️🦊┃搜糊┃影视", "type": 1, "api": "./sites/码上👓多/", "playUrl": "https://jx.777jiexi.com/player/?url=", "searchable": 1, "quickSearch": 1, "filterable": 1, "categories": ["国产剧", "韩国剧", "香港剧", "台湾剧", "欧美剧", "动作片", "科幻片", "战争片", "奇幻片", "喜剧片", "爱情片", "恐怖片", "犯罪片", "悬疑片", "惊悚片", "剧情片", "冒险片", "记录片", "综艺", "动漫"]}, {"key": "js_酷狗MV", "name": "码上👓多-🎻┃酷狗┃音乐", "type": 3, "api": "./sites/码上👓多/drpy2.min.js", "searchable": 1, "quickSearch": 1, "filterable": 1, "ext": "./sites/码上👓多/酷狗MV.js"}, {"key": "js_a8音乐", "name": "码上👓多-🎸┃奥迪┃音乐", "type": 3, "api": "./sites/码上👓多/drpy2.min.js", "searchable": 1, "quickSearch": 1, "filterable": 1, "ext": "./sites/码上👓多/a8音乐.js"}, {"key": "csp_酷奇", "name": "码上👓多-🎤┃酷奇┃音乐", "type": 3, "api": "csp_XBPQ", "searchable": 0, "quickSearch": 0, "filterable": 0, "ext": "./sites/码上👓多/酷奇MV.json", "jar": "./sites/码上👓多/custom_spider.jar"}, {"key": "csp_Anime1", "name": "码上👓多-🌸┃动漫┃系列", "type": 3, "api": "csp_Anime1", "searchable": 1, "quickSearch": 1, "filterable": 1, "jar": "./sites/码上👓多/custom_spider.jar"}, {"key": "js58", "name": "码上👓多-👩‍🎨┃五八┃动漫", "type": 3, "api": "./sites/码上👓多/drpy2.min.js", "searchable": 0, "quickSearch": 0, "filterable": 1, "ext": "./sites/码上👓多/58动漫.js"}, {"key": "蓝猫动漫", "name": "码上👓多-🌊┃蓝猫┃动漫", "type": 3, "api": "csp_XBPQ", "ext": "分类:日漫$1#国漫$2#剧场$3#美漫$4#少儿$5,分类url:https://www.lmfun.vip/vodshow/area/{area}/by/{by}/class/{class}/id/{cateId}/page/{catePg}/year/{year}.html", "jar": "./sites/码上👓多/custom_spider.jar"}, {"key": "csp_动漫巴士", "name": "码上👓多-🤖┃动漫┃巴士", "type": 3, "api": "csp_XPath", "searchable": 1, "quickSearch": 1, "filterable": 0, "ext": "./sites/码上👓多/动漫巴士.json", "jar": "./sites/码上👓多/custom_spider.jar"}, {"key": "py_qie", "name": "码上👓多-🏀┃企鹅┃体育", "type": 3, "api": "py_qie", "searchable": 0, "quickSearch": 0, "filterable": 1, "ext": "./sites/码上👓多/qie.py"}, {"key": "csp_鹅直播", "name": "码上👓多-🏀┃企鹅┃直播", "type": 3, "api": "csp_XPath", "searchable": 0, "quickSearch": 0, "filterable": 0, "ext": "./sites/码上👓多/qie.json", "jar": "./sites/码上👓多/custom_spider.jar"}, {"key": "csp_17看球", "name": "码上👓多-⚽┃一起┃直播", "type": 3, "api": "csp_XYQBiu", "searchable": 0, "quickSearch": 0, "filterable": 0, "ext": "./sites/码上👓多/看球.json", "jar": "./sites/码上👓多/custom_spider.jar"}, {"key": "js_310直播", "name": "码上👓多-🥎┃三一┃直播", "type": 3, "api": "./sites/码上👓多/drpy2.min.js", "searchable": 1, "quickSearch": 1, "filterable": 0, "ext": "./sites/码上👓多/310.js"}, {"key": "js_88看球", "name": "码上👓多-🏀┃八八┃看球", "type": 3, "api": "./sites/码上👓多/drpy2.min.js", "searchable": 0, "quickSearch": 0, "filterable": 0, "ext": "./sites/码上👓多/88看球.js"}, {"key": "js_JRKAN直播", "name": "码上👓多-🥎┃JRK┃看球", "type": 3, "api": "./sites/码上👓多/drpy2.min.js", "searchable": 1, "quickSearch": 1, "filterable": 0, "ext": "./sites/码上👓多/jrs看球.js"}, {"key": "js_直播", "name": "码上👓多-🏀┃JRK┃直播", "type": 3, "api": "./sites/码上👓多/drpy2.min.js", "searchable": 0, "quickSearch": 0, "filterable": 0, "ext": "./sites/码上👓多/JRKAN.js"}, {"key": "csp_Bili", "name": "码上👓多-🅱️┃哔哩┃合集", "type": 3, "api": "csp_Bili", "searchable": 0, "quickSearch": 0, "filterable": 1, "jar": "./sites/码上👓多/spider.txt", "ext": "./sites/码上👓多/bili.json"}, {"key": "py_dashan", "name": "码上👓多-💋┃搭讪┃教程", "type": 3, "api": "py_dashan", "searchable": 0, "quickSearch": 0, "filterable": 1, "ext": "./sites/码上👓多/搭讪.py"}, {"key": "py_dapei", "name": "码上👓多-💃┃搭配┃教程", "type": 3, "api": "py_dapei", "searchable": 0, "quickSearch": 0, "filterable": 1, "ext": "./sites/码上👓多/搭配.py"}, {"key": "js_B站精简", "name": "码上👓多-🅱️┃哔哩┃精简", "type": 3, "api": "./sites/码上👓多/drpy2.min.js", "searchable": 0, "quickSearch": 0, "filterable": 1, "ext": "./sites/码上👓多/B站精简.js"}, {"key": "py_meishi", "name": "码上👓多-🅱️┃美食┃合集", "type": 3, "api": "py_meishi", "searchable": 0, "quickSearch": 0, "filterable": 1, "ext": "./sites/码上👓多/美食合集.py"}, {"key": "py_youer", "name": "码上👓多-🅱️┃幼儿┃教育", "type": 3, "api": "py_youer", "searchable": 0, "quickSearch": 0, "filterable": 1, "ext": "./sites/码上👓多/youer.py"}, {"key": "py_xiaoxue", "name": "码上👓多-🅱️┃小学┃教育", "type": 3, "api": "py_xiaoxue", "searchable": 0, "quickSearch": 0, "filterable": 1, "ext": "./sites/码上👓多/xiaoxue.py"}, {"key": "py_czxx", "name": "码上👓多-🅱️┃初中┃教育", "type": 3, "api": "py_czxx", "searchable": 0, "quickSearch": 0, "filterable": 1, "ext": "./sites/码上👓多/chuzhong.py"}, {"key": "py_gaozxx", "name": "码上👓多-🅱️┃高中┃教育", "type": 3, "api": "py_gaozxx", "searchable": 0, "quickSearch": 0, "filterable": 1, "ext": "./sites/码上👓多/gaozhong.py"}, {"key": "py_zyy", "name": "码上👓多-🅱️┃中医┃药区", "type": 3, "api": "py_zyy", "searchable": 0, "quickSearch": 0, "filterable": 1, "ext": "./sites/码上👓多/zyy.py"}, {"key": "py_xuqu1", "name": "码上👓多-🅱️┃戏曲┃合集", "type": 3, "api": "py_xuqu1", "searchable": 0, "quickSearch": 0, "filterable": 1, "ext": "./sites/码上👓多/xiqu.py"}, {"key": "py_TYjs", "name": "码上👓多-🅱️┃体育┃健身", "type": 3, "api": "py_TYjs", "searchable": 0, "quickSearch": 0, "filterable": 1, "ext": "./sites/码上👓多/tiyu.py"}, {"key": "py_xiangsh", "name": "码上👓多-🅱️┃相声┃小品", "type": 3, "api": "py_xiangsh", "searchable": 0, "quickSearch": 0, "filterable": 1, "ext": "./sites/码上👓多/xiaopin.py"}, {"key": "py_FBqx", "name": "码上👓多-🅱️┃球队┃球星", "type": 3, "api": "py_FBqx", "searchable": 0, "quickSearch": 0, "filterable": 1, "ext": "./sites/码上👓多/qiudui.py"}, {"key": "py_Meinvw", "name": "码上👓多-🅱️┃美女┃舞蹈", "type": 3, "api": "py_Meinvw", "searchable": 0, "quickSearch": 0, "filterable": 1, "ext": "./sites/码上👓多/meinv.py"}, {"key": "py_yanchh", "name": "码上👓多-🅱️┃歌手┃合集", "type": 3, "api": "py_yanchh", "searchable": 0, "quickSearch": 0, "filterable": 1, "ext": "./sites/码上👓多/geshou.py"}, {"key": "py_Nvtuan", "name": "码上👓多-🅱️┃女团┃热舞", "type": 3, "api": "py_Nvtuan", "searchable": 0, "quickSearch": 0, "filterable": 1, "ext": "./sites/码上👓多/nvtuan.py"}, {"key": "MV_vod", "name": "码上👓多-🎹┃MTV┃合集", "type": 1, "api": "https://mv.wogg.link/mv/vod", "searchable": 1, "quickSearch": 1, "filterable": 1}, {"key": "py_MTV", "name": "码上👓多-🅱️┃歌曲┃视频", "type": 3, "api": "py_MTV", "searchable": 0, "quickSearch": 0, "filterable": 1, "ext": "./sites/码上👓多/mtv.py"}, {"key": "py_Yinl2", "name": "码上👓多-🅱️┃音悦┃合集", "type": 3, "api": "py_Yinl2", "searchable": 0, "quickSearch": 0, "filterable": 1, "ext": "./sites/码上👓多/yinyue.py"}, {"key": "js_哔哩直播", "name": "码上👓多-🅱️┃哔哩┃直播", "type": 3, "api": "./sites/码上👓多/drpy2.min.js", "searchable": 0, "quickSearch": 0, "filterable": 0, "ext": "./sites/码上👓多/哔哩直播.js"}, {"key": "短视频", "name": "码上👓多-📱┃网红┃美女", "type": 3, "api": "csp_XBPQ", "searchable": 0, "quickSearch": 0, "filterable": 0, "ext": "./sites/码上👓多/短视频聚合.json", "jar": "./sites/码上👓多/custom_spider.jar"}, {"key": "js_Yj1211直播", "name": "码上👓多-👑┃直播┃合集", "type": 3, "api": "./sites/码上👓多/drpy2.min.js", "searchable": 1, "quickSearch": 1, "filterable": 0, "ext": "./sites/码上👓多/jrslive.js"}, {"key": "py_huya", "name": "码上👓多-🐯┃虎牙┃[PY]", "type": 3, "api": "py_huya", "searchable": 0, "quickSearch": 0, "filterable": 1, "ext": "./sites/码上👓多/pyhuya.py"}, {"key": "csp_虎牙", "name": "码上👓多-🐯┃虎牙┃直播", "type": 3, "api": "csp_XYQHiker", "searchable": 0, "quickSearch": 0, "filterable": 0, "jar": "./sites/码上👓多/spider.txt", "ext": "./sites/码上👓多/虎牙.json"}, {"key": "js_斗鱼直播", "name": "码上👓多-🦈┃斗鱼┃直播", "type": 3, "api": "./sites/码上👓多/drpy2.min.js", "searchable": 0, "quickSearch": 0, "filterable": 0, "ext": "./sites/码上👓多/斗鱼.js"}, {"key": "网易CC", "name": "码上👓多-🐠┃网易┃[CC]", "type": 3, "api": "csp_XYQBiu", "searchable": 0, "quickSearch": 0, "filterable": 0, "ext": "./sites/码上👓多/网易CC.json", "jar": "./sites/码上👓多/custom_spider.jar"}, {"key": "js_i275听书", "name": "码上👓多-📚️┃听书┃i275", "type": 3, "api": "./sites/码上👓多/drpy2.min.js", "changeable": 0, "style": {"type": "rect", "ratio": 1}, "ext": "./sites/码上👓多/i275.js"}, {"key": "js_爱上你听书网", "name": "码上👓多-📚️┃听书┃爱尚", "type": 3, "api": "./sites/码上👓多/drpy2.min.js", "changeable": 0, "style": {"type": "rect", "ratio": 1}, "ext": "https://jihulab.com/duomv/xduo/-/raw/main/libs/aishang.js"}, {"key": "js_博看听书", "name": "码上👓多-📚️┃听书┃博看", "type": 3, "api": "./sites/码上👓多/drpy2.min.js", "changeable": 0, "style": {"type": "rect", "ratio": 1}, "ext": "./sites/码上👓多/bokan.js"}, {"key": "js_海洋听书", "name": "码上👓多-📚️┃听书┃海洋", "type": 3, "api": "./sites/码上👓多/drpy2.min.js", "changeable": 0, "style": {"type": "rect", "ratio": 1}, "ext": "./sites/码上👓多/sea.js"}, {"key": "js_六月听书", "name": "码上👓多-📚️┃听书┃六月", "type": 3, "api": "./sites/码上👓多/drpy2.min.js", "changeable": 0, "style": {"type": "rect", "ratio": 1}, "ext": "./sites/码上👓多/6yue.js"}, {"key": "js_听书网", "name": "码上👓多-📚️┃听书┃天天", "type": 3, "api": "./sites/码上👓多/drpy2.min.js", "changeable": 0, "style": {"type": "rect", "ratio": 1}, "ext": "./sites/码上👓多/tingshu.js"}, {"key": "js_有声小说", "name": "码上👓多-📚️┃听书┃有声", "type": 3, "api": "./sites/码上👓多/drpy2.min.js", "changeable": 0, "style": {"type": "rect", "ratio": 1}, "ext": "./sites/码上👓多/yousheng.js"}, {"key": "js_中华听书网", "name": "码上👓多-📚️┃听书┃中华", "type": 3, "api": "./sites/码上👓多/drpy2.min.js", "changeable": 0, "style": {"type": "rect", "ratio": 1}, "ext": "./sites/码上👓多/zhonghua.js"}, {"key": "push_agent", "name": "码上👓多-📨┃影视┃推送", "type": 3, "api": "csp_Push", "searchable": 0, "quickSearch": 0, "filterable": 0, "ext": "http://127.0.0.1:9978/file/tm/token.txt+4k|fhd|auto", "jar": "./sites/码上👓多/custom_spider.jar"}, {"key": "说明", "name": "码上👓多-软件接口完全免费", "type": 3, "api": "360", "searchable": 1, "quickSearch": 1, "filterable": 1}, {"key": "csp_LocalFile", "name": "码上👓香-💻本地视频", "type": 3, "api": "csp_LocalFile", "searchable": 0, "quickSearch": 0, "filterable": 0, "type_flag": 0, "jar": "./sites/码上👓香/XYQ.jar"}, {"key": "drpy_js_奇珍异兽", "name": "码上👓香-奇珍异兽[js]", "type": 3, "api": "./sites/码上👓香/drpy2.min.js", "ext": "./sites/码上👓香/奇珍异兽.js"}, {"key": "drpy_js_优酷", "name": "码上👓香-优酷[js]", "type": 3, "api": "./sites/码上👓香/drpy2.min.js", "ext": "./sites/码上👓香/优酷.js"}, {"key": "drpy_js_腾云驾雾", "name": "码上👓香-腾云驾雾[js]", "type": 3, "api": "./sites/码上👓香/drpy2.min.js", "ext": "./sites/码上👓香/腾云驾雾.js"}, {"key": "drpy_js_百忙无果", "name": "码上👓香-百忙无果[js]", "type": 3, "api": "./sites/码上👓香/drpy2.min.js", "ext": "./sites/码上👓香/百忙无果.js"}, {"key": "Gitcafe", "name": "码上👓香-📀小纸条(搜索)", "type": 3, "api": "csp_Gitcafe", "playerType": 1, "searchable": 1, "quickSearch": 1, "filterable": 1, "ext": "http://127.0.0.1:9978/file/tm/token.txt", "jar": "./sites/码上👓香/XYQ.jar"}, {"key": "csp_Zhaozy", "name": "码上👓香-📀找资源(搜索)", "type": 3, "api": "csp_Zhaozy", "playerType": 1, "searchable": 1, "quickSearch": 1, "filterable": 0, "ext": "http://127.0.0.1:9978/file/tm/token.txt", "jar": "./sites/码上👓香/XYQ.jar"}, {"key": "csp_AliPS", "name": "码上👓香-📀喵狸盘搜(搜索)", "type": 3, "api": "csp_AliPS", "playerType": 1, "searchable": 1, "quickSearch": 1, "filterable": 0, "ext": "http://127.0.0.1:9978/file/tm/token.txt", "jar": "./sites/码上👓香/XYQ.jar"}, {"key": "csp_Yisou", "name": "码上👓香-📀易搜(搜索)", "type": 3, "api": "csp_Yisou", "playerType": 1, "searchable": 1, "quickSearch": 1, "filterable": 0, "ext": "http://127.0.0.1:9978/file/tm/token.txt", "jar": "./sites/码上👓香/XYQ.jar"}, {"key": "csp_Upyunso", "name": "码上👓香-📀UP云搜(搜索)", "type": 3, "api": "csp_Upyunso", "playerType": 1, "searchable": 1, "quickSearch": 1, "filterable": 0, "ext": "http://127.0.0.1:9978/file/tm/token.txt", "jar": "./sites/码上👓香/XYQ.jar"}, {"key": "csp_XYQHikerAL_玩偶哥哥", "name": "码上👓香-📀玩偶哥哥(优)", "type": 3, "api": "csp_XYQHikerAL", "playerType": 1, "searchable": 1, "quickSearch": 1, "filterable": 1, "ext": "./sites/码上👓香/玩偶哥哥.json", "jar": "./sites/码上👓香/XYQ.jar"}, {"key": "csp_XYQHikerAL_云盘资源", "name": "码上👓香-📀云盘资源(搜索)", "type": 3, "api": "csp_XYQHikerAL", "playerType": 1, "searchable": 1, "quickSearch": 1, "filterable": 1, "ext": "./sites/码上👓香/云盘资源分享.json", "jar": "./sites/码上👓香/XYQ.jar"}, {"key": "csp_XYQHikerAL_我的小站", "name": "码上👓香-📀我的小站(搜索)", "type": 3, "api": "csp_XYQHikerAL", "playerType": 1, "searchable": 1, "quickSearch": 1, "filterable": 1, "ext": "./sites/码上👓香/我的小站.json", "jar": "./sites/码上👓香/XYQ.jar"}, {"key": "csp_XYQHikerAL_阿里云盘网", "name": "码上👓香-📀阿里云盘(搜索)", "type": 3, "api": "csp_XYQHikerAL", "playerType": 1, "searchable": 1, "quickSearch": 1, "filterable": 1, "ext": "./sites/码上👓香/阿里云盘网.json", "jar": "./sites/码上👓香/XYQ.jar"}, {"key": "csp_XYQHikerAL_豆豆飞", "name": "码上👓香-📀豆豆飞(搜索)", "type": 3, "api": "csp_XYQHikerAL", "playerType": 1, "searchable": 1, "quickSearch": 1, "filterable": 1, "ext": "./sites/码上👓香/豆豆飞.json", "jar": "./sites/码上👓香/XYQ.jar"}, {"key": "csp_XYQHiker_土拨鼠搜索", "name": "码上👓香-📀土拨鼠(搜索)", "type": 3, "api": "csp_XYQHiker", "playerType": 1, "searchable": 1, "quickSearch": 1, "filterable": 1, "ext": "./sites/码上👓香/土拨鼠搜索.json", "jar": "./sites/码上👓香/XYQ.jar"}, {"key": "csp_XYQHiker_盘搜索", "name": "码上👓香-📀盘搜索(搜索)", "type": 3, "api": "csp_XYQHiker", "playerType": 1, "searchable": 1, "quickSearch": 1, "filterable": 1, "ext": "./sites/码上👓香/盘搜索.json", "jar": "./sites/码上👓香/XYQ.jar"}, {"key": "push_agent", "name": "码上👓香-📽推送", "type": 3, "api": "csp_PushAgent", "playerType": 1, "searchable": 1, "quickSearch": 1, "filterable": 0, "ext": "http://127.0.0.1:9978/file/tm/token.txt", "jar": "https://raw.gitmirror.com/gaotianliuyun/gao/master/./jar/XYQ.jar;md5;eabf452425cf0176d395c553c8bc3a54"}, {"key": "csp_Mp4Mov", "name": "码上👓香-🧲Mp4电影", "type": 3, "api": "csp_Mp4Mov", "searchable": 1, "quickSearch": 1, "filterable": 1, "jar": "./sites/码上👓香/XYQ.jar"}, {"key": "csp_New6v", "name": "码上👓香-🧲新6V", "type": 3, "api": "csp_New6v", "searchable": 1, "quickSearch": 1, "filterable": 1, "ext": "http://www.xb6v.com", "jar": "./sites/码上👓香/XYQ.jar"}, {"key": "csp_SeedHub", "name": "码上👓香-🧲SeedHub", "type": 3, "api": "csp_SeedHub", "playerType": 1, "searchable": 1, "quickSearch": 1, "filterable": 1, "jar": "./sites/码上👓香/XYQ.jar"}, {"key": "csp_KubaCL", "name": "码上👓香-🧲酷吧电影", "type": 3, "api": "csp_KubaCL", "playerType": 1, "searchable": 1, "quickSearch": 1, "filterable": 1, "jar": "./sites/码上👓香/XYQ.jar"}, {"key": "csp_MeijuTT", "name": "码上👓香-🧲美剧天堂", "type": 3, "api": "csp_MeijuTT", "playerType": 1, "searchable": 1, "quickSearch": 1, "filterable": 1, "jar": "./sites/码上👓香/XYQ.jar"}, {"key": "csp_MeijuMi", "name": "码上👓香-🧲美剧迷", "type": 3, "api": "csp_MeijuMi", "playerType": 1, "searchable": 1, "quickSearch": 1, "filterable": 1, "jar": "./sites/码上👓香/XYQ.jar"}, {"key": "csp_BLSGod", "name": "码上👓香-🧲80S影视", "type": 3, "api": "csp_BLSGod", "playerType": 1, "searchable": 1, "quickSearch": 1, "filterable": 1, "jar": "./sites/码上👓香/XYQ.jar"}, {"key": "csp_Xunlei8", "name": "码上👓香-🧲迅雷吧", "type": 3, "api": "csp_Xunlei8", "playerType": 1, "searchable": 1, "quickSearch": 1, "filterable": 1, "jar": "./sites/码上👓香/XYQ.jar"}, {"key": "csp_XYQHikerAL_4KHDR", "name": "码上👓香-🧲📀4KHDR(盘/磁)", "type": 3, "api": "csp_XYQHikerAL", "playerType": 1, "searchable": 1, "quickSearch": 1, "filterable": 1, "ext": "./sites/码上👓香/4KHDR.json", "jar": "./sites/码上👓香/XYQ.jar"}, {"key": "csp_XYQHiker_电影港", "name": "码上👓香-🧲电影港(XYQH)", "type": 3, "api": "csp_XYQHiker", "searchable": 1, "quickSearch": 1, "filterable": 1, "ext": "./sites/码上👓香/电影港磁力.json", "jar": "./sites/码上👓香/XYQ.jar"}, {"key": "csp_XYQHiker_BT天堂", "name": "码上👓香-🧲✈️BT天堂(XYQH)", "type": 3, "api": "csp_XYQHiker", "searchable": 1, "quickSearch": 1, "filterable": 1, "ext": "./sites/码上👓香/BT天堂.json", "jar": "./sites/码上👓香/XYQ.jar"}, {"key": "csp_XYQHiker_极影网", "name": "码上👓香-🧲极影网(XYQH)", "type": 3, "api": "csp_XYQHiker", "searchable": 1, "quickSearch": 1, "filterable": 1, "ext": "./sites/码上👓香/极影网.json", "jar": "./sites/码上👓香/XYQ.jar"}, {"key": "csp_XYQHiker_高清MP4", "name": "码上👓香-🧲高清MP4(XYQH)", "type": 3, "api": "csp_XYQHiker", "searchable": 1, "quickSearch": 1, "filterable": 1, "ext": "./sites/码上👓香/高清MP4.json", "jar": "./sites/码上👓香/XYQ.jar"}, {"key": "csp_XYQHiker_蚂蚁4K", "name": "码上👓香-🧲蚂蚁4K(XYQH)", "type": 3, "api": "csp_XYQHiker", "searchable": 1, "quickSearch": 1, "filterable": 1, "ext": "./sites/码上👓香/蚂蚁4K.json", "jar": "./sites/码上👓香/XYQ.jar"}, {"key": "csp_XYQHiker_哔嘀影视", "name": "码上👓香-🧲哔嘀影视(XYQH)", "type": 3, "api": "csp_XYQHiker", "searchable": 1, "quickSearch": 1, "filterable": 1, "ext": "./sites/码上👓香/哔嘀影视.json", "jar": "./sites/码上👓香/XYQ.jar"}, {"key": "csp_XYQHiker_磁力熊", "name": "码上👓香-🧲磁力熊(XYQH)", "type": 3, "api": "csp_XYQHiker", "searchable": 1, "quickSearch": 1, "filterable": 1, "ext": "./sites/码上👓香/磁力熊.json", "jar": "./sites/码上👓香/XYQ.jar"}, {"key": "360_spider", "name": "码上👓香-🐞360影视", "type": 3, "api": "csp_SP360", "filterable": 1, "quickSearch": 1, "searchable": 1, "jar": "https://raw.gitmirror.com/gaotianliuyun/gao/master/./jar/XYQ.jar;md5;eabf452425cf0176d395c553c8bc3a54"}, {"key": "csp_Kuaikan", "name": "码上👓香-💡快看影视", "type": 3, "api": "csp_Kuaikan", "searchable": 1, "quickSearch": 1, "filterable": 1, "jar": "./sites/码上👓香/XYQ.jar"}, {"key": "csp_Czsapp", "name": "码上👓香-🐞厂长资源", "type": 3, "api": "csp_Czsapp", "playerType": 2, "searchable": 1, "quickSearch": 1, "filterable": 1, "ext": "https://www.czzy88.com", "jar": "./sites/码上👓香/XYQ.jar"}, {"key": "csp_Bdys", "name": "码上👓香-🐞哔嘀影视", "type": 3, "api": "csp_Bdys", "searchable": 1, "quickSearch": 1, "filterable": 1, "jar": "./sites/码上👓香/XYQ.jar"}, {"key": "csp_Ddys", "name": "码上👓香-🐞低端影视", "type": 3, "api": "csp_Ddys", "searchable": 1, "quickSearch": 1, "filterable": 1, "jar": "./sites/码上👓香/XYQ.jar"}, {"key": "csp_JianPian", "name": "码上👓香-🔨荐片", "type": 3, "api": "csp_JianPian", "playerType": 1, "searchable": 1, "quickSearch": 1, "filterable": 1, "ext": "https://ownjpykxttjzuhy.jiesiwa.com", "jar": "./sites/码上👓香/XYQ.jar"}, {"key": "csp_Ikanbot", "name": "码上👓香-👾Ikanbot", "type": 3, "api": "csp_Ikanbot", "searchable": 1, "quickSearch": 1, "filterable": 1, "jar": "./sites/码上👓香/XYQ.jar"}, {"key": "csp_Bili", "name": "码上👓香-🐞哔哩综合", "type": 3, "api": "csp_Bili", "searchable": 0, "quickSearch": 1, "filterable": 1, "ext": "https://raw.gitmirror.com/gaotianliuyun/gao/master/./biliext/Bili.json", "jar": "https://raw.gitmirror.com/gaotianliuyun/gao/master/./jar/XYQ.jar;md5;eabf452425cf0176d395c553c8bc3a54"}, {"key": "csp_Bili幼儿", "name": "码上👓香-🐞哔哩幼儿", "type": 3, "api": "csp_Bili", "searchable": 0, "quickSearch": 0, "filterable": 1, "ext": "./sites/码上👓香/幼儿乐园.json", "jar": "./sites/码上👓香/XYQ.jar"}, {"key": "csp_Bili少儿", "name": "码上👓香-🐞哔哩少儿", "type": 3, "api": "csp_Bili", "searchable": 0, "quickSearch": 0, "filterable": 1, "ext": "./sites/码上👓香/少儿教育.json", "jar": "./sites/码上👓香/XYQ.jar"}, {"key": "csp_Bili小学", "name": "码上👓香-🐞哔哩小学", "type": 3, "api": "csp_Bili", "searchable": 0, "quickSearch": 0, "filterable": 1, "ext": "./sites/码上👓香/小学课堂.json", "jar": "./sites/码上👓香/XYQ.jar"}, {"key": "csp_Bili初中", "name": "码上👓香-🐞哔哩初中", "type": 3, "api": "csp_Bili", "searchable": 0, "quickSearch": 0, "filterable": 1, "ext": "./sites/码上👓香/初中课堂.json", "jar": "./sites/码上👓香/XYQ.jar"}, {"key": "csp_Bili高中", "name": "码上👓香-🐞哔哩高中", "type": 3, "api": "csp_Bili", "searchable": 0, "quickSearch": 0, "filterable": 1, "ext": "./sites/码上👓香/高中课堂.json", "jar": "./sites/码上👓香/XYQ.jar"}, {"key": "JS哔哩直播", "name": "码上👓香-哔哩直播[js]", "type": 3, "api": "./sites/码上👓香/drpy2.min.js", "searchable": 0, "quickSearch": 0, "filterable": 0, "ext": "./sites/码上👓香/哔哩直播.js"}, {"key": "csp_XYQHiker_兔小贝", "name": "码上👓香-兔小贝(XYQH)", "type": 3, "api": "csp_XYQHiker", "searchable": 1, "quickSearch": 1, "filterable": 1, "ext": "./sites/码上👓香/兔小贝.json", "jar": "./sites/码上👓香/XYQ.jar"}, {"key": "csp_XYQHiker_兔小贝2", "name": "码上👓香-兔小贝2(XYQH)", "type": 3, "api": "csp_XYQHiker", "searchable": 1, "quickSearch": 1, "filterable": 1, "ext": "./sites/码上👓香/兔小贝2.json", "jar": "./sites/码上👓香/XYQ.jar"}, {"key": "csp_XYQHiker_播视童趣", "name": "码上👓香-播视童趣(XYQH)", "type": 3, "api": "csp_XYQHiker", "searchable": 1, "quickSearch": 1, "filterable": 1, "ext": "./sites/码上👓香/播视童趣.json", "jar": "./sites/码上👓香/XYQ.jar"}, {"key": "emofun", "name": "码上👓香-EmoFun", "type": 3, "api": "csp_AppYsV2", "searchable": 1, "quickSearch": 1, "filterable": 0, "ext": "http://one3.emofun.top/mogai_api.php/v1.vod", "jar": "./sites/码上👓香/XYQ.jar"}, {"key": "csp_XYQHiker_異世界動漫", "name": "码上👓香-異世界動漫(HM2)", "type": 3, "api": "csp_XYQHiker", "searchable": 1, "quickSearch": 1, "filterable": 1, "ext": "./sites/码上👓香/異世界動漫.json", "jar": "./sites/码上👓香/XYQ.jar"}, {"key": "csp_XYQHiker_DJ呦呦音乐网", "name": "码上👓香-🎧DJ呦呦音乐网(XYQH)", "type": 3, "api": "csp_XYQHiker", "searchable": 1, "quickSearch": 1, "filterable": 1, "ext": "./sites/码上👓香/DJ呦呦音乐网.json", "jar": "./sites/码上👓香/XYQ.jar"}, {"key": "csp_XYQHiker_酷奇MV", "name": "码上👓香-酷奇MV(XYQH)", "type": 3, "api": "csp_XYQHiker", "searchable": 0, "quickSearch": 0, "filterable": 1, "ext": "./sites/码上👓香/酷奇MV.json", "jar": "./sites/码上👓香/XYQ.jar"}, {"key": "csp_XYQHiker_短剧网", "name": "码上👓香-短剧网", "type": 3, "api": "csp_XYQHiker", "searchable": 1, "quickSearch": 1, "filterable": 1, "ext": "./sites/码上👓香/短剧网.json", "jar": "./sites/码上👓香/XYQ.jar"}, {"key": "csp_XYQHiker_迷迷剧", "name": "码上👓香-迷迷剧", "type": 3, "api": "csp_XYQHiker", "searchable": 1, "quickSearch": 1, "filterable": 1, "ext": "./sites/码上👓香/迷迷剧.json", "jar": "./sites/码上👓香/XYQ.jar"}, {"key": "csp_XYQHiker_MOFLIX影院", "name": "码上👓香-MOFLIX影院", "type": 3, "api": "csp_XYQHiker", "searchable": 1, "quickSearch": 1, "filterable": 1, "ext": "./sites/码上👓香/MOFLIX影院.json", "jar": "./sites/码上👓香/XYQ.jar"}, {"key": "csp_XYQHiker_好戏网", "name": "码上👓香-好戏网", "type": 3, "api": "csp_XYQHiker", "searchable": 1, "quickSearch": 1, "filterable": 1, "ext": "./sites/码上👓香/好戏网.json", "jar": "./sites/码上👓香/XYQ.jar"}, {"key": "csp_XYQHiker_量子影视", "name": "码上👓香-量子影视(HM2)", "type": 3, "api": "csp_XYQHiker", "searchable": 1, "quickSearch": 1, "filterable": 1, "ext": "./sites/码上👓香/量子影视.json", "jar": "./sites/码上👓香/XYQ.jar"}, {"key": "csp_XYQHiker_红领巾影院", "name": "码上👓香-红领巾影院(HM2)", "type": 3, "api": "csp_XYQHiker", "searchable": 1, "quickSearch": 1, "filterable": 1, "ext": "./sites/码上👓香/红领巾影院.json", "jar": "./sites/码上👓香/XYQ.jar"}, {"key": "csp_XYQHiker_小猫咪", "name": "码上👓香-小猫咪(XYQH)", "type": 3, "api": "csp_XYQHiker", "searchable": 1, "quickSearch": 1, "filterable": 1, "ext": "./sites/码上👓香/小猫咪.json", "jar": "./sites/码上👓香/XYQ.jar"}, {"key": "csp_XYQHiker_55影视", "name": "码上👓香-55影视(XYQH)", "type": 3, "api": "csp_XYQHiker", "searchable": 1, "quickSearch": 1, "filterable": 1, "ext": "./sites/码上👓香/55影视.json", "jar": "./sites/码上👓香/XYQ.jar"}, {"key": "csp_XYQHiker_555影视", "name": "码上👓香-555影视(XYQH)", "type": 3, "api": "csp_XYQHiker", "searchable": 1, "quickSearch": 1, "filterable": 1, "ext": "./sites/码上👓香/555影视.json", "jar": "./sites/码上👓香/XYQ.jar"}, {"key": "csp_XYQHiker_A8影视", "name": "码上👓香-A8影视(XYQH)", "type": 3, "api": "csp_XYQHiker", "searchable": 1, "quickSearch": 1, "filterable": 1, "ext": "./sites/码上👓香/A8影视.json", "jar": "./sites/码上👓香/XYQ.jar"}, {"key": "csp_XYQHiker_极客影院", "name": "码上👓香-极客影院(XYQH)", "type": 3, "api": "csp_XYQHiker", "searchable": 1, "quickSearch": 1, "filterable": 1, "ext": "./sites/码上👓香/极客影院.json", "jar": "./sites/码上👓香/XYQ.jar"}, {"key": "csp_XYQHiker_臭蛋蛋影视", "name": "码上👓香-臭蛋蛋影视(HM2)", "type": 3, "api": "csp_XYQHiker", "searchable": 1, "quickSearch": 1, "filterable": 1, "ext": "./sites/码上👓香/臭蛋蛋影视.json", "jar": "./sites/码上👓香/XYQ.jar"}, {"key": "csp_XYQHiker_农民影视", "name": "码上👓香-🧑🏻‍农民影视(HM2)", "type": 3, "api": "csp_XYQHiker", "searchable": 1, "quickSearch": 1, "filterable": 1, "ext": "./sites/码上👓香/农民影视.json", "jar": "./sites/码上👓香/XYQ.jar"}, {"key": "csp_XYQHiker_奇趣影视", "name": "码上👓香-奇趣影视(HM2)", "type": 3, "api": "csp_XYQHiker", "searchable": 1, "quickSearch": 1, "filterable": 1, "ext": "./sites/码上👓香/奇趣影视.json", "jar": "./sites/码上👓香/XYQ.jar"}, {"key": "csp_XYQHiker_乐鱼影视", "name": "码上👓香-乐鱼影视(XYQH)", "type": 3, "api": "csp_XYQHiker", "searchable": 1, "quickSearch": 1, "filterable": 1, "ext": "./sites/码上👓香/乐鱼影视.json", "jar": "./sites/码上👓香/XYQ.jar"}, {"key": "csp_XYQHiker_歪片星球", "name": "码上👓香-歪片星球(XYQH)", "type": 3, "api": "csp_XYQHiker", "searchable": 1, "quickSearch": 1, "filterable": 1, "ext": "./sites/码上👓香/歪片星球.json", "jar": "./sites/码上👓香/XYQ.jar"}, {"key": "csp_XYQHiker_98影院", "name": "码上👓香-98影院(XYQH)", "type": 3, "api": "csp_XYQHiker", "searchable": 1, "quickSearch": 1, "filterable": 1, "ext": "./sites/码上👓香/98影院.json", "jar": "./sites/码上👓香/XYQ.jar"}, {"key": "csp_XYQHiker_七新影视", "name": "码上👓香-七新影视(XYQH)", "type": 3, "api": "csp_XYQHiker", "searchable": 1, "quickSearch": 1, "filterable": 1, "ext": "./sites/码上👓香/七新影视.json", "jar": "./sites/码上👓香/XYQ.jar"}, {"key": "csp_XYQHiker_深蓝影视", "name": "码上👓香-深蓝影视(HM2)", "type": 3, "api": "csp_XYQHiker", "searchable": 1, "quickSearch": 1, "filterable": 1, "ext": "./sites/码上👓香/深蓝影视.json", "jar": "./sites/码上👓香/XYQ.jar"}, {"key": "csp_XYQHiker_达达龟", "name": "码上👓香-达达龟(XYQH)", "type": 3, "api": "csp_XYQHiker", "searchable": 1, "quickSearch": 1, "filterable": 1, "ext": "./sites/码上👓香/达达龟.json", "jar": "./sites/码上👓香/XYQ.jar"}, {"key": "csp_XYQHiker_兄弟影视", "name": "码上👓香-兄弟影视(XYQH)", "type": 3, "api": "csp_XYQHiker", "searchable": 1, "quickSearch": 1, "filterable": 1, "ext": "./sites/码上👓香/兄弟影视.json", "jar": "./sites/码上👓香/XYQ.jar"}, {"key": "csp_XYQHiker_干饭影视", "name": "码上👓香-干饭影视(HM2)", "type": 3, "api": "csp_XYQHiker", "searchable": 1, "quickSearch": 1, "filterable": 1, "ext": "./sites/码上👓香/干饭影视.json", "jar": "./sites/码上👓香/XYQ.jar"}, {"key": "csp_XYQHiker_看一看影视", "name": "码上👓香-看一看影视(XYQH)", "type": 3, "api": "csp_XYQHiker", "searchable": 1, "quickSearch": 1, "filterable": 1, "ext": "./sites/码上👓香/看一看影视.json", "jar": "./sites/码上👓香/XYQ.jar"}, {"key": "csp_XYQHiker_秋霞电影", "name": "码上👓香-秋霞电影(HM1)", "type": 3, "api": "csp_XYQHiker", "searchable": 1, "quickSearch": 1, "filterable": 1, "ext": "./sites/码上👓香/秋霞电影.json", "jar": "./sites/码上👓香/XYQ.jar"}, {"key": "csp_XYQHiker_秋霞电影网", "name": "码上👓香-🦞秋霞电影网(HM2)", "type": 3, "api": "csp_XYQHiker", "searchable": 1, "quickSearch": 1, "filterable": 1, "ext": "./sites/码上👓香/秋霞电影网.json", "jar": "./sites/码上👓香/XYQ.jar"}, {"key": "csp_XYQHiker_乐猪影视", "name": "码上👓香-🐷乐猪影视(XYQH)", "type": 3, "api": "csp_XYQHiker", "searchable": 1, "quickSearch": 1, "filterable": 1, "ext": "./sites/码上👓香/乐猪TV.json", "jar": "./sites/码上👓香/XYQ.jar"}, {"key": "csp_XYQHiker_在线之家", "name": "码上👓香-在线之家(HM1)", "type": 3, "api": "csp_XYQHiker", "searchable": 1, "quickSearch": 1, "filterable": 1, "ext": "./sites/码上👓香/在线之家.json", "jar": "./sites/码上👓香/XYQ.jar"}, {"key": "csp_XYQHiker_HDmoli", "name": "码上👓香-HDmoli(XYQH)", "type": 3, "api": "csp_XYQHiker", "searchable": 1, "quickSearch": 1, "filterable": 1, "ext": "./sites/码上👓香/HDmoli.json", "jar": "./sites/码上👓香/XYQ.jar"}, {"key": "csp_XYQHiker_voflixHD", "name": "码上👓香-voflixHD(XYQH)", "type": 3, "api": "csp_XYQHiker", "searchable": 1, "quickSearch": 1, "filterable": 1, "ext": "./sites/码上👓香/voflix HD.json", "jar": "./sites/码上👓香/XYQ.jar"}, {"key": "csp_XYQHiker_奈飞中文", "name": "码上👓香-奈飞中文(HM2)", "type": 3, "api": "csp_XYQHiker", "searchable": 1, "quickSearch": 1, "filterable": 1, "ext": "./sites/码上👓香/奈飞中文.json", "jar": "./sites/码上👓香/XYQ.jar"}, {"key": "csp_XYQHiker_鸭奈飞影视", "name": "码上👓香-🦆鸭奈飞影视(HM2)", "type": 3, "api": "csp_XYQHiker", "searchable": 1, "quickSearch": 1, "filterable": 1, "ext": "./sites/码上👓香/鸭奈飞影视.json", "jar": "./sites/码上👓香/XYQ.jar"}, {"key": "csp_XYQHiker_蓝光影院", "name": "码上👓香-蓝光影院(HM2)", "type": 3, "api": "csp_XYQHiker", "searchable": 1, "quickSearch": 1, "filterable": 1, "ext": "./sites/码上👓香/蓝光影院.json", "jar": "./sites/码上👓香/XYQ.jar"}, {"key": "csp_XYQHiker_影视工场", "name": "码上👓香-影视工场(XYQH)", "type": 3, "api": "csp_XYQHiker", "searchable": 1, "quickSearch": 1, "filterable": 1, "ext": "./sites/码上👓香/影视工场.json", "jar": "./sites/码上👓香/XYQ.jar"}, {"key": "csp_XYQHiker_影渣渣影视", "name": "码上👓香-影渣渣影视✈️(HM2)", "type": 3, "api": "csp_XYQHiker", "searchable": 1, "quickSearch": 1, "filterable": 1, "ext": "./sites/码上👓香/影渣渣影视.json", "jar": "./sites/码上👓香/XYQ.jar"}, {"key": "csp_XYQHiker_电影盒子", "name": "码上👓香-🎞电影盒子(XYQH)", "type": 3, "api": "csp_XYQHiker", "playerType": 2, "searchable": 1, "quickSearch": 1, "filterable": 1, "ext": "./sites/码上👓香/电影盒子.json", "jar": "./sites/码上👓香/XYQ.jar"}, {"key": "csp_XYQHiker_耐看点播", "name": "码上👓香-耐看点播(XYQH)", "type": 3, "api": "csp_XYQHiker", "searchable": 1, "quickSearch": 1, "filterable": 1, "ext": "./sites/码上👓香/耐看点播.json", "jar": "./sites/码上👓香/XYQ.jar"}, {"key": "csp_XYQHiker_速搜影院", "name": "码上👓香-速搜影院(XYQH)", "type": 3, "api": "csp_XYQHiker", "searchable": 1, "quickSearch": 1, "filterable": 1, "ext": "./sites/码上👓香/速搜影院.json", "jar": "./sites/码上👓香/XYQ.jar"}, {"key": "csp_XYQHiker_疯狗影视", "name": "码上👓香-🐶疯狗影视(XYQH)", "type": 3, "api": "csp_XYQHiker", "searchable": 1, "quickSearch": 1, "filterable": 1, "ext": "./sites/码上👓香/疯狗影视.json", "jar": "./sites/码上👓香/XYQ.jar"}, {"key": "csp_XYQHiker_爱看影院", "name": "码上👓香-爱看影院(XYQH)", "type": 3, "api": "csp_XYQHiker", "searchable": 1, "quickSearch": 1, "filterable": 1, "ext": "./sites/码上👓香/爱看影院.json", "jar": "./sites/码上👓香/XYQ.jar"}, {"key": "csp_XYQHiker_爱看影视", "name": "码上👓香-爱看影视(真不卡)", "type": 3, "api": "csp_XYQHiker", "searchable": 1, "quickSearch": 1, "filterable": 1, "ext": "./sites/码上👓香/爱看影视.json", "jar": "./sites/码上👓香/XYQ.jar"}, {"key": "csp_XYQHiker_GimyTV劇迷", "name": "码上👓香-GimyTV劇迷✈️(XYQH)", "type": 3, "api": "csp_XYQHiker", "searchable": 1, "quickSearch": 1, "filterable": 1, "ext": "./sites/码上👓香/GimyTV劇迷.json", "jar": "./sites/码上👓香/XYQ.jar"}, {"key": "csp_XYQHiker_子子影视", "name": "码上👓香-子子影视(XYQH)", "type": 3, "api": "csp_XYQHiker", "searchable": 1, "quickSearch": 1, "filterable": 1, "ext": "./sites/码上👓香/子子影视.json", "jar": "./sites/码上👓香/XYQ.jar"}, {"key": "csp_XYQHiker_素白白影视", "name": "码上👓香-🥬素白白影视(XYQH)", "type": 3, "api": "csp_XYQHiker", "playerType": 2, "searchable": 1, "quickSearch": 1, "filterable": 1, "ext": "./sites/码上👓香/素白白影视.json", "jar": "./sites/码上👓香/XYQ.jar"}, {"key": "csp_XYQHiker_厂长影视", "name": "码上👓香-厂长影视(XYQH)", "type": 3, "api": "csp_XYQHiker", "playerType": 2, "searchable": 1, "quickSearch": 1, "filterable": 1, "ext": "./sites/码上👓香/厂长影视.json", "jar": "./sites/码上👓香/XYQ.jar"}, {"key": "csp_XYQHiker_COKEMV影院", "name": "码上👓香-COKEMV影院(XYQH)", "type": 3, "api": "csp_XYQHiker", "playerType": 2, "searchable": 1, "quickSearch": 1, "filterable": 1, "ext": "./sites/码上👓香/COKEMV影院.json", "jar": "./sites/码上👓香/XYQ.jar"}, {"key": "csp_XYQHiker_CokemvFun", "name": "码上👓香-CokemvFun(XYQH)", "type": 3, "api": "csp_XYQHiker", "playerType": 2, "searchable": 1, "quickSearch": 1, "filterable": 1, "ext": "./sites/码上👓香/CokemvFun.json", "jar": "./sites/码上👓香/XYQ.jar"}, {"key": "csp_XYQHiker_MayiTube", "name": "码上👓香-MayiTube(XYQH)", "type": 3, "api": "csp_XYQHiker", "searchable": 1, "quickSearch": 1, "filterable": 1, "ext": "./sites/码上👓香/MayiTube.json", "jar": "./sites/码上👓香/XYQ.jar"}, {"key": "csp_XYQHiker_Vidhub视频库", "name": "码上👓香-🎥Vidhub视频库(XYQH)", "type": 3, "api": "csp_XYQHiker", "searchable": 1, "quickSearch": 1, "filterable": 1, "ext": "./sites/码上👓香/Vidhub视频库.json", "jar": "./sites/码上👓香/XYQ.jar"}, {"key": "csp_XYQHiker_宝仙HD", "name": "码上👓香-宝仙HD(XYQH)", "type": 3, "api": "csp_XYQHiker", "searchable": 1, "quickSearch": 1, "filterable": 1, "ext": "./sites/码上👓香/宝仙HD.json", "jar": "./sites/码上👓香/XYQ.jar"}, {"key": "csp_XYQHiker_l0l影院", "name": "码上👓香-l0l影院(HM2)", "type": 3, "api": "csp_XYQHiker", "searchable": 1, "quickSearch": 1, "filterable": 1, "ext": "./sites/码上👓香/l0l影院.json", "jar": "./sites/码上👓香/XYQ.jar"}, {"key": "csp_XYQHiker_锐行加速影院", "name": "码上👓香-锐行加速影院(HM2)", "type": 3, "api": "csp_XYQHiker", "searchable": 1, "quickSearch": 1, "filterable": 1, "ext": "./sites/码上👓香/锐行加速影院.json", "jar": "./sites/码上👓香/XYQ.jar"}, {"key": "csp_XYQHiker_无插件直播", "name": "码上👓香-🏀无插件直播✈️(XYQH)", "type": 3, "api": "csp_XYQHiker", "searchable": 0, "quickSearch": 0, "filterable": 0, "ext": "./sites/码上👓香/无插件直播.json", "jar": "./sites/码上👓香/XYQ.jar"}, {"key": "csp_XYQBiu_88看球", "name": "码上👓香-88看球(XYQ)", "type": 3, "api": "csp_XYQBiu", "searchable": 0, "quickSearch": 0, "filterable": 0, "ext": "./sites/码上👓香/88看球.json", "jar": "./sites/码上👓香/XYQ.jar"}, {"key": "csp_Yj1211", "name": "码上👓香-📡JustLive", "type": 3, "api": "csp_Yj1211", "playerType": 1, "searchable": 1, "quickSearch": 1, "filterable": 1, "jar": "./sites/码上👓香/XYQ.jar"}, {"key": "DRJS_虎牙", "name": "码上👓香-虎牙直播(JS)", "type": 3, "api": "./sites/码上👓香/drpy2.min.js", "ext": "./sites/码上👓香/虎牙直播.js", "searchable": 0, "quickSearch": 0, "filterable": 0}, {"key": "csp_XYQHiker_虎牙直播", "name": "码上👓香-🐯虎牙直播(XYQH)", "type": 3, "api": "csp_XYQHiker", "searchable": 1, "quickSearch": 0, "filterable": 0, "ext": "./sites/码上👓香/虎牙直播.json", "jar": "./sites/码上👓香/XYQ.jar"}, {"key": "csp_XYQHiker_斗鱼直播", "name": "码上👓香-🐠斗鱼直播(XYQH)", "type": 3, "api": "csp_XYQHiker", "searchable": 1, "quickSearch": 1, "filterable": 0, "ext": "./sites/码上👓香/斗鱼直播.json", "jar": "./sites/码上👓香/XYQ.jar"}, {"key": "csp_XYQBiu_网易CC直播", "name": "码上👓香-🕸网易CC直播(XYQ)", "type": 3, "api": "csp_XYQBiu", "searchable": 0, "quickSearch": 0, "filterable": 0, "ext": "./sites/码上👓香/网易CC直播.json", "jar": "./sites/码上👓香/XYQ.jar"}, {"key": "csp_XYQBiu_310直播", "name": "码上👓香-⚽️310直播✈️(XYQ)", "type": 3, "api": "csp_XYQBiu", "searchable": 0, "quickSearch": 0, "filterable": 0, "ext": "./sites/码上👓香/310直播.json", "jar": "./sites/码上👓香/XYQ.jar"}, {"key": "csp_XYQBiu_骚火电影网", "name": "码上👓香-骚火电影网(XYQ)", "type": 3, "api": "csp_XYQBiu", "searchable": 1, "quickSearch": 1, "filterable": 1, "ext": "./sites/码上👓香/骚火电影网.json", "jar": "./sites/码上👓香/XYQ.jar"}, {"key": "csp_XYQBiu_骚火电影VIP", "name": "码上👓香-骚火电影VIP✈️(XYQ)", "type": 3, "api": "csp_XYQBiu", "searchable": 1, "quickSearch": 1, "filterable": 1, "ext": "./sites/码上👓香/骚火电影VIP.json", "jar": "./sites/码上👓香/XYQ.jar"}, {"key": "csp_XYQBiu_1985电影网", "name": "码上👓香-1985电影网(XYQ)", "type": 3, "api": "csp_XYQBiu", "searchable": 1, "quickSearch": 1, "filterable": 1, "ext": "./sites/码上👓香/1985电影网.json", "jar": "./sites/码上👓香/XYQ.jar"}, {"key": "csp_XYQBiu_七小时影院", "name": "码上👓香-七小时影院(XYQ)", "type": 3, "api": "csp_XYQBiu", "searchable": 1, "quickSearch": 1, "filterable": 1, "ext": "./sites/码上👓香/七小时影院.json", "jar": "./sites/码上👓香/XYQ.jar"}, {"key": "csp_XYQBiu_花猫TV", "name": "码上👓香-🐱花猫TV(XYQ)", "type": 3, "api": "csp_XYQBiu", "searchable": 1, "quickSearch": 1, "filterable": 1, "ext": "./sites/码上👓香/花猫TV.json", "jar": "./sites/码上👓香/XYQ.jar"}, {"key": "csp_XYQBiu_TVB云播", "name": "码上👓香-TVB云播(XYQ)", "type": 3, "api": "csp_XYQBiu", "searchable": 1, "quickSearch": 1, "filterable": 1, "ext": "./sites/码上👓香/TVB云播.json", "jar": "./sites/码上👓香/XYQ.jar"}, {"key": "csp_XYQBiu_Libvio", "name": "码上👓香-Libvio(XYQ)", "type": 3, "api": "csp_XYQBiu", "searchable": 1, "quickSearch": 1, "filterable": 1, "ext": "./sites/码上👓香/libvio.json", "jar": "./sites/码上👓香/XYQ.jar"}, {"key": "csp_XYQBiu_石榴电影", "name": "码上👓香-石榴电影", "type": 3, "api": "csp_XYQBiu", "searchable": 1, "quickSearch": 1, "filterable": 1, "ext": "./sites/码上👓香/石榴电影.json", "jar": "./sites/码上👓香/XYQ.jar"}, {"key": "csp_XYQBiu_分享短视频", "name": "码上👓香-分享短视频(XYQ)", "type": 3, "api": "csp_XYQBiu", "searchable": 0, "quickSearch": 0, "filterable": 0, "ext": "./sites/码上👓香/分享短视频.json", "jar": "./sites/码上👓香/XYQ.jar"}, {"key": "csp_appysv2_看剧吧", "name": "码上👓香-看剧吧(普通)", "type": 3, "api": "csp_AppYsV2", "searchable": 1, "quickSearch": 1, "filterable": 1, "ext": "http://app.ishen520.com/api.php/v1.vod", "jar": "./sites/码上👓香/XYQ.jar"}, {"key": "gczc", "name": "码上👓香-官采站C", "type": 3, "api": "csp_AppYsV2", "searchable": 1, "quickSearch": 1, "filterable": 1, "ext": "./sites/码上👓香/", "jar": "./sites/码上👓香/XYQ.jar"}, {"key": "影图资源", "name": "码上👓香-影图资源(官)", "type": 1, "api": "./sites/码上👓香/", "searchable": 1, "quickSearch": 1}, {"key": "Ikun资源", "name": "码上👓香-Ikun资源(切片)", "type": 0, "api": "./sites/码上👓香/", "searchable": 1, "quickSearch": 1}], "parses": [{"name": "解析聚合", "type": 3, "url": "Demo"}, {"name": "并发", "type": 2, "url": "Parallel"}, {"name": "轮询", "type": 2, "url": "Sequence"}, {"name": "自动解析", "type": 1, "url": "https://api.tyun77.cn/api.php/provide/parseDicturl?url=", "ext": {"flag": ["qq", "腾讯", "qiyi", "爱奇艺", "奇艺", "youku", "优酷", "sohu", "搜狐", "letv", "乐视", "mgtv", "芒果", "imgo", "rx", "ltnb", "bilibili", "1905", "xigua"]}}, {"name": "手动解析", "type": 1, "url": "https://www.playm3u8.cn/jiexi.php?url=", "ext": {"flag": ["qq", "腾讯", "qiyi", "iqiyi", "爱奇艺", "奇艺", "youku", "优酷", "mgtv", "芒果", "letv", "乐视", "pptv", "PPTV", "sohu", "bilibili", "哔哩哔哩", "哔哩"]}}, {"name": "1号线", "type": 0, "url": "https://vip.lianfaka.com/vip/?url=", "ext": {"flag": ["qq", "腾讯", "qiyi", "爱奇艺", "奇艺", "youku", "优酷", "mgtv", "芒果", "letv", "乐视", "pptv", "PPTV", "sohu", "bilibili", "哔哩哔哩", "哔哩"], "header": {"User-Agent": "okhttp/4.1.0"}}}, {"name": "2号线", "type": 0, "url": "https://jx.777jiexi.com/player/?url="}, {"name": "3号线", "type": 0, "url": "https://jx.xmflv.com/?url="}, {"name": "4号线", "type": 0, "url": "https://www.pouyun.com/?url="}, {"name": "5号线", "type": 0, "url": "https://api.jiexi.la/?url="}, {"name": "6号线", "type": 0, "url": "https://www.pangujiexi.com/pangu/?url="}, {"name": "7号线", "type": 0, "url": "https://parse.mw0.cc/?url="}, {"name": "8号线", "type": 0, "url": "https://jx.iztyy.com/svip/?url="}, {"name": "9号线", "type": 0, "url": "https://jx.ppflv.com/?url="}, {"name": "10号线", "type": 0, "url": "https://jx.m3u8.tv/jiexi/?url="}, {"name": "11号线", "type": 0, "url": "https://jx.xyflv.com/?url="}, {"name": "12号线", "type": 0, "url": "https://jx.jsonplayer.com/player/?url="}, {"name": "13号线", "type": 0, "url": "https://jx.bozrc.com:4433/player/?url="}, {"name": "14号线", "type": 0, "url": "https://jx.parwix.com:4433/player/analysis.php?v=", "ext": {"flag": ["qq", "腾讯", "qiyi", "iqiyi", "爱奇艺", "奇艺", "youku", "优酷", "mgtv", "芒果", "letv", "乐视", "pptv", "PPTV", "sohu", "bilibili", "哔哩哔哩", "哔哩"]}}, {"name": "15号线", "type": 0, "url": "https://www.nxflv.com/?url="}, {"name": "16号线", "type": 0, "url": "https://www.yemu.xyz/?url=", "ext": {"flag": ["qq", "腾讯", "qiyi", "iqiyi", "爱奇艺", "奇艺", "youku", "优酷", "mgtv", "芒果", "letv", "乐视", "pptv", "PPTV", "sohu", "bilibili", "哔哩哔哩", "哔哩"]}}, {"name": "17号线", "type": 0, "url": "https://jx.zhanlangbu.com/?url=", "ext": {"header": {"User-Agent": "okhttp/4.1.0"}, "flag": ["qq", "腾讯", "qiyi", "爱奇艺", "奇艺", "youku", "优酷", "mgtv", "芒果", "letv", "乐视", "pptv", "PPTV", "sohu", "bilibili", "哔哩哔哩", "哔哩"]}}, {"name": "18号线", "type": 0, "url": "https://jx.m3u8.pw/?url="}, {"name": "Web聚合", "type": 3, "url": "Web"}, {"name": "-咸鱼-", "type": 0, "url": "https://jx.xyflv.cc/?url=", "ext": {"header": {"user-agent": "Mozilla/5.0 (Linux; Android 13; V2049A Build/TP1A.220624.014; wv) AppleWebKit/537.36 (KHTML, like Gecko) Version/4.0 Chrome/116.0.0.0 Mobile Safari/537.36", "referer": "https://www.xyflv.cc/"}}}, {"name": "-虾米-", "type": 0, "url": "https://jx.xmflv.com/?url=", "ext": {"header": {"user-agent": "Mozilla/5.0 (Windows NT 10.0; Win64; x64) AppleWebKit/537.36 (KHTML, like Gecko) Chrome/110.0.0.0 Safari/537.36 Edg/110.0.1587.57"}}}, {"name": "-爱酷-", "type": 0, "url": "https://jx.zhanlangbu.com/?url=", "ext": {"flag": ["qq", "腾讯", "qiyi", "爱奇艺", "奇艺", "youku", "优酷", "mgtv", "芒果", "letv", "乐视", "pptv", "PPTV", "sohu", "bilibili", "哔哩哔哩", "哔哩"], "ext": {"header": {"user-agent": "Mozilla/5.0 (Linux; Android 13; V2049A Build/TP1A.220624.014; wv) AppleWebKit/537.36 (KHTML, like Gecko) Version/4.0 Chrome/116.0.0.0 Mobile Safari/537.36"}}}}, {"name": "-云解析-", "type": 0, "url": "https://jx.yparse.com/index.php?url=", "ext": {"header": {"user-agent": "Mozilla/5.0 (Linux; Android 13; V2049A Build/TP1A.220624.014; wv) AppleWebKit/537.36 (KHTML, like Gecko) Version/4.0 Chrome/116.0.0.0 Mobile Safari/537.36"}}}, {"name": "-777-", "type": 0, "url": "https://jx.jsonplayer.com/player/?url=", "ext": {"header": {"user-agent": "Mozilla/5.0 (Linux; Android 13; V2049A Build/TP1A.220624.014; wv) AppleWebKit/537.36 (KHTML, like Gecko) Version/4.0 Chrome/116.0.0.0 Mobile Safari/537.36"}}}, {"name": "-剖云-", "type": 0, "url": "https://www.kkvip2022.com/vip/jiexi1/?url=", "ext": {"header": {"user-agent": "Mozilla/5.0 (Linux; Android 13; V2049A Build/TP1A.220624.014; wv) AppleWebKit/537.36 (KHTML, like Gecko) Version/4.0 Chrome/116.0.0.0 Mobile Safari/537.36"}}}, {"name": "-全看-", "type": 0, "url": "https://jx.quankan.app/?url=", "ext": {"header": {"user-agent": "Mozilla/5.0 (Linux; Android 13; V2049A Build/TP1A.220624.014; wv) AppleWebKit/537.36 (KHTML, like Gecko) Version/4.0 Chrome/116.0.0.0 Mobile Safari/537.36"}}}, {"name": "-爱豆-", "type": 0, "url": "https://jx.aidouer.net/?url=", "ext": {"header": {"user-agent": "Mozilla/5.0 (Linux; Android 13; V2049A Build/TP1A.220624.014; wv) AppleWebKit/537.36 (KHTML, like Gecko) Version/4.0 Chrome/116.0.0.0 Mobile Safari/537.36", "referer": "https://jiejie.uk/"}}}], "rules": [{"name": "wowo", "hosts": ["vip.123pan.cn", "rescdn.wuxivlog.cn"], "regex": []}, {"name": "CL", "hosts": ["magnet"], "regex": ["最 新", "直 播", "更 新"]}, {"name": "锁你", "hosts": ["suonizy"], "regex": ["15.1666"]}, {"name": "抱疯", "hosts": ["bfzy"], "regex": []}, {"name": "亮子", "hosts": ["vip.lz", "hd.lz", "v.cdnlz"], "regex": []}, {"name": "飞幡", "hosts": ["vip.ffzy", "hd.ffzy"], "regex": []}, {"name": "伙散", "hosts": ["huoshan.com"], "regex": ["item_id="]}, {"name": "痘印", "hosts": ["douyin.com"], "regex": ["is_play_url="]}, {"name": "农民", "hosts": ["toutiaovod.com"], "regex": ["video/tos/cn"]}, {"host": "www.iesdouyin.com", "rule": ["playwm/?video_id="]}, {"host": "www.ysgc.vip", "rule": ["getm3u8?url=http"]}, {"host": "v.douyin.com", "rule": ["playwm/?video_id="]}, {"host": "dyxs20.com", "rule": [".m3u8"]}, {"host": "www.agemys.cc", "rule": ["cdn-tos", "obj/tos-cn"]}, {"name": "磁力广告", "hosts": ["magnet"], "regex": ["更多", "请访问", "example", "社 區", "x u u", "最 新", "直 播", "更 新", "社 区", "有 趣", "英皇体育", "全中文AV在线", "澳门皇冠赌场", "哥哥快来", "美女荷官", "裸聊", "新片首发", "UUE29"]}], "flags": ["leshi", "优酷", "搜 狐", "imgo", "乐视", "wasu", "letv", "腾讯视频", "搜狐视频", "m1905", "腾讯", "tudou", "qq", "bilibili", "pptv", "搜狐", "爱奇艺", "芒果", "奇艺", "爱 奇 艺", "哔 哩 哔 哩", "youku", "qiyi", "renrenmi", "优酷视频", "腾 讯", "iqiyi", "mgtv", "芒果TV", "sohu", "优 酷", "xigua", "哔 哩", "乐 视", "芒 果 T V"], "ads": ["iqiyi.hbuioo.com", "mc.usihnbcq.cn", "s13.cnzz.com", ".*boku.*", "z8.cnzz.com", "s4.cnzz.com", ".*ulivetv.*", "haiwaikan.com", "c.cnzz.com", "tj.tianwenhu.com", "xg.huataisangao.cn", "c.olddddd.com", "wan.51img1.com", "cdn.iz8qkg.com", "z12.cnzz.com", "qiu.xixiqiu.com", "www.baihuillq.com", "mav.mavuz.com", "s19.cnzz.com", "tips.gamevvip.com", "sp.chemacid.cn", "z1.cnzz.com", "ae01.alicdn.com", "cnzz.hhttm.top", "cdnjs.hnfenxun.com", "c.biggggg.com", "z2.cnzz.com", "www.92424.cn", "cms.qdwght.com", "xomk.jiangjunmh.top", "cdn.v82u1l.com", "z5.cnzz.com", "tp.vinuxhome.com", "z7.cnzz.com", "thy.dacedsfa.cn", "vip.ffzyad.com", ".*nivod.*", "xdn.cqqc3.com", "www.jixunkyy.cn", "z6.cnzz.com", "ppl.xunzhuo123.com", "vivovip.mmszxc.top", "api.htpan.net", "ehwe.yhdtns.com", "q11.cnzz.com", "www.google-analytics.com", "youtube.com", "uhibo.com", "raw.githubusercontent.com", "s23.cnzz.com", "hm.baidu.com", "googlevideo.com", "s9.cnzz.com", "www.histar.tv", "wofwk.aoidf3.com", "cdn.kin6c1.com", "k.wudejia.com", "f5w.as12df.top", "img.xunzhuo123.com", "stj.v1vo.top", "xg.whsbpw.cn", "www.googletagmanager.com", "xg.gars57.cn", "xc.hubeijieshikj.cn", "mscs.svaeuzh.cn", "um.cavuc.com", "img.mosflower.cn", "mimg.0c1q0l.cn", "s96.cnzz.com", "mg.g1mm3d.cn", "https://lf1-cdn-tos.bytegoofy.com/obj/tos-cn-i-dy/455ccf9e8ae744378118e4bd289288dd", "cnzz.mmstat.com", "cdn.bootcss.com", "k.jinxiuzhilv.com", "z3.cnzz.com"]}