{
	"ua": "Mozilla/5.0 (Windows NT 10.0; Win64; x64) AppleWebKit/537.36 (KHTML, like Gecko) Chrome/107.0.0.0 Safari/537.36 Edg/107.0.1418.42",
    // 首页地址 用于获取 分类和首页推荐
	"homeUrl": "https://wnvod.com/",
    // 手动设置分类，如果手动设置了分类则不使用上面的分类xpath获取分类  例如 "cateManual": {"电影": "1", "电视剧": "2"},
	"cateManual": {"电影":"dianying","电视剧":"lianxuju","综艺":"zongyi"},
    // 分类页地址 {cateId} 分类id {catePg} 当前页
	"cateUrl": "https://wnvod.com/show/{cateId}--------{catePg}---.html",
    // 同上面的homeVod字段 分类列表中的视频信息
	"cateVodNode": "//ul[@class='myui-vodlist clearfix']/li",
	"cateVodName": "/div/a/@title",
	"cateVodId": "/div/a/@href",
	"cateVodImg": "/div/a/@data-original",
	"cateVodImgR": "\\S+(http\\S+)",
	"cateVodMark": "/div/a/span/span/text()",
    // 详情页地址 用于获取详情页信息 及 播放列表和地址
	"dtUrl": "https://wnvod.com/{vid}",
    // 详情节点
	"dtNode": "//div[contains(@class,'myui-content__detail')]",
    // 视频名
	"dtName": "/h1/text()",
	    // 视频图片
	"dtImg": "/../div[contains(@class,'myui-content__thumb')]/a/img/@src",
	"dtImgR": "https://wnvod.com{Img}",
    // 视频分类
	"dtCate": "//span[contains(text(), '分类')]/following-sibling::a/text()",
	"dtCateR": "",
    // 视频年份
	"dtYear": "//span[contains(text(), '年份')]/following-sibling::a/text()",
	"dtYearR": "",
    // 视频地区
	"dtArea": "//span[contains(text(), '地区')]/following-sibling::a/text()",
	"dtAreaR": "",
    // 视频状态
	"dtMark": "",
	"dtMarkR": "",
    // 主演
	"dtActor": "//span[contains(text(), '主演')]/following-sibling::a/text()",
	"dtActorR": "",
    // 导演
	"dtDirector": "//span[contains(text(), '导演')]/following-sibling::a/text()",
	"dtDirectorR": "",
    // 视频简介
	"dtDesc": "//span[@class='sketch content']/text()",
	"dtDescR": "",
    // 播放源节点
	"dtFromNode": "//h3[contains(text(), '播放地址')]//following-sibling::ul/li",
    // 播放源名称
	"dtFromName": "/a/text()",
    // 二次处理正则
	"dtFromNameR": "",
    // 播放列表节点  ///../../following-sibling::div/ul
	"dtUrlNode": "//div[@class='tab-content myui-panel_bd']/div",
    // 播放地址节点
	"dtUrlSubNode": "/ul/li/a",
    // 播放地址
	"dtUrlId": "@href",
    // 二次处理正则
	"dtUrlIdR": "",
    // 剧集名称
	"dtUrlName": "/text()",
    // 二次处理正则
	"dtUrlNameR": "",
	// 播放页面的地址 {playUrl} 对应上面 dtUrlId 获取到的地址
	"playUrl": "https://wnvod.com/{playUrl}",
		// 搜索地址
	"searchUrl": "https://wnvod.com/search/-------------.html?wd={wd}&submit=",
    // 同上面的homeVod字段 搜索结果中的视频信息, 这里有对苹果cms suggest搜索接口的特殊支持，参考示例中的极品影视
	"scVodNode": "//ul[@id='searchList']/li",
	"scVodName": "/div[@class='thumb']/a/@title",
	"scVodId": "/div[@class='thumb']/a/@href",
	"scVodIdR": "",
	"scVodImg": "/div[@class='thumb']/a/@data-original",
	"scVodMark": "/div[@class='thumb']/a/span[2]/span/text()"
}