    {
    
    "作者":"荷城茶秀",
    
    "站名":"电影盒子",
    
    "主页url":"http://m.dyhz3.com/",
    
    "简介":"【4K版影音天堂App】下载地址tvbox.vip公众号：影音天堂。+无法获取剧情简介…",
    
    "影片状态":"text-nowrap\">*<small>&&</h2>",
    
    "影片类型":"类型：&&</dd>",
    
    "搜索url":"/index.php?s=vod-search-name;post;wd={wd}",
    
    "线路数组":"glyphicon glyphicon-facetime-video ff-text\">&&/h2>",
    
    "线路标题":"🌸荷城茶秀接口🌸+</span>&&<",
    
    "播放数组":"list-unstyled row text-center ff-playurl-line ff-playurl\"&&</ul>",
    
    "分类url":"http://m.dyhz3.com/list-select-id-{cateId}-type-{class}-area-{area}-year-{year}-star--state--order-{by}-p-{catePg}.html;;akd0",
    
    "分类":"电影$1#电视剧$2#综艺$4#动漫$3",
    
    "筛选":{
    "1":[
    {"key":"class","name":"剧情","value":[
    {"n":"全部剧情","v":""},
    {"n":"喜剧","v":"喜剧"},
    {"n":"爱情","v":"爱情"},
    {"n":"恐怖","v":"恐怖"},
    {"n":"动作","v":"动作"},
    {"n":"科幻","v":"科幻"},
    {"n":"灾难","v":"灾难"},
    {"n":"剧情","v":"剧情"},
    {"n":"战争","v":"战争"},
    {"n":"警匪","v":"警匪"},
    {"n":"犯罪","v":"犯罪"},
    {"n":"动画","v":"动画"},
    {"n":"奇幻","v":"奇幻"},
    {"n":"武侠","v":"武侠"},
    {"n":"冒险","v":"冒险"},
    {"n":"枪战","v":"枪战"}
    ]
    },
    {"key":"area","name":"地区","value":[
    {"n":"全部地区","v":""},
    {"n":"内地","v":"内地"},
    {"n":"美国","v":"美国"},
    {"n":"香港","v":"香港"},
    {"n":"台湾","v":"台湾"},
    {"n":"韩国","v":"韩国"},
    {"n":"日本","v":"日本"},
    {"n":"法国","v":"法国"},
    {"n":"英国","v":"英国"},
    {"n":"德国","v":"德国"},
    {"n":"加拿大","v":"加拿大"},
    {"n":"泰国","v":"泰国"},
    {"n":"印度","v":"印度"},
    {"n":"新加坡","v":"新加坡"},
    {"n":"俄罗斯","v":"俄罗斯"},
    {"n":"西班牙","v":"西班牙"}
    ]
    },
    {"key":"year","name":"时间","value":[
    {"n":"全部时间","v":""},
    {"n":"2023","v":"2023"},
    {"n":"2022","v":"2022"},
    {"n":"2021","v":"2021"},
    {"n":"2020","v":"2020"},
    {"n":"2019","v":"2019"},
    {"n":"2018","v":"2018"},
    {"n":"2017","v":"2017"},
    {"n":"2010-2000","v":"2010-2000"},
    {"n":"90年代","v":"90年代"},
    {"n":"更早","v":"更早"}
    ]
    },
    {"key":"by","name":"排序","value":[
    {"n":"全部排序","v":""},
    {"n":"最近热播","v":"hits"},
    {"n":"最新上映","v":"addtime"},
    {"n":"点赞最多","v":"up"}
    ]
    }
    ],
    "2":[
    {"key":"class","name":"剧情","value":[
    {"n":"全部剧情","v":""},
    {"n":"言情","v":"言情"},
    {"n":"爱情","v":"爱情"},
    {"n":"偶像","v":"偶像"},
    {"n":"都市","v":"都市"},
    {"n":"穿越","v":"穿越"},
    {"n":"罪案","v":"罪案"},
    {"n":"冒险","v":"冒险"},
    {"n":"自制剧","v":"自制剧"},
    {"n":"战争","v":"战争"},
    {"n":"悬疑","v":"悬疑"},
    {"n":"恐怖","v":"恐怖"},
    {"n":"惊悚","v":"惊悚"},
    {"n":"网络剧","v":"网络剧"},
    {"n":"警匪","v":"警匪"}
    ]
    },
    {"key":"area","name":"地区","value":[
    {"n":"全部地区","v":""},
    {"n":"内地","v":"内地"},
    {"n":"台湾","v":"台湾"},
    {"n":"香港","v":"香港"},
    {"n":"韩国","v":"韩国"},
    {"n":"美国","v":"美国"},
    {"n":"泰国","v":"泰国"},
    {"n":"日本","v":"日本"},
    {"n":"英国","v":"英国"},
    {"n":"新加坡","v":"新加坡"},
    {"n":"其它","v":"其它"}
    ]
    },
    {"key":"year","name":"时间","value":[
    {"n":"全部时间","v":""},
    {"n":"2023","v":"2023"},
    {"n":"2022","v":"2022"},
    {"n":"2021","v":"2021"},
    {"n":"2020","v":"2020"},
    {"n":"2019","v":"2019"},
    {"n":"2018","v":"2018"},
    {"n":"2017","v":"2017"},
    {"n":"2010-2000","v":"2010-2000"},
    {"n":"90年代","v":"90年代"},
    {"n":"更早","v":"更早"}
    ]
    },
    {"key":"by","name":"排序","value":[
    {"n":"全部排序","v":""},
    {"n":"最近热播","v":"hits"},
    {"n":"最新上映","v":"addtime"},
    {"n":"点赞最多","v":"up"}
    ]
    }
    ],
    "3":[
    {"key":"class","name":"剧情","value":[
    {"n":"全部地区","v":""},
    {"n":"热血","v":"热血"},
    {"n":"动作","v":"动作"},
    {"n":"冒险","v":"冒险"},
    {"n":"悬疑","v":"悬疑"},
    {"n":"爱情","v":"爱情"},
    {"n":"搞笑","v":"搞笑"},
    {"n":"美女","v":"美女"},
    {"n":"少儿","v":"少儿"},
    {"n":"亲子","v":"亲子"},
    {"n":"魔法","v":"魔法"},
    {"n":"运动","v":"运动"},
    {"n":"机战","v":"机战"},
    {"n":"科幻","v":"科幻"},
    {"n":"校园","v":"校园"},
    {"n":"动物","v":"动物"}
    ]
    },
    {"key":"area","name":"地区","value":[
    {"n":"全部地区","v":""},
    {"n":"内地","v":"内地"},
    {"n":"日本","v":"日本"},
    {"n":"美国","v":"美国"},
    {"n":"韩国","v":"韩国"},
    {"n":"台湾","v":"台湾"},
    {"n":"香港","v":"香港"}
    ]
    },
    {"key":"year","name":"时间","value":[
    {"n":"全部时间","v":""},
    {"n":"2023","v":"2023"},
    {"n":"2022","v":"2022"},
    {"n":"2021","v":"2021"},
    {"n":"2020","v":"2020"},
    {"n":"2019","v":"2019"},
    {"n":"2018","v":"2018"},
    {"n":"2017","v":"2017"},
    {"n":"2010-2000","v":"2010-2000"},
    {"n":"90年代","v":"90年代"},
    {"n":"更早","v":"更早"}
    ]
    },
    {"key":"by","name":"排序","value":[
    {"n":"全部排序","v":""},
    {"n":"最近热播","v":"hits"},
    {"n":"最新上映","v":"addtime"},
    {"n":"点赞最多","v":"up"}
    ]
    }
    ],
    "4":[
    {"key":"class","name":"剧情","value":[
    {"n":"全部剧情","v":""},
    {"n":"脱口秀","v":"脱口秀"},
    {"n":"真人秀","v":"真人秀"},
    {"n":"选秀","v":"选秀"},
    {"n":"美食","v":"美食"},
    {"n":"旅游","v":"旅游"},
    {"n":"汽车","v":"汽车"},
    {"n":"访谈","v":"访谈"},
    {"n":"纪实","v":"纪实"},
    {"n":"搞笑","v":"搞笑"},
    {"n":"情感","v":"情感"},
    {"n":"游戏","v":"游戏"},
    {"n":"职场","v":"职场"},
    {"n":"娱乐","v":"娱乐"},
    {"n":"资讯","v":"资讯"},
    {"n":"音乐","v":"音乐"}
    ]
    },
    {"key":"area","name":"地区","value":[
    {"n":"全部地区","v":""},
    {"n":"香港","v":"香港"},
    {"n":"美国","v":"美国"},
    {"n":"大陆","v":"大陆"},
    {"n":"韩国","v":"韩国"},
    {"n":"台湾","v":"台湾"},
    {"n":"日本","v":"日本"},
    {"n":"其他","v":"其他"}
    ]
    },
    {"key":"year","name":"时间","value":[
    {"n":"全部时间","v":""},
    {"n":"2023","v":"2023"},
    {"n":"2022","v":"2022"},
    {"n":"2021","v":"2021"},
    {"n":"2020","v":"2020"},
    {"n":"2019","v":"2019"},
    {"n":"2018","v":"2018"},
    {"n":"2017","v":"2017"},
    {"n":"2010-2000","v":"2010-2000"},
    {"n":"90年代","v":"90年代"},
    {"n":"更早","v":"更早"}
    ]
    },
    {"key":"by","name":"排序","value":[
    {"n":"全部排序","v":""},
    {"n":"最近热播","v":"hits"},
    {"n":"最新上映","v":"addtime"},
    {"n":"点赞最多","v":"up"}
    ]
    }
    ]
    }
    }
