{
    "规则名": "锐行加速影院",
    "规则作者": "香雅情",
    "请求头参数": "MOBILE_UA",
    "网页编码格式": "UTF-8",
    "图片是否需要代理": "否",
    "是否开启获取首页数据": "1",
    "首页推荐链接": "http://www.se9913.com",
    "首页列表数组规则": "body&&.module-items:has(.module-item-pic)",
    "首页片单列表数组规则": ".module-item",
    "首页片单是否Jsoup写法": "1",
    "分类起始页码": "1",
    "分类链接": "http://www.se9913.com/vod/show/by/{by}/class/{class}/id/{cateId}/page/{catePg}/year/{year}.html",
    "分类名称": "电影&剧集&动漫&综艺",
    "分类名称替换词": "1&2&4&3",
    "筛选数据": "ext",
    //{cateId}
    "筛选子分类名称": "动作&喜剧&爱情&科幻&恐怖&剧情&战争&悬疑&惊悚&犯罪&冒险&动画&武侠&奇幻&记录||印泰&国产&港台&日韩&欧美",
    "筛选子分类替换词": "6&7&8&9&10&11&12&23&20&21&22&24&25&26&27||31&13&14&15&16",
    //{class}
    "筛选类型名称": "喜剧&爱情&恐怖&动作&科幻&剧情&战争&警匪&犯罪&动画&奇幻&武侠&冒险&枪战&恐怖&悬疑&惊悚&经典&青春&文艺&微电影&古装&历史&运动&农村&儿童&网络电影||古装&战争&青春偶像&喜剧&家庭&犯罪&动作&奇幻&剧情&历史&经典&乡村&情景&商战&网剧&其他||情感&科幻&热血&推理&搞笑&冒险&萝莉&校园&动作&机战&运动&战争&少年&少女&社会&原创&亲子&益智&励志&其他||选秀&情感&访谈&播报&旅游&音乐&美食&纪实&曲艺&生活&游戏互动&财经&求职",
    "筛选类型替换词": "*",
    //{area}
    "筛选地区名称": "",
    "筛选地区替换词": "*",
    //{year}
    "筛选年份名称": "",
    "筛选年份替换词": "*",
    //{lang}
    "筛选语言名称": "",
    "筛选语言替换词": "*",
    //{by}
    "筛选排序名称": "时间排序&人气排序&评分排序",
    "筛选排序替换词": "time&hits&score",
    "分类截取模式": "1",
    "分类列表数组规则": ".module-items&&.module-item",
    "分类片单是否Jsoup写法": "是",
    "分类片单标题": ".module-item-titlebox&&Text",
    "分类片单链接": "a&&href",
    "分类片单图片": ".lazyloaded&&data-src",
    "分类片单副标题": ".module-item-text&&Text",
    "分类片单链接加前缀": "http://www.se9913.com",
    "分类片单链接加后缀": "",
    "搜索请求头参数": "User-Agent$MOBILE_UA",
    "搜索链接": "http://www.se9913.com/vod/search.html?wd={wd}",
    "POST请求数据": "",
    "搜索截取模式": "1",
    "搜索列表数组规则": ".module-items&&.module-search-item",
    "搜索片单是否Jsoup写法": "是",
    "搜索片单图片": ".lazyload&&data-src",
    "搜索片单标题": "h3&&Text",
    "搜索片单链接": "a&&href",
    "搜索片单副标题": ".video-serial&&Text",
    "搜索片单链接加前缀": "http://www.se9913.com",
    "搜索片单链接加后缀": "",
    "链接是否直接播放": "否",
    "直接播放链接加前缀": "",
    "直接播放链接加后缀": "",
    "直接播放直链视频请求头": "",
    "详情是否Jsoup写法": "是",
    "类型详情": "",
    "年代详情": ".video-info-items,2&&Text",
    "地区详情": "",
    "演员详情": ".video-info-items,1&&Text",
    "简介详情": ".video-info-content&&Text",
    "线路列表数组规则": ".module-tab-content&&.module-tab-item",
    "线路标题": "Text",
    "播放列表数组规则": "body&&.module-player-list",
    "选集列表数组规则": ".scroll-content&&a",
    "选集标题链接是否Jsoup写法": "是",
    "选集标题": "a&&Text",
    "选集链接": "a&&href",
    "是否反转选集序列": "否",
    "选集链接加前缀": "http://www.se9913.com",
    "选集链接加后缀": "",
    "分析MacPlayer": "2",
    "是否开启手动嗅探": "1",
    "手动嗅探视频链接关键词": ".mp4#.m3u8#.flv#video/tos",
    "手动嗅探视频链接过滤词": ".html#=http"
}