{
    "规则名": "云盘论坛",
    "规则作者": "",
    "请求头参数": "User-Agent$Mozilla/5.0 (iPhone; CPU iPhone OS 13_2_3 like Mac OS X) AppleWebKit/605.1.15 (KHTML, like Gecko) Version/13.0.3 Mobile/15E148 Safari/604.1#Cookie$bbs_sid=5npbqdo036fgd362kq4rl34j22$bbs_token=zzASNHG9Tr95D26kdNWnrx4Ig78W68SQS9dFwnQ2xPeQiQiq",
    "网页编码格式": "UTF-8",
    "图片是否需要代理": "0",
    "是否开启获取首页数据": "1",
    "首页推荐链接": " https://aliwp.cn/",
    "首页列表数组规则": "body&&.img",
    "首页片单列表数组规则": ".img",
    "首页片单是否Jsoup写法": "1",
    "分类起始页码": "1",
    "分类链接": "https://aliwp.cn/forum.php?mod=forumdisplay&fid={cateId}&page={catePg}&mobile=2",
    "分类名称": "影视电视&音乐&教程",
    "分类名称替换词": "37&47&45",
    "筛选数据": {},
    //"筛选数据": "ext",
    //{cateId}
    "筛选子分类名称": "",
    "筛选子分类替换词": "",
    //{class}
    "筛选类型名称": "",
    "筛选类型替换词": "*",
    //{area}
    "筛选地区名称": "",
    "筛选地区替换词": "*",
    //{year}
    "筛选年份名称": "",
    "筛选年份替换词": "*",
    //{lang}
    "筛选语言名称": "",
    "筛选语言替换词": "*",
    //{by}
    "筛选排序名称": "时间&人气&评分",
    "筛选排序替换词": "time&hits&score",
    "分类截取模式": "1",
    "分类列表数组规则": "body&&.threadlist&&ul&&li",
    "分类片单是否Jsoup写法": "1",
    "分类片单标题": "a,0&&Text",
    "分类片单链接": "a,0&&href",
    "分类片单图片": "https://inews.gtimg.com/newsapp_bt/0/13263837859/1000",
    "分类片单副标题": "",
    "分类片单链接加前缀": "https://aliwp.cn/",
    "分类片单链接加后缀": "",
    "搜索请求头参数": "User-Agent$Mozilla/5.0 (iPhone; CPU iPhone OS 13_2_3 like Mac OS X) AppleWebKit/605.1.15 (KHTML, like Gecko) Version/13.0.3 Mobile/15E148 Safari/604.1",
    "搜索链接": "https://aliwp.cn/search.php?mod=forum&amp;mobile=2;post",
    "POST请求数据": "srchtxt={wd}&searchsubmit=yes",
    "搜索截取模式": "1",
    "搜索列表数组规则":  "body&&.threadlist&&ul&&li",
    "搜索片单是否Jsoup写法": "1",
    "搜索片单图片":  "https://inews.gtimg.com/newsapp_bt/0/13263837859/1000",
    "搜索片单标题":"a,0&&Text",
    "搜索片单链接":"a,0&&href",
    "搜索片单副标题": "",
    "搜索片单链接加前缀": "https://aliwp.cn/",
    "搜索片单链接加后缀": "",
    "链接是否直接播放": "0",
    "直接播放链接加前缀": "",
    "直接播放链接加后缀": "",
    "直接播放直链视频请求头": "",
    "详情是否Jsoup写法": "1",
    "类型详情": "",
    "年代详情": "",
    "地区详情": "",
    "演员详情": "",
    "简介详情": "",
    "线路列表数组规则": "",
    "线路标题": "",
    "播放列表数组规则": "body&&a[href~=https://www.ali(pan|yundrive).com/s/]",
    "选集列表数组规则": "a",
    "选集标题链接是否Jsoup写法": "1",
    "选集标题": "",
    "选集链接": "a&&href",
    "是否反转选集序列": "0",
    "选集链接加前缀": "",
    "选集链接加后缀": "",
    "分析MacPlayer": "0",
    "是否开启手动嗅探": "0",
    "手动嗅探视频链接关键词": ".mp4#.m3u8#.flv#video/tos",
    "手动嗅探视频链接过滤词": ".html#=http"
}