{
    "站名": "萌猫影视",
    "主页url": "https://www.mervod.com",
    "副标题": "class=\"module-item-text\">&&</div",
    "导演": "导演：&&</div",
    "主演": "主演：&&</div",
    "简介": "<p>&&</p>",
    "嗅探词": ".mp4?#&dis_t#vkey=#.m3u8",
    "过滤词": "data.m3u8.in",
    "线路数组": "data-toggle=\"tab&&</li>",
    "线路标题": ">&&</a>",
    "播放数组": "stui-content__playlist clearfix column8&&/ul>",
    "播放列表": "<a&&</li>",
    "播放标题": "title=\"&&\"",
    "搜索url": "/rss.xml?wd={wd}",
    "搜索模式": "1",
    "搜索数组": "<item>&&</item>",
    "搜索链接": "<link>&&</link>",
    "搜索标题": "<title>&&</title>",
    "搜索副标题": "<author>&&</author>",
    "搜索图片": "http://m.ykimg.com/051000006495694A2B9D56092C0327B7",
    "请求头": "User-Agent$Mozilla/5.0 (iPhone; CPU iPhone OS 15_2 like Mac OS X) AppleWebKit/605.1.15 (KHTML, like Gecko) Version/14.0 Mobile/15E148 Safari/604.1",
    "搜索链接前缀": "https://www.mervod.com",
    "分类": "电影$1#电视剧$2#动漫$3#综艺$4",
    "分类url": "https://www.mervod.com/vodtype/{cateId}-{catePg}.html;;m"
    }