{
    "搜索请求头参数": "手机",
    "搜索链接": "https://www.nbeans.com/list?p=1&s={wd}",
    "POST请求数据": "",
    "搜索截取模式": "1",
    "搜索列表数组规则": ".postbox__area&&article",
    "搜索片单是否Jsoup写法": "1",
    "搜索片单图片": "https://inews.gtimg.com/newsapp_bt/0/13263837859/1000",
    "搜索片单标题": "h3&&a&&Text",
    "搜索片单链接": "h3&&a&&href",
    "搜索片单副标题": "",
    "搜索片单链接加前缀": "https://www.nbeans.com",
    "搜索片单链接加后缀": "",
    "详情是否Jsoup写法": "1",
    "类型详情": "",
    "年代详情": "",
    "地区详情": "",
    "演员详情": "",
    "简介详情": "",
    "线路列表数组规则": "",
    "线路标题": "",
    "播放列表数组规则": "body&&.postbox__details",
    "选集列表数组规则": "a[href~=https://www.ali(pan|yundrive).com/s/]",
    "选集标题链接是否Jsoup写法": "1",
    "选集标题": "a&&Text",
    "选集链接": "a&&href",
    "是否反转选集序列": "0",
    "选集链接加前缀": "",
    "选集链接加后缀": "",
    "分析MacPlayer": "",
    "是否开启手动嗅探": "0",
    "手动嗅探视频链接关键词": ".mp4#.m3u8#.flv#video/tos",
    "手动嗅探视频链接过滤词": ".html#=http"
}