{
    "作者": "码上插兜",
    "站名": "疯狗影视",
    "主页url": "https://m.fenggoudy3.com/",
    "简介": "请勿相信影片中的任何广告，以免上当受骗！+该站点无剧情介绍，暂时无法提供简介…",
    "数组": "<li class=\"col-xs-4\">&&/span>",
    "标题": "alt=\"&&\"",
    "副标题": "continu\">&&<",
    "图片": "data-original=\"&&\"",
    "链接": "href=\"&&\"",
    "搜索url": "/index.php?s=vod-search-name;post;wd={wd}",
    "线路数组": "glyphicon glyphicon-facetime-video ff-text\">&&</div>",
    "线路标题": "⏰码上时光机+</span>&&</h2>",
    "播放数组": "<ul class=\"list-unstyled row&&</ul>",
    "播放标题": ">&&<",
    "播放列表": "<a&&/a>",
    "分类url": "https://m.fenggoudy3.com/list-select-id-{cateId}-type-{class}-area-{area}-year-{year}-star--state--order-{by}-p-{catePg}.html;;akd0x",
    "分类": "电影$1#电视剧$2#综艺$3#动漫$4"
}