{
    "分类url": "https://www.freeok.vip/vod-show/{cateId}-{area}-------{catePg}---{year}.html;;ar1",
    "分类": "插兜的干货仓库&FREE剧集&FREE动漫&FREE综艺&FREE短剧&FREE少儿",
    "分类值": "1&2&3&4&12&5",
    "副标题": "<div class='module-item-note'>&&</div>",
    "嗅探词": "m3u8#.m3u8#.mp4#freeok.mp4#/obj/",
    "线路数组": "data-dropdown-value=&&</div>[不包含:夸克]",
    "线路标题": "⏰码上时光机:+<span>&&</small>",
    "导演": "导演：&&</div>",
    "主演": "主演：&&</div>",
    "简介": "⏰码上时光机:+<p>&&</p>"
}