{
  "vodPic": "https://x.imgs.ovh/x/2023/09/05/64f680bb030b4.png",
  "drives": [
                    {
                        "name": "🙋丫仙女",
                        "server": "http://alist.xiaoya.pro/"
                    },

                    {
                        "name": "🥮 合集",
                        "server": "http://www.jczyl.top:5244/"
                    },
                    {
                        "name": "🥮 东哥",
                        "server": "http://101.34.67.237:5244/"
                    },
                    {
                        "name": "🥮 美云",
                        "server": "https://h.dfjx.ltd/"
                    },
                    {
                        "name": "🥮 小新",
                        "server": "https://pan.cdnxin.top/"
                    },
                    {
                        "name": "🥮 白云",
                        "server": "http://breadmyth.asuscomm.com:22222/"
                    },
                    {
                        "name": "🥮 瑶瑶",
                        "server": "https://lyly.run.goorm.io/"
                    },
                    {
                        "name": "🥮 潇洒",
                        "server": "https://alist.azad.asia/"
                    },
                    {
                        "name": "🥮 罗汉",
                        "server": "https://lala-ofbip.run.goorm.site/"
                    },
                    {
                        "name": "🥮 福利",
                        "server": "http://69.161.221.160:5244/"
                    },
                    {
                        "name": "🥮 鹏程",
                        "server": "https://pan.pengcheng.team/"
                    },
                    {
                        "name": "🥮 浅唱",
                        "server": "http://vtok.pp.ua/"
                    },
                    {
                        "name": "🥮 触光",
                        "server": "https://pan.ichuguang.com"
                    },
                    {
                        "name": "🥮 星梦",
                        "server": "https://pan.bashroot.top"
                    },
                    {
                        "name": "🥮 弱水",
                        "server": "http://shicheng.wang:555/"
                    },
                    {
                        "name": "🥮 神器",
                        "server": "https://alist.ygxz.xyz/"
                    },
                    {
                        "name": "🥮 资源",
                        "server": "https://pan.ecve.cn/"
                    },
                    {
                        "name": "🥮 雨呢",
                        "server": "https://pan.clun.top/"
                    },
                    {
                        "name": "🥮 悦享",
                        "server": "https://nics.eu.org/"
                    },
                    {
                        "name": "🥮 分享",
                        "server": "https://ofoo.ml/"
                    },
                    {
                        "name": "🥮 PRO",
                        "server": "https://alist.prpr.run/"
                    },
                    {
                        "name": "🥮 小陈",
                        "server": "https://ypan.cc/"
                    },
                    {
                        "name": "🥮 七米",
                        "server": "https://al.chirmyram.com"
                    },
                    {
                        "name": "🥮 九帝",
                        "server": "https://alist.shenzjd.com"
                    },
                    {
                        "name": "🥮 白雪",
                        "server": "https://pan.jlbx.xyz"
                    },
                    {
                        "name": "🥮 星梦",
                        "server": "https://pan.bashroot.top"
                    },
                    {
                        "name": "🥮 讯维",
                        "server": "https://pan.xwbeta.com"
                    },
                    {
                        "name": "公众号：多多影音",
                        "server": "https://pan.xwbeta.com"
                    },







    {
      "name": "小雅",
      "server": "http://alist.xiaoya.pro"
    },
    {
      "name": "觸光",
      "server": "https://pan.ichuguang.com"
    },
    {
      "name": "一只魚",
      "server": "https://vtok.pp.ua/"
    },
    {
      "name": "七米藍",
      "server": "https://al.chirmyram.com"
    },
    {
      "name": "神族九帝",
      "server": "https://alist.shenzjd.com"
    },
    {
      "name": "梓澪",
      "server": "https://zi0.cc"
    },
    {
      "name": "範本",
      "server": "https://one.fongmi.com",
      "search": true,
      "hidden": false,
      "login": {
        "username": "fongmi",
        "password": "fongmi"
      },
      "params": [
        {
          "path": "/安齋拉拉",
          "pass": "18181818"
        }
      ]
    }
  ]
}
