{
  "classes": [
    {
      "type_name": "梅西",
      "type_id": "梅西"
    },
    
 {
      "type_name": "C罗",
      "type_id": "C罗"
    },
    {
      "type_name": "罗纳尔多",
      "type_id": "罗纳尔多"
    },
    {
      "type_name": "亨利",
      "type_id": "亨利"
    },
    {
      "type_name": "小罗",
      "type_id": "小罗"
    },
    {
      "type_name": "齐达内",
      "type_id": "齐达内"
    },
    {
      "type_name": "贝克汉姆",
      "type_id": "贝克汉姆"
    },

 {
      "type_name": "内马尔",
      "type_id": "内马尔"
    },
    {
      "type_name": "德布劳内",
      "type_id": "德布劳内"
    },
    {
      "type_name": "欧冠",
      "type_id": "欧冠"
    },
    {
      "type_name": "世界杯",
      "type_id": "世界杯"
    },
    {
      "type_name": "西甲",
      "type_id": "西甲"
    },
    {
      "type_name": "英超",
      "type_id": "英超"
    },

 {
      "type_name": "意甲",
      "type_id": "意甲"
    },
    {
      "type_name": "德甲",
      "type_id": "德甲"
    },
    {
      "type_name": "国米",
      "type_id": "国米"
    },
    {
      "type_name": "皇马",
      "type_id": "皇马"
    },
    {
      "type_name": "巴萨",
      "type_id": "巴萨"
    },

    {
      "type_name": "巴黎圣日耳曼",
      "type_id": "巴黎圣日耳曼"
    },
    {
      "type_name": "曼联",
      "type_id": "曼联"
    },
    {
      "type_name": "曼城",
      "type_id": "曼城"
    },
    {
      "type_name": "巴萨",
      "type_id": "巴萨"
    },
    {
      "type_name": "C罗",
      "type_id": "C罗"
    }
  ],
   "cookie": "SESSDATA=7624af93%2C1696008331%2C862c8%2A42; bili_jct=141a474ef3ce8cf2fedf384e68f6625d; DedeUserID=3493271303096985; DedeUserID__ckMd5=212a836c164605b7" 
 
  }