{"spider": "./custom_spider_20240310-232606.tms;md5;735145231e4b7e991af1e6ef3b4b6406", "wallpaper": "http://www.kf666888.cn/api/tvbox/img", "warningText": "插兜免费整理维护：资源来自网络，无盈利，纯技术分享，如有冒犯请联系删除。[所有内容仅供学习使用，请勿用于违法及商业用途，请勿付费购买]", "lives": [{"name": "live", "type": 0, "url": "响应政府号召, 加强行业自律,时光机数据源从23年11月21日起不提供直播服务。", "playerType": 1, "ua": "okhttp/3.12.13", "epg": "http://epg.112114.xyz/?ch={name}&date={date}", "logo": "https://epg.112114.xyz/logo/{name}.png"}], "sites": [{"key": "Douban", "name": "🚖本地版时光机💢v20240310-21", "type": 3, "api": "csp_Douban", "searchable": 0, "quickSearch": 0, "filterable": 1}, {"key": "Live2Vod2", "name": "🔥码上看直播", "type": 3, "api": "csp_Live2Vod", "searchable": 0, "changeable": 0, "ext": "./sites/码上/remote_live.json"}, {"key": "dr_码上看荐片", "name": "🔥码上看荐片", "type": 3, "api": "./sites/码上/merge.min.js", "searchable": 1, "playerType": 1, "quickSearch": 1, "filterable": 1, "ext": "./sites/码上/荐片.js"}, {"key": "dr_码上看低端", "name": "🔥码上看低端", "type": 3, "api": "./sites/码上/merge.min.js", "searchable": 1, "playerType": 2, "quickSearch": 1, "filterable": 1, "ext": "./sites/码上/低端影视.js"}, {"key": "xml_火狐", "name": "🔥码上看火狐", "type": 1, "style": {"type": "rect", "ratio": 0.8}, "api": "https://hhzyapi.com/api.php/provide/vod/?ac=list", "searchable": 1, "quickSearch": 0, "filterable": 1, "categories": ["动作片", "喜剧片", "爱情片", "科幻片", "恐怖片", "剧情片", "战争片", "悬疑片", "犯罪片", "奇幻片", "记录片", "动画片", "内地剧", "香港剧", "台湾剧", "日剧", "韩剧", "欧美剧", "马泰剧", "大陆综艺", "港台综艺", "日韩综艺", "欧美综艺", "中国动漫", "日本动漫", "欧美动漫"]}, {"key": "dr_码上看369", "name": "🔥码上看369", "type": 3, "api": "./sites/码上/merge.min.js", "searchable": 1, "playerType": 2, "quickSearch": 1, "filterable": 1, "ext": "./sites/码上/369影视.js"}, {"key": "dr_码上看尘落", "name": "🔥码上看尘落", "type": 3, "api": "./sites/码上/merge.min.js", "searchable": 1, "playerType": 2, "quickSearch": 0, "filterable": 1, "ext": "./sites/码上/尘落影视.js"}, {"key": "dr_码上看NY", "name": "🔥码上看NY", "type": 3, "api": "./sites/码上/merge.min.js", "searchable": 1, "playerType": 2, "quickSearch": 1, "filterable": 1, "ext": "./sites/码上/NY影院.js"}, {"key": "dr_码上看中国人", "name": "🔥码上看中国人", "type": 3, "api": "./sites/码上/merge.min.js", "searchable": 1, "playerType": 2, "quickSearch": 1, "filterable": 1, "ext": "./sites/码上/中国人.js"}, {"key": "dr_码上看18哈", "name": "🔥码上看18哈", "type": 3, "api": "./sites/码上/merge.min.js", "searchable": 1, "playerType": 2, "quickSearch": 1, "filterable": 1, "ext": "./sites/码上/18哈.js"}, {"key": "dr_码上看乐鱼", "name": "🔥码上看乐鱼", "type": 3, "api": "./sites/码上/merge.min.js", "searchable": 1, "playerType": 2, "quickSearch": 1, "filterable": 1, "ext": "./sites/码上/乐鱼.js"}, {"key": "dr_码上看大师兄", "name": "🔥码上看大师兄", "type": 3, "api": "./sites/码上/merge.min.js", "searchable": 1, "playerType": 2, "quickSearch": 1, "filterable": 1, "ext": "./sites/码上/大师兄.js"}, {"key": "dr_码上看动漫", "name": "🔥码上看动漫", "type": 3, "api": "./sites/码上/merge.min.js", "searchable": 0, "quickSearch": 0, "filterable": 1, "ext": "./sites/码上/哔哩影视.js"}, {"key": "dr_码上看NYA", "name": "🔥码上看NYA", "type": 3, "api": "./sites/码上/merge.min.js", "searchable": 1, "quickSearch": 1, "filterable": 1, "ext": "./sites/码上/NyaFun.js"}, {"key": "dr_码上看白白", "name": "🔥码上看白白", "type": 3, "api": "./sites/码上/merge.min.js", "searchable": 1, "quickSearch": 1, "filterable": 1, "ext": "./sites/码上/素白白.js"}, {"key": "dr_码上看农民", "name": "🔥码上看农民", "type": 3, "api": "./sites/码上/merge.min.js", "searchable": 1, "quickSearch": 1, "filterable": 1, "ext": "./sites/码上/农民影视.js"}, {"key": "dr_码上看网飞", "name": "🔥码上看网飞", "type": 3, "api": "./sites/码上/merge.min.js", "searchable": 1, "quickSearch": 1, "filterable": 1, "ext": "./sites/码上/网飞.TV.js"}, {"key": "jar_码上看Auete", "name": "🔥码上看Auete", "type": 3, "api": "./sites/码上/merge.min.js", "searchable": 1, "quickSearch": 1, "filterable": 1, "ext": "./sites/码上/Auete.js"}, {"key": "push_agent", "name": "🔥码上推送阿里云", "type": 3, "api": "csp_Push", "searchable": 0, "quickSearch": 0, "ext": "http://127.0.0.1:9978/file/tm/token.txt"}, {"key": "jar_码上看玩偶", "name": "码上测试-玩偶", "type": 3, "api": "csp_Wogg", "searchable": 1, "quickSearch": 1, "changeable": 0, "ext": {"token": "http://127.0.0.1:9978/file/tm/token.txt+4k|auto|fhd$$$https://api.wogg.xyz/$$$弹", "filter": "./sites/码上/wogg.json"}}, {"key": "🔥插兜的干货仓库", "name": "🔥插兜的干货仓库", "type": 3, "api": "csp_XPath", "searchable": 0, "quickSearch": 0}], "parses": [{"name": "哔哩", "url": "http://localhost:5705/parse/api/哔哩.js?url=", "type": 1, "ext": {"flag": ["bilibili"]}, "header": {"User-Agent": "Mozilla/5.0"}}, {"name": "轮询", "type": 2, "url": "Sequence", "header": {"User-Agent": "Mozilla/5.0"}}, {"name": "并发", "type": 2, "url": "Parallel", "header": {"User-Agent": "Mozilla/5.0"}}, {"name": "很牛逼", "url": "http://rxjx.kuanjv.com/allm3u8.php?url=", "type": 1, "ext": {"flag": ["qiyi", "imgo", "爱奇艺", "奇艺", "qq", "qq 预告及花絮", "腾讯", "youku", "优酷", "pptv", "PPTV", "letv", "乐视", "leshi", "mgtv", "芒果", "sohu", "xigua", "fun", "风行"]}, "header": {"User-Agent": "Mozilla/5.0"}}, {"name": "虾米", "url": "https://dm.xmflv.com:4433/?url=", "type": 0, "ext": {"flag": ["qiyi", "imgo", "爱奇艺", "奇艺", "qq", "qq 预告及花絮", "腾讯", "youku", "优酷", "pptv", "PPTV", "letv", "乐视", "leshi", "mgtv", "芒果", "sohu", "xigua", "fun", "风行"]}, "header": {"User-Agent": "Mozilla/5.0"}}, {"name": "左岸", "url": "https://jx.bozrc.com:4433/player/analysis.php?v=", "type": 0, "ext": {"flag": ["qiyi", "imgo", "爱奇艺", "奇艺", "qq", "qq 预告及花絮", "腾讯", "youku", "优酷", "pptv", "PPTV", "letv", "乐视", "leshi", "mgtv", "芒果", "sohu", "xigua", "fun", "风行"]}, "header": {"User-Agent": "Mozilla/5.0"}}, {"name": "全网通", "url": "http://jx.nikucms.com/pc/index6.php?url=", "type": 0, "ext": {"flag": ["qiyi", "imgo", "爱奇艺", "奇艺", "qq", "qq 预告及花絮", "腾讯", "youku", "优酷", "pptv", "PPTV", "letv", "乐视", "leshi", "mgtv", "芒果", "sohu", "xigua", "fun", "风行"]}, "header": {"User-Agent": "Mozilla/5.0"}}, {"name": "91", "url": "http://91fanli.top/m3u8/?url=", "type": 0, "ext": {"flag": ["qiyi", "imgo", "爱奇艺", "奇艺", "qq", "qq 预告及花絮", "腾讯", "youku", "优酷", "pptv", "PPTV", "letv", "乐视", "leshi", "mgtv", "芒果", "sohu", "xigua", "fun", "风行"]}, "header": {"User-Agent": "Mozilla/5.0"}}, {"name": "BT5V", "url": "https://rx.bt5v.com/json/jsonindex.php/?url=", "type": 1, "ext": {"flag": ["qiyi", "imgo", "爱奇艺", "奇艺", "qq", "qq 预告及花絮", "腾讯", "youku", "优酷", "pptv", "PPTV", "letv", "乐视", "leshi", "mgtv", "芒果", "sohu", "xigua", "fun", "风行"]}, "header": {"User-Agent": "Mozilla/5.0"}}, {"name": "GGTV搜集", "url": "https://play.fuqizhishi.com/juhe/API.php?appkey=caijijuhe220902&url=", "type": 1, "ext": {"flag": ["qiyi", "imgo", "爱奇艺", "奇艺", "qq", "qq 预告及花絮", "腾讯", "youku", "优酷", "pptv", "PPTV", "letv", "乐视", "leshi", "mgtv", "芒果", "sohu", "xigua", "fun", "风行"]}, "header": {"User-Agent": "Mozilla/5.0"}}, {"name": "CY", "url": "https://vip.cyu0.cn/home/api?type=ys&uid=1353484&key=efopqwABCLOTVYZ278&url=", "type": 1, "ext": {"flag": ["qiyi", "imgo", "爱奇艺", "奇艺", "qq", "qq 预告及花絮", "腾讯", "youku", "优酷", "pptv", "PPTV", "letv", "乐视", "leshi", "mgtv", "芒果", "sohu", "xigua", "fun", "风行"]}, "header": {"User-Agent": "Mozilla/5.0"}}, {"name": "ok解析", "url": "https://okjx.cc/?url=", "type": 0, "ext": {"flag": ["qiyi", "imgo", "爱奇艺", "奇艺", "qq", "qq 预告及花絮", "腾讯", "youku", "优酷", "pptv", "PPTV", "letv", "乐视", "leshi", "mgtv", "芒果", "sohu", "xigua", "fun", "风行"]}, "header": {"User-Agent": "Mozilla/5.0"}}, {"name": "全民1", "url": "http://api.wpsseo.cn/?v=", "type": 0, "ext": {"flag": ["qiyi", "imgo", "爱奇艺", "奇艺", "qq", "qq 预告及花絮", "腾讯", "youku", "优酷", "pptv", "PPTV", "letv", "乐视", "leshi", "mgtv", "芒果", "sohu", "xigua", "fun", "风行"]}, "header": {"User-Agent": "Mozilla/5.0"}}, {"name": "m3u8tv", "url": "https://jx.m3u8.tv/jiexi/?url=", "type": 0, "ext": {"flag": ["qiyi", "imgo", "爱奇艺", "奇艺", "qq", "qq 预告及花絮", "腾讯", "youku", "优酷", "pptv", "PPTV", "letv", "乐视", "leshi", "mgtv", "芒果", "sohu", "xigua", "fun", "风行"]}, "header": {"User-Agent": "Mozilla/5.0"}}, {"name": "Fosi", "url": "https://play.fositv.com/?url=", "type": 0, "ext": {"flag": ["qiyi", "imgo", "爱奇艺", "奇艺", "qq", "qq 预告及花絮", "腾讯", "youku", "优酷", "pptv", "PPTV", "letv", "乐视", "leshi", "mgtv", "芒果", "sohu", "xigua", "fun", "风行"]}, "header": {"User-Agent": "Mozilla/5.0"}}, {"name": "诺讯", "url": "https://www.nxflv.com/?url=", "type": 0, "ext": {"flag": ["qiyi", "imgo", "爱奇艺", "奇艺", "qq", "qq 预告及花絮", "腾讯", "youku", "优酷", "pptv", "PPTV", "letv", "乐视", "leshi", "mgtv", "芒果", "sohu", "xigua", "fun", "风行"]}, "header": {"User-Agent": "Mozilla/5.0"}}, {"name": "傻逼聊", "url": "https://svip.spchat.top/api/?key=O9HGeIVUqU3REsnmQP&url=", "type": 1, "ext": {"flag": ["qiyi", "imgo", "爱奇艺", "奇艺", "qq", "qq 预告及花絮", "腾讯", "youku", "优酷", "pptv", "PPTV", "letv", "乐视", "leshi", "mgtv", "芒果", "sohu", "xigua", "fun", "风行"]}, "header": {"User-Agent": "Mozilla/5.0"}}, {"name": "208", "url": "https://v.2080kk.com/home/api?type=ys&uid=1308653&key=behnpstwxBCHJMQ029&url=", "type": 1, "ext": {"flag": ["qiyi", "imgo", "爱奇艺", "奇艺", "qq", "qq 预告及花絮", "腾讯", "youku", "优酷", "pptv", "PPTV", "letv", "乐视", "leshi", "mgtv", "芒果", "sohu", "xigua", "fun", "风行"]}, "header": {"User-Agent": "Mozilla/5.0"}}, {"name": "8090", "url": "https://www.8090.la/8090/?url=", "type": 0, "ext": {"flag": ["qiyi", "imgo", "爱奇艺", "奇艺", "qq", "qq 预告及花絮", "腾讯", "youku", "优酷", "pptv", "PPTV", "letv", "乐视", "leshi", "mgtv", "芒果", "sohu", "xigua", "fun", "风行"]}, "header": {"User-Agent": "Mozilla/5.0"}}, {"name": "365", "url": "https://chaxun.Truechat365.com/?url=", "type": 0, "ext": {"flag": ["qiyi", "imgo", "爱奇艺", "奇艺", "qq", "qq 预告及花絮", "腾讯", "youku", "优酷", "pptv", "PPTV", "letv", "乐视", "leshi", "mgtv", "芒果", "sohu", "xigua", "fun", "风行"]}, "header": {"User-Agent": "Mozilla/5.0"}}, {"name": "无名2", "url": "https://h5.freejson.xyz/player/?url=", "type": 0, "ext": {"flag": ["qiyi", "imgo", "爱奇艺", "奇艺", "qq", "qq 预告及花絮", "腾讯", "youku", "优酷", "pptv", "PPTV", "letv", "乐视", "leshi", "mgtv", "芒果", "sohu", "xigua", "fun", "风行"]}, "header": {"User-Agent": "Mozilla/5.0"}}, {"name": "无名3", "url": "https://freejx.rx88.top:1234/?url=", "type": 0, "ext": {"flag": ["qiyi", "imgo", "爱奇艺", "奇艺", "qq", "qq 预告及花絮", "腾讯", "youku", "优酷", "pptv", "PPTV", "letv", "乐视", "leshi", "mgtv", "芒果", "sohu", "xigua", "fun", "风行"]}, "header": {"User-Agent": "Mozilla/5.0"}}, {"name": "猪蹄", "url": "https://jx.iztyy.com/svip/?url=", "type": 0, "ext": {"flag": ["qiyi", "imgo", "爱奇艺", "奇艺", "qq", "qq 预告及花絮", "腾讯", "youku", "优酷", "pptv", "PPTV", "letv", "乐视", "leshi", "mgtv", "芒果", "sohu", "xigua", "fun", "风行"]}, "header": {"User-Agent": "Mozilla/5.0"}}, {"name": "m2090", "url": "https://m2090.com/?url=", "type": 0, "ext": {"flag": ["qiyi", "imgo", "爱奇艺", "奇艺", "qq", "qq 预告及花絮", "腾讯", "youku", "优酷", "pptv", "PPTV", "letv", "乐视", "leshi", "mgtv", "芒果", "sohu", "xigua", "fun", "风行"]}, "header": {"User-Agent": "Mozilla/5.0"}}, {"name": "解析14", "url": "https://go.yh0523.cn/y.cy?url=", "type": 0, "ext": {"flag": ["qiyi", "imgo", "爱奇艺", "奇艺", "qq", "qq 预告及花絮", "腾讯", "youku", "优酷", "pptv", "PPTV", "letv", "乐视", "leshi", "mgtv", "芒果", "sohu", "xigua", "fun", "风行"]}, "header": {"User-Agent": "Mozilla/5.0"}}, {"name": "B站1", "url": "https://jx.bozrc.com:4433/player/?url=", "type": 0, "ext": {"flag": ["qiyi", "imgo", "爱奇艺", "奇艺", "qq", "qq 预告及花絮", "腾讯", "youku", "优酷", "pptv", "PPTV", "letv", "乐视", "leshi", "mgtv", "芒果", "sohu", "xigua", "fun", "风行"]}, "header": {"User-Agent": "Mozilla/5.0"}}, {"name": "爱豆", "url": "https://jx.aidouer.net/?url=", "type": 0, "ext": {"flag": ["qiyi", "imgo", "爱奇艺", "奇艺", "qq", "qq 预告及花絮", "腾讯", "youku", "优酷", "pptv", "PPTV", "letv", "乐视", "leshi", "mgtv", "芒果", "sohu", "xigua", "fun", "风行"]}, "header": {"User-Agent": "Mozilla/5.0"}}, {"name": "H8", "url": "https://www.h8jx.com/jiexi.php?url=", "type": 0, "ext": {"flag": ["qiyi", "imgo", "爱奇艺", "奇艺", "qq", "qq 预告及花絮", "腾讯", "youku", "优酷", "pptv", "PPTV", "letv", "乐视", "leshi", "mgtv", "芒果", "sohu", "xigua", "fun", "风行"]}, "header": {"User-Agent": "Mozilla/5.0"}}, {"name": "解析", "url": "https://ckmov.ccyjjd.com/ckmov/?url=", "type": 0, "ext": {"flag": ["qiyi", "imgo", "爱奇艺", "奇艺", "qq", "qq 预告及花絮", "腾讯", "youku", "优酷", "pptv", "PPTV", "letv", "乐视", "leshi", "mgtv", "芒果", "sohu", "xigua", "fun", "风行"]}, "header": {"User-Agent": "Mozilla/5.0"}}, {"name": "思古3", "url": "https://jsap.attakids.com/?url=", "type": 0, "ext": {"flag": ["qiyi", "imgo", "爱奇艺", "奇艺", "qq", "qq 预告及花絮", "腾讯", "youku", "优酷", "pptv", "PPTV", "letv", "乐视", "leshi", "mgtv", "芒果", "sohu", "xigua", "fun", "风行"]}, "header": {"User-Agent": "Mozilla/5.0"}}, {"name": "云端1", "url": "https://js.52jx.top:2525/?url=", "type": 0, "ext": {"flag": ["qiyi", "imgo", "爱奇艺", "奇艺", "qq", "qq 预告及花絮", "腾讯", "youku", "优酷", "pptv", "PPTV", "letv", "乐视", "leshi", "mgtv", "芒果", "sohu", "xigua", "fun", "风行"]}, "header": {"User-Agent": "Mozilla/5.0"}}, {"name": "云端2", "url": "https://sb.5gseo.net/?url=", "type": 0, "ext": {"flag": ["qiyi", "imgo", "爱奇艺", "奇艺", "qq", "qq 预告及花絮", "腾讯", "youku", "优酷", "pptv", "PPTV", "letv", "乐视", "leshi", "mgtv", "芒果", "sohu", "xigua", "fun", "风行"]}, "header": {"User-Agent": "Mozilla/5.0"}}, {"name": "搬运", "url": "https://jx.bynote.top/API.php?url=", "type": 1, "ext": {"flag": ["qiyi", "imgo", "爱奇艺", "奇艺", "qq", "qq 预告及花絮", "腾讯", "youku", "优酷", "pptv", "PPTV", "letv", "乐视", "leshi", "mgtv", "芒果", "sohu", "xigua", "fun", "风行"]}, "header": {"User-Agent": "Mozilla/5.0"}}, {"name": "解析第一", "url": "http://27.124.4.42:4567/jhjson/ceshi.php?url=", "type": 0, "ext": {"flag": ["qiyi", "imgo", "爱奇艺", "奇艺", "qq", "qq 预告及花絮", "腾讯", "youku", "优酷", "pptv", "PPTV", "letv", "乐视", "leshi", "mgtv", "芒果", "sohu", "xigua", "fun", "风行"]}, "header": {"User-Agent": "Mozilla/5.0"}}, {"name": "纯净1", "url": "https://z1.m1907.cn/?jx=", "type": 0, "ext": {"flag": ["qiyi", "imgo", "爱奇艺", "奇艺", "qq", "qq 预告及花絮", "腾讯", "youku", "优酷", "pptv", "PPTV", "letv", "乐视", "leshi", "mgtv", "芒果", "sohu", "xigua", "fun", "风行"]}, "header": {"User-Agent": "Mozilla/5.0"}}, {"name": "BL", "url": "https://vip.bljiex.com/?v=", "type": 0, "ext": {"flag": ["qiyi", "imgo", "爱奇艺", "奇艺", "qq", "qq 预告及花絮", "腾讯", "youku", "优酷", "pptv", "PPTV", "letv", "乐视", "leshi", "mgtv", "芒果", "sohu", "xigua", "fun", "风行"]}, "header": {"User-Agent": "Mozilla/5.0"}}, {"name": "CK", "url": "https://www.ckplayer.vip/jiexi/?url=", "type": 0, "ext": {"flag": ["qiyi", "imgo", "爱奇艺", "奇艺", "qq", "qq 预告及花絮", "腾讯", "youku", "优酷", "pptv", "PPTV", "letv", "乐视", "leshi", "mgtv", "芒果", "sohu", "xigua", "fun", "风行"]}, "header": {"User-Agent": "Mozilla/5.0"}}, {"name": "解析la", "url": "https://api.jiexi.la/?url=", "type": 0, "ext": {"flag": ["qiyi", "imgo", "爱奇艺", "奇艺", "qq", "qq 预告及花絮", "腾讯", "youku", "优酷", "pptv", "PPTV", "letv", "乐视", "leshi", "mgtv", "芒果", "sohu", "xigua", "fun", "风行"]}, "header": {"User-Agent": "Mozilla/5.0"}}, {"name": "老板", "url": "https://vip.laobandq.com/jiexi.php?url=", "type": 0, "ext": {"flag": ["qiyi", "imgo", "爱奇艺", "奇艺", "qq", "qq 预告及花絮", "腾讯", "youku", "优酷", "pptv", "PPTV", "letv", "乐视", "leshi", "mgtv", "芒果", "sohu", "xigua", "fun", "风行"]}, "header": {"User-Agent": "Mozilla/5.0"}}, {"name": "PM", "url": "https://www.playm3u8.cn/jiexi.php?url=", "type": 0, "ext": {"flag": ["qiyi", "imgo", "爱奇艺", "奇艺", "qq", "qq 预告及花絮", "腾讯", "youku", "优酷", "pptv", "PPTV", "letv", "乐视", "leshi", "mgtv", "芒果", "sohu", "xigua", "fun", "风行"]}, "header": {"User-Agent": "Mozilla/5.0"}}, {"name": "盘古", "url": "https://www.pangujiexi.cc/jiexi.php?url=", "type": 0, "ext": {"flag": ["qiyi", "imgo", "爱奇艺", "奇艺", "qq", "qq 预告及花絮", "腾讯", "youku", "优酷", "pptv", "PPTV", "letv", "乐视", "leshi", "mgtv", "芒果", "sohu", "xigua", "fun", "风行"]}, "header": {"User-Agent": "Mozilla/5.0"}}, {"name": "全民", "url": "https://jx.blbo.cc:4433/?url=", "type": 0, "ext": {"flag": ["qiyi", "imgo", "爱奇艺", "奇艺", "qq", "qq 预告及花絮", "腾讯", "youku", "优酷", "pptv", "PPTV", "letv", "乐视", "leshi", "mgtv", "芒果", "sohu", "xigua", "fun", "风行"]}, "header": {"User-Agent": "Mozilla/5.0"}}, {"name": "七哥", "url": "https://jx.mmkv.cn/tv.php?url=", "type": 0, "ext": {"flag": ["qiyi", "imgo", "爱奇艺", "奇艺", "qq", "qq 预告及花絮", "腾讯", "youku", "优酷", "pptv", "PPTV", "letv", "乐视", "leshi", "mgtv", "芒果", "sohu", "xigua", "fun", "风行"]}, "header": {"User-Agent": "Mozilla/5.0"}}, {"name": "RDHK", "url": "https://jx.rdhk.net/?v=", "type": 0, "ext": {"flag": ["qiyi", "imgo", "爱奇艺", "奇艺", "qq", "qq 预告及花絮", "腾讯", "youku", "优酷", "pptv", "PPTV", "letv", "乐视", "leshi", "mgtv", "芒果", "sohu", "xigua", "fun", "风行"]}, "header": {"User-Agent": "Mozilla/5.0"}}, {"name": "云析", "url": "https://jx.yparse.com/index.php?url=", "type": 0, "ext": {"flag": ["qiyi", "imgo", "爱奇艺", "奇艺", "qq", "qq 预告及花絮", "腾讯", "youku", "优酷", "pptv", "PPTV", "letv", "乐视", "leshi", "mgtv", "芒果", "sohu", "xigua", "fun", "风行"]}, "header": {"User-Agent": "Mozilla/5.0"}}, {"name": "180", "url": "https://jx.000180.top/jx/?url=", "type": 0, "ext": {"flag": ["qiyi", "imgo", "爱奇艺", "奇艺", "qq", "qq 预告及花絮", "腾讯", "youku", "优酷", "pptv", "PPTV", "letv", "乐视", "leshi", "mgtv", "芒果", "sohu", "xigua", "fun", "风行"]}, "header": {"User-Agent": "Mozilla/5.0"}}, {"name": "七彩", "url": "https://www.xymav.com/?url=", "type": 0, "ext": {"flag": ["qiyi", "imgo", "爱奇艺", "奇艺", "qq", "qq 预告及花絮", "腾讯", "youku", "优酷", "pptv", "PPTV", "letv", "乐视", "leshi", "mgtv", "芒果", "sohu", "xigua", "fun", "风行"]}, "header": {"User-Agent": "Mozilla/5.0"}}, {"name": "夜幕", "url": "https://www.yemu.xyz/?url=", "type": 0, "ext": {"flag": ["qiyi", "imgo", "爱奇艺", "奇艺", "qq", "qq 预告及花絮", "腾讯", "youku", "优酷", "pptv", "PPTV", "letv", "乐视", "leshi", "mgtv", "芒果", "sohu", "xigua", "fun", "风行"]}, "header": {"User-Agent": "Mozilla/5.0"}}, {"name": "1717云", "url": "https://www.1717yun.com/jx/ty.php?url=", "type": 0, "ext": {"flag": ["qiyi", "imgo", "爱奇艺", "奇艺", "qq", "qq 预告及花絮", "腾讯", "youku", "优酷", "pptv", "PPTV", "letv", "乐视", "leshi", "mgtv", "芒果", "sohu", "xigua", "fun", "风行"]}, "header": {"User-Agent": "Mozilla/5.0"}}, {"name": "8090", "url": "https://www.8090g.cn/?url=", "type": 0, "ext": {"flag": ["qiyi", "imgo", "爱奇艺", "奇艺", "qq", "qq 预告及花絮", "腾讯", "youku", "优酷", "pptv", "PPTV", "letv", "乐视", "leshi", "mgtv", "芒果", "sohu", "xigua", "fun", "风行"]}, "header": {"User-Agent": "Mozilla/5.0"}}, {"name": "keyu", "type": 1, "url": "http://newjiexi.gotka.top/keyu3.php?url=", "ext": {"flag": ["qq", "腾讯", "qiyi", "爱奇艺", "奇艺", "youku", "优酷", "mgtv", "芒果", "letv", "乐视", "pptv", "PPTV", "sohu", "bilibili", "哔哩哔哩", "哔哩"], "header": {"User-Agent": "okhttp/4.1.0"}}, "header": {"User-Agent": "Mozilla/5.0"}}, {"name": "码上解析1", "type": 1, "url": "https://jx.xmflv.com/?url="}, {"name": "码上解析2", "type": 1, "url": "https://jx.googe.cc/api/bfq/?key=pDUrtM5UHLtQJGDTYl&url="}, {"name": "码上解析3", "type": 1, "url": "https://jx.xmflv.cc/?url="}, {"name": "码上解析4", "type": 1, "url": "https://jx.playerjy.com/?url="}, {"name": "码上解析5", "type": 1, "url": "https://jx.m3u8.tv/jiexi/?url="}, {"name": "码上解析6", "type": 1, "url": "https://www.8090g.cn/jiexi/?url="}, {"name": "码上解析7", "type": 1, "url": "https://www.8090.la/8090/?url="}, {"name": "码上解析8", "type": 1, "url": "http://www.jzmhtt.com/zdy/vip/?url="}, {"name": "码上解析9", "type": 1, "url": "https://www.playm3u8.cn/jiexi.php?url="}, {"name": "码上解析10", "type": 1, "url": "https://www.ckplayer.vip/jiexi/?url="}, {"name": "聚合1", "type": 3, "url": "Demo"}, {"name": "聚合0", "type": 3, "url": "Web"}, {"name": "插兜的干货仓库", "type": 1, "url": "http://jx.wogg.link:63/jiexi/饭特析.php?url="}, {"name": "解析", "type": 1, "url": "https://jx.zhanlangbu.com/?url=", "ext": {"flag": ["qq", "腾讯", "qiyi", "爱奇艺", "奇艺", "youku", "优酷", "sohu", "搜狐", "letv", "乐视", "mgtv", "芒果", "imgo", "rx", "ltnb", "bilibili", "1905", "xigua"]}}, {"name": "全部", "type": 1, "url": "https://api.json.icu/api/?key=4f8fb5042b695d5c515f6343af716af8&url="}, {"name": "来自", "type": 0, "url": "https://json.key521.cn/api/?key=df27d9ca9ec97e22c47f8565a50aa6f5&url="}, {"name": "网络", "type": 1, "url": "http://119.91.123.253:1234/Api/cs.php?url="}, {"name": "大家", "type": 0, "url": "https://jx.xmflv.com/?url=", "ext": {"flag": ["qq", "腾讯", "qiyi", "爱奇艺", "奇艺", "youku", "优酷", "mgtv", "芒果", "imgo", "letv", "乐视", "pptv", "PPTV", "sohu", "bilibili", "哔哩哔哩", "哔哩"], "header": {"User-Agent": "okhttp/4.1.0"}}}, {"name": "随便用", "type": 1, "url": "https://jx.ccabc.cc/xc/?key=5567332json&url="}, {"name": "坏了我", "type": 0, "url": "http://27.124.4.42:4567/jhjson/ceshi.php?url=", "ext": {"flag": ["qq", "腾讯", "qiyi", "爱奇艺", "奇艺", "youku", "优酷", "mgtv", "imgo", "芒果", "letv", "乐视", "pptv", "PPTV", "sohu", "bilibili", "哔哩哔哩", "哔哩"], "header": {"User-Agent": "okhttp/4.1.0"}}}, {"name": "再找来", "type": 1, "url": "http://xiaoxin.1080p.fun/home/api?type=ys&uid=91198&key=bhntuwyAJLMTUY1478&url="}, {"name": "777", "type": 0, "url": "https://jx.777jiexi.com/player/?url="}, {"name": "杰森", "type": 0, "url": "https://jx.jsonplayer.com/player/?url="}, {"name": "战狼", "type": 0, "url": "https://jx.zhanlangbu.com/?url="}, {"name": "ok", "type": 0, "url": "https://okjx.cc/?url="}, {"name": "bozrc", "type": 0, "url": "https://jx.bozrc.com:4433/player/?url=", "ext": {"flag": ["qq", "腾讯", "qiyi", "爱奇艺", "奇艺", "youku", "优酷", "mgtv", "芒果", "letv", "leshi", "LS", "pptv", "PPTV", "sohu", "bilibili", "哔哩哔哩", "哔哩"], "header": {"User-Agent": ""}}}, {"name": "不累", "type": 0, "url": "https://blbfq.f3322.net/player/analysis.php?v=", "ext": {"flag": ["qiyi", "qq", "letv", "sohu", "youku", "mgtv", "bilibili", "wasu", "xigua", "1905"]}}, {"name": "cod", "type": 0, "url": "https://ksksl.codjx.com/?url="}, {"name": "byg解析", "type": 0, "url": "https://byg.ziqj5.shop/?url="}, {"name": "xmflv", "type": 0, "url": "https://jx.xmflv.com/?url="}, {"name": "365", "type": 0, "url": "https://chaxun.truechat365.com/?url=", "ext": {"flag": ["qq", "腾讯", "qiyi", "iqiyi", "爱奇艺", "奇艺", "youku", "优酷", "mgtv", "芒果", "letv", "乐视", "pptv", "PPTV", "sohu", "bilibili", "哔哩哔哩", "哔哩"]}}, {"name": "26db", "type": 0, "url": "http://vip.26db.cn/g/?url="}, {"name": "看看", "type": 0, "url": "https://jx.m3u8.pw/?url="}, {"name": "FreeOK", "type": 0, "url": "https://play.86516.tk/OKPlayer/?url="}, {"name": "free", "type": 0, "url": "https://h5.freejson.xyz/player/?url="}], "rules": [{"name": "lz", "hosts": ["vip.lz", "hd.lz", "v.cdnlz"], "regex": ["#EXT-X-DISCONTINUITY\\r*\\n*#EXTINF:6.433333,[\\s\\S]*?#EXT-X-DISCONTINUITY", "#EXTINF.*?\\s+.*?1o.*?\\.ts\\s+"]}, {"name": "农民", "hosts": ["toutiaovod.com"], "regex": ["video/tos/cn"]}, {"name": "ff", "hosts": ["vip.ffzy", "hd.ffzy"], "regex": ["#EXT-X-DISCONTINUITY\\r*\\n*#EXTINF:6.666667,[\\s\\S]*?#EXT-X-DISCONTINUITY", "#EXTINF.*?\\s+.*?1o.*?\\.ts\\s+"]}, {"name": "bf", "hosts": ["bfzy", "s5.bfzycdn"], "regex": ["#EXT-X-DISCONTINUITY\\r*\\n*#EXTINF:3,[\\s\\S]*?#EXT-X-DISCONTINUITY"]}, {"name": "hs", "hosts": ["huoshan.com"], "regex": ["item_id="]}, {"name": "dy", "hosts": ["douyin.com"], "regex": ["is_play_url="]}, {"name": "cl", "hosts": ["magnet"], "regex": ["最 新", "直 播", "更 新"]}, {"host": "www.djuu.com", "rule": ["mp4.djuu.com", "m4a"]}, {"host": "www.sharenice.net", "rule": ["huoshan.com", "/item/video/"], "filter": []}, {"host": "www.sharenice.net", "rule": ["sovv.qianpailive.com", "vid="], "filter": []}, {"host": "www.sharenice.net", "rule": ["douyin.com", "/play/"]}, {"host": "m.ysxs8.vip", "rule": ["ysting.ysxs8.vip:81", "xmcdn.com"], "filter": []}, {"host": "hdmoli.com", "rule": [".m3u8"]}, {"host": "https://api.live.bilibili.com", "rule": ["bilivideo.com", "/index.m3u8"], "filter": ["data.bilibili.com/log/web", "i0.hdslb.com/bfs/live/"]}, {"host": "www.agemys.cc", "rule": ["cdn-tos", "obj/tos-cn"]}, {"host": "www.fun4k.com", "rule": ["https://hd.ijycnd.com/play", "index.m3u8"]}, {"host": "zjmiao.com", "rule": ["play.videomiao.vip/API.php", "time=", "key=", "path="]}], "flags": ["imgo", "优 酷", "爱 奇 艺", "腾讯视频", "优酷", "xigua", "乐视", "乐 视", "哔 哩 哔 哩", "letv", "奇艺", "芒果", "芒果TV", "bilibili", "iqiyi", "m1905", "sohu", "爱奇艺", "搜狐视频", "pptv", "tudou", "mgtv", "优酷视频", "qq", "youku", "qiyi", "哔 哩", "腾讯", "搜 狐", "腾 讯", "芒 果 T V", "搜狐", "leshi", "wasu"], "ads": ["https://lf1-cdn-tos.bytegoofy.com/obj/tos-cn-i-dy/455ccf9e8ae744378118e4bd289288dd", "iqiyi.hbuioo.com", "vip.ffzyad.com", "wan.51img1.com"]}