{
        "主页url": "https://www.03yy.co",
        "数组": "<div class=\"pic-content pic-width-2\">&&</div",
        "副标题": "<span>&&</span>",
        "嗅探词": ".mp4?#m3u8#adsmind.ugdtimg.com",
        "简介": "请勿相信影片中的广告，以免上当受骗。+<p&&</p>",
        "导演": "导演：&&</div>",
        "主演": "主演：&&</div>",
        "搜索模式": "1",
        "搜索url": "https://www.03yy.co/search.php?searchword={wd}",
        "搜索副标题": "<span>&&</span>",
        "搜索链接": "href=\"&&\"",
        "线路二次截取": "<ul id=\"playlist\">&&</ul",
        "线路数组": " <li&&li>",
        "线路标题": ">&&<",
        "分类url": "https://www.03yy.co/search.php?page={catePg}&searchtype=5&order=time&tid={cateId}&area={area}&year={year}",
        "分类": "电影$1#电视剧$2#动漫$4#综艺$3"
      }