    {
    "作者":"荷城茶秀",
    "站名":"voflix-HD", 
    "主页url":"https://www.voflix.me",
    "简介":"请勿相信影片中的广告，以免上当受骗。+module-info-introduction-content\">&&</p>",
    "导演":"导演：&&</div>",
    "主演":"主演：&&</div>",
    "影片类型":"module-info-tag\">&&立即播放",
    "影片状态":"集数：&&</div>",

//分类页面
    "数组":"<a&&/div></div></a>",
    "标题":"title=\"&&\"",
    "副标题":"note\">&&</div>",
    "图片":"data-original=\"&&\"",
    "链接":"href=\"&&\"",

//搜索页面
   "搜索url": "/search/-------------.html?wd={wd}",     //https://www.voflix.me/search/-------------.html?wd=斗破
   "搜索数组": "module-card-item-class\">&&</a>",
   "搜索标题": "alt=\"&&\"",
   "搜索副标题": "note\">&&</div>",
   "搜索图片": "data-original=\"&&\"",
   "搜索链接": "href=\"&&\"",

//播放列表
    "线路数组":"data-dropdown-value=&&</div>[不包含:夸克]",
    "线路标题":"🌸+<span>&&</small>[替换:</span><small>>>>⚡️共]+集",
    "播放数组":"<div class=\"module-play-list-content&&</div>",
    "播放标题":"<span>&&</span>",
    "播放列表":"<a&&</a>",

    //分类{cateId}，地区{area}，时间排序{by}，剧情类型{class}，语言{lang}，页面{catePg}，年份{year}
    "分类url":"https://www.voflix.me/show/{cateId}-{area}-{by}-{class}-----{catePg}---{year}.html",
    //https://www.voflix.me/show/1-中国大陆-time-喜剧-----1---2023.html

    "分类":"电影$1#电视剧$2#综艺$3#动漫$4",
    
    "筛选":{
    "1":[
    {"key":"class","name":"剧情","value":[
    {"n":"全部剧情","v":""},
    {"n":"动作","v":"动作"},
    {"n":"喜剧","v":"喜剧"},
    {"n":"爱情","v":"爱情"},
    {"n":"科幻","v":"科幻"},
    {"n":"剧情","v":"剧情"},
    {"n":"悬疑","v":"悬疑"},
    {"n":"惊悚","v":"惊悚"},
    {"n":"恐怖","v":"恐怖"},
    {"n":"犯罪","v":"犯罪"},
    {"n":"谍战","v":"谍战"},
    {"n":"冒险","v":"冒险"},
    {"n":"奇幻","v":"奇幻"},
    {"n":"灾难","v":"灾难"},
    {"n":"战争","v":"战争"},
    {"n":"动画","v":"动画"},
    {"n":"歌舞","v":"歌舞"},
    {"n":"历史","v":"历史"},
    {"n":"纪录","v":"纪录"},
    {"n":"其他","v":"其他"}
    ]
    },
    {
    "key":"area","name":"地区","value":[
    {"n":"全部地区","v":""},
    {"n":"中国大陆","v":"中国大陆"},
    {"n":"中国香港","v":"中国香港"},
    {"n":"中国台湾","v":"中国台湾"},
    {"n":"美国","v":"美国"},
    {"n":"法国","v":"法国"},
    {"n":"英国","v":"英国"},
    {"n":"日本","v":"日本"},
    {"n":"韩国","v":"韩国"},
    {"n":"德国","v":"德国"},
    {"n":"泰国","v":"泰国"},
    {"n":"印度","v":"印度"},
    {"n":"意大利","v":"意大利"},
    {"n":"西班牙","v":"西班牙"},
    {"n":"加拿大","v":"加拿大"},
    {"n":"其他","v":"其他"}
    ]
    },
    {
    "key":"lang","name":"语言","value":[
    {"n":"全部语言","v":""},
    {"n":"国语","v":"国语"},
    {"n":"英语","v":"英语"},
    {"n":"粤语","v":"粤语"},
    {"n":"闽南语","v":"闽南语"},
    {"n":"韩语","v":"韩语"},
    {"n":"日语","v":"日语"},
    {"n":"法语","v":"法语"},
    {"n":"德语","v":"德语"},
    {"n":"其它","v":"其他"}
    ]
    },
    {
    "key":"year","name":"年份","value":[
    {"n":"全部年份","v":""},
    {"n":"2023","v":"2023"},
    {"n":"2022","v":"2022"},
    {"n":"2021","v":"2021"},
    {"n":"2020","v":"2020"},
    {"n":"2019","v":"2019"},
    {"n":"2018","v":"2018"},
    {"n":"2017","v":"2017"},
    {"n":"2016","v":"2016"},
    {"n":"2015","v":"2015"},
    {"n":"2014","v":"2014"},
    {"n":"2013","v":"2013"},
    {"n":"2012","v":"2012"},
    {"n":"2011","v":"2011"},
    {"n":"2010","v":"2010"}
    ]
    },
    {
    "key":"by","name":"排序","value":[
    {"n":"全部排序","v":""},
    {"n":"时间排序","v":"time"},
    {"n":"人气排序","v":"hits"},
    {"n":"评分排序","v":"score"}
    ]
    }
    ],
    "2":[
    {
    "key":"cateId","name":"类型","value":[
    {"n":"全部类型","v":"2"},
    {"n":"国产剧","v":"6"},
    {"n":"港台剧","v":"7"},
    {"n":"日韩剧","v":"8"},
    {"n":"欧美剧","v":"9"},
    {"n":"海外剧","v":"10"},
    {"n":"其他剧","v":"11"}
    ]
    },
    {
    "key":"class","name":"剧情","value":[
    {"n":"全部剧情","v":""},
    {"n":"古装","v":"古装"},
    {"n":"战争","v":"战争"},
    {"n":"青春偶像","v":"青春偶像"},
    {"n":"喜剧","v":"喜剧"},
    {"n":"家庭","v":"家庭"},
    {"n":"犯罪","v":"犯罪"},
    {"n":"动作","v":"动作"},
    {"n":"奇幻","v":"奇幻"},
    {"n":"剧情","v":"剧情"},
    {"n":"历史","v":"历史"},
    {"n":"经典","v":"经典"},
    {"n":"乡村","v":"乡村"},
    {"n":"情景","v":"情景"},
    {"n":"悬疑","v":"悬疑"},
    {"n":"网剧","v":"网剧"},
    {"n":"其他","v":"其他"}
    ]
    },
    {
    "key":"area","name":"地区","value":[
    {"n":"全部地区","v":""},
    {"n":"中国大陆","v":"中国大陆"},
    {"n":"中国香港","v":"中国香港"},
    {"n":"中国台湾","v":"中国台湾"},
    {"n":"美国","v":"美国"},
    {"n":"法国","v":"法国"},
    {"n":"英国","v":"英国"},
    {"n":"日本","v":"日本"},
    {"n":"韩国","v":"韩国"},
    {"n":"德国","v":"德国"},
    {"n":"泰国","v":"泰国"},
    {"n":"印度","v":"印度"},
    {"n":"意大利","v":"意大利"},
    {"n":"西班牙","v":"西班牙"},
    {"n":"加拿大","v":"加拿大"},
    {"n":"其他","v":"其他"}
    ]
    },
    {
    "key":"lang","name":"语言","value":[
    {"n":"全部语言","v":""},
    {"n":"国语","v":"国语"},
    {"n":"英语","v":"英语"},
    {"n":"粤语","v":"粤语"},
    {"n":"闽南语","v":"闽南语"},
    {"n":"韩语","v":"韩语"},
    {"n":"日语","v":"日语"},
    {"n":"其它","v":"其它"}
    ]
    },
    {
    "key":"year","name":"年份","value":[
    {"n":"全部年份","v":""},
    {"n":"2023","v":"2023"},
    {"n":"2022","v":"2022"},
    {"n":"2021","v":"2021"},
    {"n":"2020","v":"2020"},
    {"n":"2019","v":"2019"},
    {"n":"2018","v":"2018"},
    {"n":"2017","v":"2017"},
    {"n":"2016","v":"2016"},
    {"n":"2015","v":"2015"},
    {"n":"2014","v":"2014"},
    {"n":"2013","v":"2013"},
    {"n":"2012","v":"2012"},
    {"n":"2011","v":"2011"},
    {"n":"2010","v":"2010"}
    ]
    },
    {
    "key":"by","name":"排序","value":[
    {"n":"全部排序","v":""},
    {"n":"时间排序","v":"time"},
    {"n":"人气排序","v":"hits"},
    {"n":"评分排序","v":"score"}
    ]
    }
    ],
    "3":[
    {
    "key":"class","name":"剧情","value":[
    {"n":"全部剧情","v":""},
    {"n":"情感","v":"情感"},
    {"n":"科幻","v":"科幻"},
    {"n":"热血","v":"热血"},
    {"n":"推理","v":"推理"},
    {"n":"搞笑","v":"搞笑"},
    {"n":"冒险","v":"冒险"},
    {"n":"萝莉","v":"萝莉"},
    {"n":"校园","v":"校园"},
    {"n":"动作","v":"动作"},
    {"n":"机战","v":"机战"},
    {"n":"运动","v":"运动"},
    {"n":"战争","v":"战争"},
    {"n":"少年","v":"少年"}
    ]
    },
    {
    "key":"area","name":"地区","value":[
    {"n":"全部地区","v":""},
    {"n":"中国大陆","v":"中国大陆"},
    {"n":"中国香港","v":"中国香港"},
    {"n":"中国台湾","v":"中国台湾"},
    {"n":"美国","v":"美国"},
    {"n":"法国","v":"法国"},
    {"n":"英国","v":"英国"},
    {"n":"日本","v":"日本"},
    {"n":"韩国","v":"韩国"},
    {"n":"德国","v":"德国"},
    {"n":"泰国","v":"泰国"},
    {"n":"印度","v":"印度"},
    {"n":"意大利","v":"意大利"},
    {"n":"西班牙","v":"西班牙"},
    {"n":"加拿大","v":"加拿大"},
    {"n":"其他","v":"其他"}
    ]
    },
    {
    "key":"lang","name":"语言","value":[
    {"n":"全部语言","v":""},
    {"n":"国语","v":"国语"},
    {"n":"英语","v":"英语"},
    {"n":"粤语","v":"粤语"},
    {"n":"闽南语","v":"闽南语"},
    {"n":"韩语","v":"韩语"},
    {"n":"日语","v":"日语"},
    {"n":"其它","v":"其它"}
    ]
    },
    {
    "key":"year","name":"年份","value":[
    {"n":"全部年份","v":""},
    {"n":"2023","v":"2023"},
    {"n":"2022","v":"2022"},
    {"n":"2021","v":"2021"},
    {"n":"2020","v":"2020"},
    {"n":"2019","v":"2019"},
    {"n":"2018","v":"2018"},
    {"n":"2017","v":"2017"},
    {"n":"2016","v":"2016"},
    {"n":"2015","v":"2015"},
    {"n":"2014","v":"2014"},
    {"n":"2013","v":"2013"},
    {"n":"2012","v":"2012"},
    {"n":"2011","v":"2011"},
    {"n":"2010","v":"2010"}
    ]
    },
    {
    "key":"by","name":"排序","value":[
    {"n":"全部排序","v":""},
    {"n":"时间排序","v":"time"},
    {"n":"人气排序","v":"hits"},
    {"n":"评分排序","v":"score"}
    ]
    }
    ],
    "4":[
    {
    "key":"class","name":"剧情","value":[
    {"n":"全部剧情","v":""},
    {"n":"脱口秀","v":"脱口秀"},
    {"n":"真人秀","v":"真人秀"},
    {"n":"选秀","v":"选秀"},
    {"n":"八卦","v":"八排"},
    {"n":"访谈","v":"访谈"},
    {"n":"情感","v":"情感"},
    {"n":"生活","v":"生活"},
    {"n":"晚会","v":"晚会"},
    {"n":"搞笑","v":"搞笑"},
    {"n":"音乐","v":"音乐"},
    {"n":"时尚","v":"时尚"},
    {"n":"游戏","v":"游戏"},
    {"n":"少儿","v":"少儿"},
    {"n":"体育","v":"体育"},
    {"n":"纪实","v":"纪实"},
    {"n":"科教","v":"科教"},
    {"n":"曲艺","v":"曲艺"},
    {"n":"歌舞","v":"歌舞"},
    {"n":"财经","v":"财经"},
    {"n":"汽车","v":"汽车"},
    {"n":"播报","v":"播报"},
    {"n":"其他","v":"其他"}
    ]
    },
    {
    "key":"area","name":"地区","value":[
    {"n":"全部地区","v":""},
    {"n":"中国大陆","v":"中国大陆"},
    {"n":"中国香港","v":"中国香港"},
    {"n":"中国台湾","v":"中国台湾"},
    {"n":"美国","v":"美国"},
    {"n":"法国","v":"法国"},
    {"n":"英国","v":"英国"},
    {"n":"日本","v":"日本"},
    {"n":"韩国","v":"韩国"},
    {"n":"德国","v":"德国"},
    {"n":"泰国","v":"泰国"},
    {"n":"印度","v":"印度"},
    {"n":"意大利","v":"意大利"},
    {"n":"西班牙","v":"西班牙"},
    {"n":"加拿大","v":"加拿大"},
    {"n":"其他","v":"其他"}
    ]
    },
    {
    "key":"lang","name":"语言","value":[
    {"n":"全部语言","v":""},
    {"n":"国语","v":"国语"},
    {"n":"英语","v":"英语"},
    {"n":"粤语","v":"粤语"},
    {"n":"闽南语","v":"闽南语"},
    {"n":"韩语","v":"韩语"},
    {"n":"日语","v":"日语"},
    {"n":"其它","v":"其它"}
    ]
    },
    {
    "key":"year","name":"年份","value":[
    {"n":"全部年份","v":""},
    {"n":"2023","v":"2023"},
    {"n":"2022","v":"2022"},
    {"n":"2021","v":"2021"},
    {"n":"2020","v":"2020"},
    {"n":"2019","v":"2019"},
    {"n":"2018","v":"2018"},
    {"n":"2017","v":"2017"},
    {"n":"2016","v":"2016"},
    {"n":"2015","v":"2015"},
    {"n":"2014","v":"2014"},
    {"n":"2013","v":"2013"},
    {"n":"2012","v":"2012"},
    {"n":"2011","v":"2011"},
    {"n":"2010","v":"2010"}
    ]
    },
    {
    "key":"by","name":"排序","value":[
    {"n":"全部排序","v":""},
    {"n":"时间排序","v":"time"},
    {"n":"人气排序","v":"hits"},
    {"n":"评分排序","v":"score"}
    ]
    }
    ]
    }
    }
    