{
        "站名": "乌鸦影视",
        "主页url": "https://wyys.wuyays.top/appto/v1/home/cateData?id=1",
        "请求头": "User-Agent$Dart/2.19 (dart:io)",
        "二次截取": "\"data\"*[&&]",
        "数组": "{&&}",
        "图片": "\"vod_pic\"*\"&&\"",
        "标题": "\"vod_name\"*\"&&\"",
        "副标题": "\"vod_remarks\"*\"&&\"",
        "链接": "https://wyys.wuyays.top/addons/apptov4/app.php/v1/vod/getVod?id=+\"vod_id\":&&,+_platform=android&__ic=lqGGz9NM4aHVoD8jSoFFcmfeQ0zcjkG0a6dOiCPe4lHMGzMEigPzyXuhccQRZf6D75pAyu5qXZa8Woq50p8Xvf11kZq38Yk6UAkKR0nWIPWyUN%2BrL68%2FTxsj%2Fs%2F%2Bdvz3d9mhjzeyYUyI71OEzzkEnw%3D%3D",
        "线路数组": "\"player_info\":{&&}",
        "线路标题": "\"show\"*\"&&\"",
        "导演": "vod_director\"*\"&&\"",
        "主演": "vod_actor\"*\"&&\"",
        "简介": "请勿相信影片中的广告，以免上当受骗。+vod_blurb\"*\"&&\"",
        "播放二次截取": "&&[替换]",
        "播放数组": "urls*\\[&&\\]",
        "播放列表": "{&&}",
        "跳转播放链接": "\"url\"*\"&&\"",
        "播放标题": "\"name\"*\"&&\"",
        "跳转解析": "默认$空#墨鸦内部$https://vip.yybjs.top/home/api?type=ys&uid=2691400&key=bcmqsvwyzACFIPY368&url=#墨鸦VIP$http://110.42.2.247:880//analysis//json//?uid=2496&my=adegilpstxyAEFOQWY&format=json&url=",
        "播放链接": "解析+\"url\"*\"&&\"",
        "搜索url": "https://wyys.wuyays.top/addons/apptov4/app.php/v1/vod/getVodSearch?wd={wd}&page=1&type",
        "搜索模式": "1",
        "分类url": "https://wyys.wuyays.top/addons/apptov4/app.php/v1/vod/getLists?area=&lang=&year=&order=time&type_id={cateId}&type_name=&page={catePg}&pageSize=21;;u0",
        "分类": "电影$1#电视剧$2#动漫$3#综艺$4"
      }