{
                "主页url": "https://www.moguys.xyz",
                "副标题": "pic-text text-right\">&&</b>",
                "搜索模式": "1",
                "搜索url": "https://www.moguys.xyz/vodsearch/{wd}----------1---.html",
                "图片": "data-original=\"&&\"",
                "嗅探词": ".mp4#m3u8#.m3u8#/tos/",
                "影片类型": "<div class=\"module-info-tag\">&&立即播放",
                "导演": "导演：&&</div>",
                "主演": "主演：&&</div>",
                "分类": "电影$movie#连续剧$tv#综艺$variety#动漫$cartoon",
                "分类url": "https://www.moguys.xyz/vodshow/{cateId}-{area}-------{catePg}---{year}.html"
            }